game,call_order,id,egpack,scene,source_text_sha256,audit_categories,review_status
TDA00,1,game_t00000,010_UAFプロローグ.egpack,010_UAFプロローグ,764D11BD1670AACD9F6BF3E8466170A2E1D6C702544A01AF5A63D419D1E39C7E,quote:inner_double_corner_quote_missing;symbol:jp_double_corner_quote_missing_or_changed,pending_manual_review
TDA00,2,game_t00001,010_UAFプロローグ.egpack,010_UAFプロローグ,DDB4E98901435A03AD3EE0E080CA53EA7C59CAF825B03420061D706704047EDC,quote:inner_double_corner_quote_missing;symbol:jp_double_corner_quote_missing_or_changed,pending_manual_review
TDA00,17,game_t00016,010_UAFプロローグ.egpack,010_UAFプロローグ,2E27A843A177D9B9E4E8B4C84084BEF77D7EC90BBFAFC6CC6D06D0F0F2D487E4,quote:inner_double_corner_quote_missing;symbol:jp_double_corner_quote_missing_or_changed,pending_manual_review
TDA00,31,game_t00030,020_UAF_DAY91_01.egpack,020_UAF_DAY91_01,2FF9E357515E6EF73E6DFBD82953B3586C037B81C60C642AD3DBD7D542ED38A7,quote:inner_double_corner_quote_missing;symbol:jp_double_corner_quote_missing_or_changed,pending_manual_review
TDA00,48,game_t00047,020_UAF_DAY91_01.egpack,020_UAF_DAY91_01,3A16137FB95DB9A801AA283EB3127227167A46584B493CBE24DA0CE135A45BFE,quote:inner_double_corner_quote_missing;symbol:jp_double_corner_quote_missing_or_changed,pending_manual_review
TDA00,133,game_t00132,020_UAF_DAY91_01.egpack,020_UAF_DAY91_01,0C36FBC418B36835BB93C092E3287A5755588CB49A578E50BD0CE5575B3C115D,quote:inner_double_corner_quote_missing;symbol:jp_double_corner_quote_missing_or_changed,pending_manual_review
TDA00,157,game_t00156,020_UAF_DAY91_01.egpack,020_UAF_DAY91_01,5484B7CE5B3B628FA912C3EC08E5ED0E5A72FD826776D5A56E21094930E80490,quote:inner_double_corner_quote_missing;symbol:jp_double_corner_quote_missing_or_changed,pending_manual_review
TDA00,192,game_t00191,020_UAF_DAY91_01.egpack,020_UAF_DAY91_01,ED9A73EBF840EEAB05D1468A22DAFAA326F7413E95731526B8F88336C3E4D902,quote:inner_double_corner_quote_missing;symbol:jp_double_corner_quote_missing_or_changed,pending_manual_review
TDA00,456,game_t00455,020_UAF_DAY91_01.egpack,020_UAF_DAY91_01,EE1F4AA3CA59C717567A542E242A8C8EE62214F052188516D93822A110960136,quote:inner_double_corner_quote_missing;symbol:jp_double_corner_quote_missing_or_changed,pending_manual_review
TDA00,650,game_t00649,030_UAF_DAY93_01.egpack,030_UAF_DAY93_01,C51BC2A2DB2E04E0557E1C41B93CFA78D8985F30D783551FE3633FED802120E8,quote:inner_double_corner_quote_missing;symbol:jp_double_corner_quote_missing_or_changed,pending_manual_review
TDA00,674,game_t00673,030_UAF_DAY93_01.egpack,030_UAF_DAY93_01,7EE837E7B9B58A1404987B88BC8DFD659301972D2350405BFF4755F3352F546E,quote:inner_double_corner_quote_missing;symbol:jp_double_corner_quote_missing_or_changed,pending_manual_review
TDA00,692,game_t00691,030_UAF_DAY93_01.egpack,030_UAF_DAY93_01,F1191E9CC663B28FB5D4599905E7259AC7DE1DEABFE50058C1452734BED90DB2,quote:inner_double_corner_quote_missing;symbol:jp_double_corner_quote_missing_or_changed,pending_manual_review
TDA00,740,game_t00739,030_UAF_DAY93_01.egpack,030_UAF_DAY93_01,5162235DC0048C09B299CAAE40D42ED3875C3F988A3C736A96B54EEEA35E1E7C,quote:cn_added_corner_quote;symbol:symbol_count_mismatch,pending_manual_review
TDA00,759,game_t00758,030_UAF_DAY93_01.egpack,030_UAF_DAY93_01,23E57039E54B6C791C1FA9B2585D56FBF2D46DB98EE25D9F26F5CD4F7F1D56A6,quote:inner_double_corner_quote_missing;symbol:jp_double_corner_quote_missing_or_changed,pending_manual_review
TDA00,801,game_t00800,030_UAF_DAY93_01.egpack,030_UAF_DAY93_01,A2C786CC678179447A98BB31F9FFF6BAE7AF07F745AC40CF247224B0675651DA,quote:inner_double_corner_quote_changed;symbol:jp_double_corner_quote_missing_or_changed,pending_manual_review
TDA00,804,game_t00803,030_UAF_DAY93_01.egpack,030_UAF_DAY93_01,A4D4B19406A09391C33E3B9BEF9AC36268DE867EF934A72A0F03952B95060D8B,quote:inner_double_corner_quote_missing;symbol:jp_double_corner_quote_missing_or_changed,pending_manual_review
TDA00,813,game_t00812,030_UAF_DAY93_01.egpack,030_UAF_DAY93_01,03DB81F6FD02175B5C2D2D105146D578BBEAD6CC245FF3C19A73AC5A91D1FB3B,quote:inner_double_corner_quote_missing;symbol:jp_double_corner_quote_missing_or_changed,pending_manual_review
TDA00,814,game_t00813,030_UAF_DAY93_01.egpack,030_UAF_DAY93_01,A595BB9B88FA3B35EE45908F1167D6C6585027D6AC161BACA7D0EE854B7B1E49,quote:inner_double_corner_quote_missing;symbol:jp_double_corner_quote_missing_or_changed,pending_manual_review
TDA00,825,game_t00824,030_UAF_DAY93_01.egpack,030_UAF_DAY93_01,2F601BEEFC8078EA2AB0B395C046EBCC9E7C5446E02F2458354B7DA3CF89737A,quote:inner_double_corner_quote_missing;symbol:jp_double_corner_quote_missing_or_changed,pending_manual_review
TDA00,849,game_t00848,030_UAF_DAY93_01.egpack,030_UAF_DAY93_01,2C4960D02EC93AAF0E4CC95617BA160F5EE033CE733C018AE48E760D1DCCBAD0,quote:inner_double_corner_quote_missing;symbol:jp_double_corner_quote_missing_or_changed,pending_manual_review
TDA00,857,game_t00856,030_UAF_DAY93_01.egpack,030_UAF_DAY93_01,1E58866EF27FA51837201D18EF3064E8C67BDE2D3B33FCC1941100AA56D6AC4D,quote:inner_double_corner_quote_missing;symbol:jp_double_corner_quote_missing_or_changed,pending_manual_review
TDA00,904,game_t00903,030_UAF_DAY93_01.egpack,030_UAF_DAY93_01,F0009B9148EDE6D15D8B63614886AC4ED1BEDDF7D46B9A620D4CD3DC160B792A,quote:inner_double_corner_quote_missing;symbol:jp_double_corner_quote_missing_or_changed,pending_manual_review
TDA00,915,game_t00914,030_UAF_DAY93_01.egpack,030_UAF_DAY93_01,E3D826A86E5E3730B1E01119399C2A46D00E8F6D1E19C2BF6E7509ADCA3BCC80,quote:inner_double_corner_quote_missing;symbol:jp_double_corner_quote_missing_or_changed,pending_manual_review
TDA00,949,game_t00948,040_UAF_DAY94_01.egpack,040_UAF_DAY94_01,454733FD7D97C71FD314D7EF0E2D54318B8DC583C02068503A45028B39C2CB5A,quote:inner_double_corner_quote_missing;symbol:jp_double_corner_quote_missing_or_changed,pending_manual_review
TDA00,954,game_t00953,040_UAF_DAY94_01.egpack,040_UAF_DAY94_01,0835276558D34D66DDD327F35E2A06EA0BECD5547769E49201912C4E24CF4A30,symbol:symbol_count_mismatch,pending_manual_review
TDA00,993,game_t00992,040_UAF_DAY94_01.egpack,040_UAF_DAY94_01,415DCC037EFB702951CCD399538EDD1E157ACDA75A1AAC603A279D78D01294B9,quote:inner_double_corner_quote_missing;symbol:jp_double_corner_quote_missing_or_changed,pending_manual_review
TDA00,1071,game_t01070,040_UAF_DAY94_01.egpack,040_UAF_DAY94_01,7FF7E348E8DE3A0C533A37E894698C7555DBBD58302FCE7C386ED99271267DAB,quote:inner_double_corner_quote_missing;symbol:jp_double_corner_quote_missing_or_changed,pending_manual_review
TDA00,1169,game_t01168,040_UAF_DAY94_01.egpack,040_UAF_DAY94_01,5072F116ED9F14E9FEB91904FA2DA672D8629141557F24237C1B75528552AD49,quote:inner_double_corner_quote_missing;symbol:jp_double_corner_quote_missing_or_changed,pending_manual_review
TDA00,1176,game_t01175,040_UAF_DAY94_01.egpack,040_UAF_DAY94_01,6846841DA8C991BFAAE5A99B35863F099AE6504F7511C1E9055C65026739BC00,quote:inner_double_corner_quote_missing;symbol:jp_double_corner_quote_missing_or_changed,pending_manual_review
TDA00,1217,game_t01216,040_UAF_DAY94_01.egpack,040_UAF_DAY94_01,0810BEAE3A9E2A76677CECFCFC4A57E5C0BE9771802BAAE82DC91484BFE3FFA7,quote:inner_double_corner_quote_missing;symbol:jp_double_corner_quote_missing_or_changed,pending_manual_review
TDA00,1219,game_t01218,040_UAF_DAY94_01.egpack,040_UAF_DAY94_01,4BF20F6A6DD9A9E8ABFEA901EBA4405713F549987B400F369E696CFC93EFA8C7,quote:inner_double_corner_quote_changed;symbol:jp_double_corner_quote_missing_or_changed,pending_manual_review
TDA00,1229,game_t01228,040_UAF_DAY94_01.egpack,040_UAF_DAY94_01,B26F6DB0DB56BCE02561F6918FC9F2FF1FA39F69880F909DBBB9B7F0102B383B,quote:inner_double_corner_quote_changed;symbol:jp_double_corner_quote_missing_or_changed,pending_manual_review
TDA00,1233,game_t01232,040_UAF_DAY94_01.egpack,040_UAF_DAY94_01,3AC8F9550559848EB0659A8A7B37F6ED2B2D5318C6DE03A287E8F7F4EB5073A5,quote:inner_double_corner_quote_changed;symbol:jp_double_corner_quote_missing_or_changed,pending_manual_review
TDA00,1244,game_t01243,040_UAF_DAY94_01.egpack,040_UAF_DAY94_01,4D27678AD6162598193A106D9091D7B6CB14448F51C59EA96704B817ED116B50,quote:inner_double_corner_quote_missing;symbol:jp_double_corner_quote_missing_or_changed,pending_manual_review
TDA00,1261,game_t01260,040_UAF_DAY94_01.egpack,040_UAF_DAY94_01,FFB35286EE9178CEA166D97171E1613D41B426D7A70E9490E7460482D3FE7895,quote:inner_double_corner_quote_missing;symbol:jp_double_corner_quote_missing_or_changed,pending_manual_review
TDA00,1291,game_t01290,040_UAF_DAY94_01.egpack,040_UAF_DAY94_01,ABAD65BCF5AF97A5090A12C7915B1CF89BF3666E3C3B11C84880516C9EFF48F9,quote:inner_double_corner_quote_missing;symbol:jp_double_corner_quote_missing_or_changed,pending_manual_review
TDA00,1292,game_t01291,040_UAF_DAY94_01.egpack,040_UAF_DAY94_01,FE2AA7D37DE55DD7128304C0E48203B45A2FB3A18EFE95991CA89654CB725DE2,quote:inner_double_corner_quote_missing;symbol:jp_double_corner_quote_missing_or_changed,pending_manual_review
TDA00,1401,game_t01400,040_UAF_DAY94_01.egpack,040_UAF_DAY94_01,3E41D15A56279C983B8BA99A8B93FEC5F18213AD5CF229D8B877E4636C0B48C0,quote:inner_double_corner_quote_missing;symbol:jp_double_corner_quote_missing_or_changed,pending_manual_review
TDA00,1434,game_t01433,040_UAF_DAY94_01.egpack,040_UAF_DAY94_01,4D0ADA2CF100C7756570FF433D46AB82A02D93ED6F7F4BE2153520E025081D66,quote:inner_double_corner_quote_missing;symbol:jp_double_corner_quote_missing_or_changed,pending_manual_review
TDA00,1477,game_t01476,040_UAF_DAY94_01.egpack,040_UAF_DAY94_01,6A9D89254B4E6B34B68703E08136B0ECD09097BB5B382ABED06245A60B863B84,quote:inner_double_corner_quote_missing;symbol:jp_double_corner_quote_missing_or_changed,pending_manual_review
TDA00,1489,game_t01488,040_UAF_DAY94_01.egpack,040_UAF_DAY94_01,FF10AC45246BD03DC0F4A3C61E6BD135EF3E20B0C7709FD215FB35DC25C097AF,quote:inner_double_corner_quote_missing;symbol:jp_double_corner_quote_missing_or_changed,pending_manual_review
TDA00,1526,game_t01525,040_UAF_DAY94_01.egpack,040_UAF_DAY94_01,3F48AA160C4FF3730CD2D8B1C632EAEBD40068EACD56130DDF5943F69CFB7855,quote:inner_double_corner_quote_missing;symbol:jp_double_corner_quote_missing_or_changed,pending_manual_review
TDA00,1551,game_t01550,040_UAF_DAY94_01.egpack,040_UAF_DAY94_01,BA150BD8F6271B5663E7A27BBFCA31DA7AE9BAADC6A1C783DA9C922BC2180B67,quote:inner_double_corner_quote_missing;symbol:jp_double_corner_quote_missing_or_changed,pending_manual_review
TDA00,1675,game_t01674,050_UAF_DAY95_01.egpack,050_UAF_DAY95_01,6FBA57CFCF5F79FB5DBAE20F4E67A95CAFCE7971E8FD4FFEC150DF94D1910671,quote:inner_double_corner_quote_missing;symbol:jp_double_corner_quote_missing_or_changed,pending_manual_review
TDA00,1778,game_t01777,050_UAF_DAY95_01.egpack,050_UAF_DAY95_01,235C0754CBF334F35D9E6C1140603D8A2AA411773986A38904F677944301EAA8,quote:inner_corner_quote_changed_or_missing;symbol:jp_corner_quote_count_mismatch,pending_manual_review
TDA00,1928,game_t01927,050_UAF_DAY95_01.egpack,050_UAF_DAY95_01,520B7E704E2F6CA6C753EAC7948A33BC78879DC931633EE48792DFAC08796860,quote:inner_double_corner_quote_missing;symbol:jp_double_corner_quote_missing_or_changed,pending_manual_review
TDA00,1988,game_t01987,050_UAF_DAY95_01.egpack,050_UAF_DAY95_01,51F9AC70EAB355BF86A322E36620EBCCFF3DAB3010ABE8C7B9C17CD65E700DF2,quote:inner_corner_quote_changed_or_missing;symbol:jp_corner_quote_changed_to_curly_double,pending_manual_review
TDA00,2046,game_t02045,060_UAF_DAY96_01.egpack,060_UAF_DAY96_01,2213067AB6D6EE89965ABD34A701EE99E6F2A2C26019092A89BED4BF220A5258,quote:inner_double_corner_quote_missing;symbol:jp_double_corner_quote_missing_or_changed,pending_manual_review
TDA00,2095,game_t02094,060_UAF_DAY96_01.egpack,060_UAF_DAY96_01,3D80F2A1DA3120EBDEFACA3900F915E1165881CD46D2454838ABC8714E03ED37,quote:inner_double_corner_quote_missing;symbol:jp_double_corner_quote_missing_or_changed,pending_manual_review
TDA00,2135,game_t02134,060_UAF_DAY96_01.egpack,060_UAF_DAY96_01,0CD7506AB2303838CD499A88F96CCA15CF52C2947686C8887BF268B15A7E8F17,quote:inner_double_corner_quote_missing;symbol:jp_double_corner_quote_missing_or_changed,pending_manual_review
TDA00,2173,game_t02172,060_UAF_DAY96_01.egpack,060_UAF_DAY96_01,71DAFC3518E27DB78586E8587170A7BB8EC8949A5D7C55051F83A5B9B5D52A11,quote:inner_double_corner_quote_changed;symbol:jp_double_corner_quote_missing_or_changed,pending_manual_review
TDA00,2430,game_t02429,060_UAF_DAY96_01.egpack,060_UAF_DAY96_01,D0C380DA15FE849A21716AA8B251EC1B2F852F26E1D842CFC76822CAB6373B88,quote:outer_dialogue_quote_edge_mismatch;symbol:symbol_count_mismatch,pending_manual_review
TDA00,2475,game_t02474,060_UAF_DAY96_01.egpack,060_UAF_DAY96_01,C63F6101F04CAC00FB4E40C7FB337B5E5610D41FAE12822B4084C4EAC148CEEA,quote:inner_double_corner_quote_missing;symbol:jp_double_corner_quote_missing_or_changed,pending_manual_review
TDA00,2501,game_t02500,060_UAF_DAY96_01.egpack,060_UAF_DAY96_01,2C7F1548F0D86C7172433FE8E2E05BD90820C938CD980C7C648B7D29D3EE1D3D,quote:inner_double_corner_quote_missing;symbol:jp_double_corner_quote_missing_or_changed,pending_manual_review
TDA00,2784,game_t02783,070_UAF_DAY97_01.egpack,070_UAF_DAY97_01,0CA6DD258C8CE76BEDDD8FF9412F42C9EA84F9DFE03E9BD59423CE0BD4BD501E,quote:inner_corner_quote_changed_or_missing;symbol:jp_corner_quote_changed_to_curly_double,pending_manual_review
TDA00,2905,game_t02904,080_UAF_DAY98_01.egpack,080_UAF_DAY98_01,084D1C8F357950FA4771D3510E93F804CBBCDC46A87C8935BD3644ADF27B8843,quote:inner_double_corner_quote_missing;symbol:jp_double_corner_quote_missing_or_changed,pending_manual_review
TDA00,2919,game_t02918,090_UAF_DAY99_01.egpack,090_UAF_DAY99_01,CFCF190CC4BA9ABCF2C20461620636857B4A0CA5085FBCDFCF3B229B6EFE736F,symbol:symbol_count_mismatch,pending_manual_review
TDA00,2955,game_t02954,090_UAF_DAY99_01.egpack,090_UAF_DAY99_01,C770B62175A6CB88D5CAAFD7E4AC0FD3D3BE00624CB7BD8D1C826D292211710C,quote:inner_double_corner_quote_missing;symbol:jp_double_corner_quote_missing_or_changed,pending_manual_review
TDA00,3017,game_t03016,090_UAF_DAY99_01.egpack,090_UAF_DAY99_01,BE9C2CBFA9C8BDFD727989E93EF3A2B2C2CC9A15EC1B22D96B4F63689123A5F8,quote:inner_double_corner_quote_missing;symbol:jp_double_corner_quote_missing_or_changed,pending_manual_review
TDA00,3059,game_t03058,090_UAF_DAY99_01.egpack,090_UAF_DAY99_01,763990E204CFF0718BA6C87347AA6B20C38216188695A8DD1031652D4815C231,quote:inner_double_corner_quote_missing;symbol:jp_double_corner_quote_missing_or_changed,pending_manual_review
TDA00,3060,game_t03059,090_UAF_DAY99_01.egpack,090_UAF_DAY99_01,4A64A1F4CFCEDF79D197374C74D4F9BFB3A00D080182D9194DE3C15C16E17594,quote:inner_double_corner_quote_missing;symbol:jp_double_corner_quote_missing_or_changed,pending_manual_review
TDA00,3071,game_t03070,090_UAF_DAY99_01.egpack,090_UAF_DAY99_01,D665E472614D4457DC519A1D414D96368A557D93A318D973EFCF7202791144AF,quote:inner_double_corner_quote_missing;symbol:jp_double_corner_quote_missing_or_changed,pending_manual_review
TDA00,3120,game_t03119,090_UAF_DAY99_01.egpack,090_UAF_DAY99_01,CBC5D165E8F870AD835D1B48F88AD466E7815E623A26FDD67FBE5443A8C99893,quote:inner_double_corner_quote_missing;symbol:jp_double_corner_quote_missing_or_changed,pending_manual_review
TDA00,3130,game_t03129,090_UAF_DAY99_01.egpack,090_UAF_DAY99_01,AEC926299D2E7DFF199805EEE58A374E9DE78CD88F6DA4DEA1DD12E184279D12,quote:inner_double_corner_quote_missing;symbol:jp_double_corner_quote_missing_or_changed,pending_manual_review
TDA00,3142,game_t03141,090_UAF_DAY99_01.egpack,090_UAF_DAY99_01,C57F3864B11E0E9B2403F13FA7B9C862EE1D3A89F8745AD0FD00BEF525235F7A,quote:inner_double_corner_quote_missing;symbol:jp_double_corner_quote_missing_or_changed,pending_manual_review
TDA00,3149,game_t03148,090_UAF_DAY99_01.egpack,090_UAF_DAY99_01,4B1B946B588BC3AEC0D052AE2DBB7CDA8D9B1EFE3F833FB30637137564EDBCDC,quote:inner_double_corner_quote_missing;symbol:jp_double_corner_quote_missing_or_changed,pending_manual_review
TDA00,3175,game_t03174,090_UAF_DAY99_01.egpack,090_UAF_DAY99_01,271E0036DC9C6B2E837AC0BF0A36B26CEFCBD63BE8C57983FFFCB0BFDFBA4159,quote:inner_double_corner_quote_missing;symbol:jp_double_corner_quote_missing_or_changed,pending_manual_review
TDA00,3207,game_t03206,090_UAF_DAY99_01.egpack,090_UAF_DAY99_01,45DB777C22D30DE35B08301C78DFD5D00BBE1BACEEB21F497BC78C83CC21A537,quote:inner_double_corner_quote_missing;symbol:jp_double_corner_quote_missing_or_changed,pending_manual_review
TDA00,3370,game_t03369,090_UAF_DAY99_02.egpack,090_UAF_DAY99_02,8CAF2754B6CA87B4D3EB8F50B8B2B185329F32FE9170F665C9537C4DA38F1E09,quote:inner_double_corner_quote_missing;symbol:jp_double_corner_quote_missing_or_changed,pending_manual_review
TDA00,3463,game_t03462,090_UAF_DAY99_02.egpack,090_UAF_DAY99_02,06448865297D3795952080A00756D7516530792E08E7473FF2A2B248FF52D356,quote:inner_double_corner_quote_missing;symbol:jp_double_corner_quote_missing_or_changed,pending_manual_review
TDA00,3581,game_t03580,090_UAF_DAY99_03.egpack,090_UAF_DAY99_03,F0DB0A4E91A4FC54CB1435177B0B28939008A13E9CEB69C0A76C00B35615EDF0,quote:inner_double_corner_quote_missing;symbol:jp_double_corner_quote_missing_or_changed,pending_manual_review
TDA00,3620,game_t03619,090_UAF_DAY99_03.egpack,090_UAF_DAY99_03,3DCD7E9AB7D0995FAD74E9AC8F9F60FBAEA38FE24E1F18C8F0634568C0B8F4DB,quote:inner_double_corner_quote_missing;symbol:jp_double_corner_quote_missing_or_changed,pending_manual_review
TDA01,273,game_t00272,020_起_第６次シアトル防衛線01.egpack,020_起_第６次シアトル防衛線01,46E2C62F23352460AFA6C74EF71D7B167B94157303E09C2518DC15A2243F0DC4,quote:inner_double_corner_quote_changed;symbol:jp_double_corner_quote_missing_or_changed,pending_manual_review
TDA01,284,game_t00283,020_起_第６次シアトル防衛線01.egpack,020_起_第６次シアトル防衛線01,9C3B920BC658CE2602C3F061D97C9913695FC54723F4ED508CA6D32AF61A3266,quote:outer_dialogue_quote_missing_or_broken;symbol:jp_corner_quote_count_mismatch,pending_manual_review
TDA01,553,game_t00552,020_起_第６次シアトル防衛線01.egpack,020_起_第６次シアトル防衛線01,C2E2B447A1FE022A4350DB5A8B013EC00ECE2B5FAC9B17981C428700726C4D1F,quote:inner_double_corner_quote_missing;symbol:jp_double_corner_quote_missing_or_changed,pending_manual_review
TDA01,621,game_t00620,040_承_2005_10_07 デブリーフィング・顔合わせ01.egpack,040_承_2005_10_07 デブリーフィング・顔合わせ01,90CFB0A257285B05E15A73E2EB4C4745A8587B3282E493F1C161232E9F321FAE,quote:inner_double_corner_quote_missing;symbol:jp_double_corner_quote_missing_or_changed,pending_manual_review
TDA01,668,game_t00667,040_承_2005_10_07 デブリーフィング・顔合わせ01.egpack,040_承_2005_10_07 デブリーフィング・顔合わせ01,4A287FAE9C9F2529CE5650BCAB0F823EEFCA37BB2A12BE5828DDB9506A0CCB24,quote:inner_corner_quote_changed_or_missing;symbol:jp_corner_quote_changed_to_curly_double,pending_manual_review
TDA01,703,game_t00702,040_承_2005_10_07 デブリーフィング・顔合わせ01.egpack,040_承_2005_10_07 デブリーフィング・顔合わせ01,FF59FB2436442AD33F0C049D3B11CB753A0DFE29441D89B3D16461C4EFDB7054,quote:outer_dialogue_quote_edge_mismatch,pending_manual_review
TDA01,718,game_t00717,040_承_2005_10_07 デブリーフィング・顔合わせ01.egpack,040_承_2005_10_07 デブリーフィング・顔合わせ01,0223D2B77C679935171754548D2279522DEDA702DA63E81A84AC6C0F66716F11,quote:inner_double_corner_quote_missing;symbol:jp_double_corner_quote_missing_or_changed,pending_manual_review
TDA01,807,game_t00806,040_承_2005_10_07 デブリーフィング・顔合わせ01.egpack,040_承_2005_10_07 デブリーフィング・顔合わせ01,375A535417015BFA15C20EDB7E7EB5FE95BE8003F84B8BDE6F2C2BA6B48F7D1B,quote:outer_dialogue_quote_edge_mismatch,pending_manual_review
TDA01,873,game_t00872,040_承_2005_10_07 デブリーフィング・顔合わせ01.egpack,040_承_2005_10_07 デブリーフィング・顔合わせ01,2924D646F61120470E075C281564FF7E85225788D2D787A448EF861E769FC8FD,quote:outer_dialogue_quote_edge_mismatch,pending_manual_review
TDA01,1075,game_t01074,040_承_2005_10_07 デブリーフィング・顔合わせ01.egpack,040_承_2005_10_07 デブリーフィング・顔合わせ01,A9D1A1D32BF023B1194FC452D100C6FA6307CD05FF5B561C73036C92C54AF659,quote:outer_dialogue_quote_edge_mismatch,pending_manual_review
TDA01,1079,game_t01078,040_承_2005_10_07 デブリーフィング・顔合わせ01.egpack,040_承_2005_10_07 デブリーフィング・顔合わせ01,312786112341C766F624A32D348D077853FA0036872E184F46ED3E6779723DFF,quote:outer_dialogue_quote_edge_mismatch,pending_manual_review
TDA01,1090,game_t01089,040_承_2005_10_07 デブリーフィング・顔合わせ01.egpack,040_承_2005_10_07 デブリーフィング・顔合わせ01,39460D49871D334E8E1C5AF214CF7D1B2D6A1213703F8F926FA277B5FD386978,symbol:symbol_count_mismatch,pending_manual_review
TDA01,1139,game_t01138,040_承_2005_10_07 デブリーフィング・顔合わせ01.egpack,040_承_2005_10_07 デブリーフィング・顔合わせ01,098C23283C4B32637F7DF04FF118897DFE692FAE1B1225975A7FC75D85366385,quote:outer_dialogue_quote_edge_mismatch,pending_manual_review
TDA01,1187,game_t01186,040_承_2005_10_07 デブリーフィング・顔合わせ01.egpack,040_承_2005_10_07 デブリーフィング・顔合わせ01,54C37878D795D89253562C120112C320A9DC98E95CE3D7F3039F3CD9354D283F,symbol:symbol_count_mismatch,pending_manual_review
TDA01,1215,game_t01214,040_承_2005_10_07 デブリーフィング・顔合わせ01.egpack,040_承_2005_10_07 デブリーフィング・顔合わせ01,43E7668F6F93A80BD1A7E481048BAF52E815E777B92390E42A5FBE3D96E39B93,quote:outer_dialogue_quote_edge_mismatch,pending_manual_review
TDA01,1263,game_t01262,040_承_2005_10_07 デブリーフィング・顔合わせ01.egpack,040_承_2005_10_07 デブリーフィング・顔合わせ01,2D6BB57F01DDD9E1C8006338F081724DF93605749EBBB25CE58DD8A932157163,quote:outer_dialogue_quote_edge_mismatch,pending_manual_review
TDA01,1277,game_t01276,040_承_2005_10_07 デブリーフィング・顔合わせ01.egpack,040_承_2005_10_07 デブリーフィング・顔合わせ01,7C977CBC329DDC7F6A915145C2746AE5B85A2E028A6F52799F08C24F91F0161A,quote:outer_dialogue_quote_edge_mismatch,pending_manual_review
TDA01,1331,game_t01330,040_承_2005_10_07 デブリーフィング・顔合わせ01.egpack,040_承_2005_10_07 デブリーフィング・顔合わせ01,484FB792113CFC30C46AF1B1B60F8E06F0B3DAD2E891EC0DD6AFED4238432A7E,quote:outer_dialogue_quote_edge_mismatch,pending_manual_review
TDA01,1332,game_t01331,040_承_2005_10_07 デブリーフィング・顔合わせ01.egpack,040_承_2005_10_07 デブリーフィング・顔合わせ01,8600190435F32EE1FB4935BE1AC969715FEA47FE2D73F1AA05CA4A6A1D8680FC,quote:outer_dialogue_quote_edge_mismatch,pending_manual_review
TDA01,1662,game_t01661,040_承_2005_10_07 デブリーフィング・顔合わせ01.egpack,040_承_2005_10_07 デブリーフィング・顔合わせ01,C9AA2F7CACCEB1767661CE8AAE6AF3160CD7A4C429FA2D2D9BD6F401077570A3,quote:inner_double_corner_quote_missing;symbol:jp_double_corner_quote_missing_or_changed,pending_manual_review
TDA01,1663,game_t01662,040_承_2005_10_07 デブリーフィング・顔合わせ01.egpack,040_承_2005_10_07 デブリーフィング・顔合わせ01,DDD8E155DE080343B626527F326489D658E68B1C56DB61EB708B9AD78B29B98D,quote:inner_double_corner_quote_missing;symbol:jp_double_corner_quote_missing_or_changed,pending_manual_review
TDA01,1664,game_t01663,040_承_2005_10_07 デブリーフィング・顔合わせ01.egpack,040_承_2005_10_07 デブリーフィング・顔合わせ01,E90F6F7C095700DB61330EE92FA7A7DC5690FD66CF13AA9329AD4E3F742EB313,quote:inner_double_corner_quote_missing;symbol:jp_double_corner_quote_missing_or_changed,pending_manual_review
TDA01,1797,game_t01796,050_承_2005_10_08 軍葬・ハンガー・宿舎01.egpack,050_承_2005_10_08 軍葬・ハンガー・宿舎01,FB1153CD50340852717015E0C378619CC5839E6289118B3B38120331FCEFC792,quote:inner_double_corner_quote_missing;symbol:jp_double_corner_quote_missing_or_changed,pending_manual_review
TDA01,1988,game_t01987,050_承_2005_10_08 軍葬・ハンガー・宿舎01.egpack,050_承_2005_10_08 軍葬・ハンガー・宿舎01,DFD1E577C5B9B266B614B60DD9237D4096265B15C7848616B15B16E16BAC12C8,quote:inner_double_corner_quote_missing;symbol:jp_double_corner_quote_missing_or_changed,pending_manual_review
TDA01,2016,game_t02015,050_承_2005_10_08 軍葬・ハンガー・宿舎01.egpack,050_承_2005_10_08 軍葬・ハンガー・宿舎01,CDDDF11CE32CC1CFCFDEC4F4161EA90CECE9BEB99E2195715B1B36217841FF64,quote:inner_double_corner_quote_missing;symbol:jp_double_corner_quote_missing_or_changed,pending_manual_review
TDA01,2033,game_t02032,050_承_2005_10_08 軍葬・ハンガー・宿舎01.egpack,050_承_2005_10_08 軍葬・ハンガー・宿舎01,7E3DAC5F6C31B4C04D7C2CA4C43F7B1691657DC8578CFB314B9D14D3A55470C2,quote:inner_double_corner_quote_missing;symbol:jp_double_corner_quote_missing_or_changed,pending_manual_review
TDA01,2289,game_t02288,050_承_2005_10_08 軍葬・ハンガー・宿舎01.egpack,050_承_2005_10_08 軍葬・ハンガー・宿舎01,828E7A8D4AEE35527C84ED3094417A84C5B0641C735EA869DC5D8B34F009018C,quote:inner_corner_quote_changed_or_missing;symbol:jp_corner_quote_changed_to_curly_double,pending_manual_review
TDA01,2328,game_t02327,050_承_2005_10_08 軍葬・ハンガー・宿舎01.egpack,050_承_2005_10_08 軍葬・ハンガー・宿舎01,BB2346468AC5F5C3FC4EB427B6DB18DEB86E881E8AE6350FB9A8CA53899BAF4D,quote:inner_double_corner_quote_missing;symbol:jp_double_corner_quote_missing_or_changed,pending_manual_review
TDA01,2334,game_t02333,050_承_2005_10_08 軍葬・ハンガー・宿舎01.egpack,050_承_2005_10_08 軍葬・ハンガー・宿舎01,E58E570B7DA67819316B1D878102FA90FD3FD4536168AA3E6C50A45BFE14DF7B,quote:inner_double_corner_quote_missing;symbol:jp_double_corner_quote_missing_or_changed,pending_manual_review
TDA01,2351,game_t02350,050_承_2005_10_08 軍葬・ハンガー・宿舎01.egpack,050_承_2005_10_08 軍葬・ハンガー・宿舎01,85D015A6EA72C10E9DB89CB6C3A5129E73168F87A680957823E5BFA6BCCB783F,quote:inner_double_corner_quote_missing;symbol:jp_double_corner_quote_missing_or_changed,pending_manual_review
TDA01,2984,game_t02983,060_承_2005_10_10 まりも・警備任務プレ01.egpack,060_承_2005_10_10 まりも・警備任務プレ01,44E52E96FCE2E71F738FB332B2EE573C9BE53C1BC0A7E6DFB3290A87406639C2,quote:outer_dialogue_quote_edge_mismatch,pending_manual_review
TDA01,2986,game_t02985,060_承_2005_10_10 まりも・警備任務プレ01.egpack,060_承_2005_10_10 まりも・警備任務プレ01,E2002E2046C50846869D1F54B88D1BDC871BFC8210C5F290037A56CD1FFF3A23,quote:outer_dialogue_quote_edge_mismatch,pending_manual_review
TDA01,3044,game_t03043,060_承_2005_10_10 まりも・警備任務プレ01.egpack,060_承_2005_10_10 まりも・警備任務プレ01,257A71776F80BDECBC34B4545D6D68E19B61302A230065264FAB61815BB6E8F7,quote:outer_dialogue_quote_edge_mismatch,pending_manual_review
TDA01,3157,game_t03156,060_承_2005_10_10 まりも・警備任務プレ01.egpack,060_承_2005_10_10 まりも・警備任務プレ01,798A1E23E807042B5CE843FDA2AC679A68A8CCE27450730E64DE33EA943ECD15,quote:outer_dialogue_quote_edge_mismatch,pending_manual_review
TDA01,3256,game_t03255,060_承_2005_10_10 まりも・警備任務プレ01.egpack,060_承_2005_10_10 まりも・警備任務プレ01,3C8B4F064B45BF6563E41D63811A66B871DCCB592C6C76129987510E4D33DB78,quote:inner_double_corner_quote_missing;symbol:jp_double_corner_quote_missing_or_changed,pending_manual_review
TDA01,3332,game_t03331,060_承_2005_10_10 まりも・警備任務プレ01.egpack,060_承_2005_10_10 まりも・警備任務プレ01,AD918ED8C918E3EB3C9CBDCCB7C6FFC7545E4BC15254B6AAC83B66C1151076DD,symbol:symbol_count_mismatch,pending_manual_review
TDA01,3615,game_t03614,060_承_2005_10_10 まりも・警備任務プレ01.egpack,060_承_2005_10_10 まりも・警備任務プレ01,F0B973831C7A1C21BECA820D6EF6F40C0BEB47DF4F5E88C65BE35336D2596E26,quote:inner_corner_quote_changed_or_missing;symbol:jp_corner_quote_count_mismatch,pending_manual_review
TDA01,3616,game_t03615,060_承_2005_10_10 まりも・警備任務プレ01.egpack,060_承_2005_10_10 まりも・警備任務プレ01,DFA51B91318F1255F9BA0B8CC9EEDD6ECF97193B810098B6110CF5E6AC81B70E,quote:inner_corner_quote_changed_or_missing;symbol:jp_corner_quote_count_mismatch,pending_manual_review
TDA01,3743,game_t03742,060_承_2005_10_10 まりも・警備任務プレ01.egpack,060_承_2005_10_10 まりも・警備任務プレ01,BF3EC3C487527772B30D7E3410C3CBD6C2DE5FBFF833CEC2DE16F8671DF03D1F,quote:outer_dialogue_quote_edge_mismatch,pending_manual_review
TDA01,3746,game_t03745,060_承_2005_10_10 まりも・警備任務プレ01.egpack,060_承_2005_10_10 まりも・警備任務プレ01,0E1D8F0DFB8CA6EE083217A1F0C65BC4E43B77FE980BB856FE03711E308EBE22,quote:outer_dialogue_quote_edge_mismatch,pending_manual_review
TDA01,3770,game_t03769,060_承_2005_10_10 まりも・警備任務プレ01.egpack,060_承_2005_10_10 まりも・警備任務プレ01,BBB7B8D1F2B0085A766CEFF507F37C3A004DDBEBB7465082E6B5D3DDF91102CE,quote:outer_dialogue_quote_edge_mismatch,pending_manual_review
TDA01,4087,game_t04086,070_承_2005_10_11 物資受取・雫・エレン01.egpack,070_承_2005_10_11 物資受取・雫・エレン01,4C88C7C6FFB1582B644C4D9D06D8E91ED8C03CBAF6988368D90E1191930EB2C0,symbol:symbol_count_mismatch,pending_manual_review
TDA01,4500,game_t04499,070_承_2005_10_11 物資受取・雫・エレン01.egpack,070_承_2005_10_11 物資受取・雫・エレン01,4C94C0CAFA66E86CD9C034AFB4FC27E3C9615C678E7270ACC0B08F31652D833C,quote:inner_double_corner_quote_missing;symbol:jp_double_corner_quote_missing_or_changed,pending_manual_review
TDA01,4516,game_t04515,070_承_2005_10_11 物資受取・雫・エレン01.egpack,070_承_2005_10_11 物資受取・雫・エレン01,4C94C0CAFA66E86CD9C034AFB4FC27E3C9615C678E7270ACC0B08F31652D833C,quote:inner_double_corner_quote_missing;symbol:jp_double_corner_quote_missing_or_changed,pending_manual_review
TDA01,4619,game_t04618,070_承_2005_10_11 物資受取・雫・エレン01.egpack,070_承_2005_10_11 物資受取・雫・エレン01,B8A66A04ECA3D944EFE5F5EF291B78528F12A27484CB647AA0B873CA2D83CB3E,quote:outer_dialogue_quote_edge_mismatch,pending_manual_review
TDA01,5181,game_t05180,080_承_2005_10_12 孤児院1回目・まりも不在01.egpack,080_承_2005_10_12 孤児院1回目・まりも不在01,4BD0A6CC878418197D729604ADDAB6ACB9282DCC653A11858E969D9EC43E0A6A,quote:outer_dialogue_quote_edge_mismatch,pending_manual_review
TDA01,5283,game_t05282,080_承_2005_10_12 孤児院1回目・まりも不在01.egpack,080_承_2005_10_12 孤児院1回目・まりも不在01,E9BF8335979EAD5B1ED5E1263D4DD52D74810C71E2F337563BFE9ADC040A9FE3,quote:inner_double_corner_quote_missing;symbol:jp_double_corner_quote_missing_or_changed,pending_manual_review
TDA01,5451,game_t05450,090_承_2005_10_13 まりも日米会議・ハンガートーク01.egpack,090_承_2005_10_13 まりも日米会議・ハンガートーク01,D3CADC27826C9C12FAC24AFFAB227895320C6700610FD16CE12537F98AECF6BC,quote:outer_dialogue_quote_edge_mismatch,pending_manual_review
TDA01,6143,game_t06142,100_承_2005_10_14 居住区休日・孤児院2回目01.egpack,100_承_2005_10_14 居住区休日・孤児院2回目01,8C1F1910352F490A9251042D815BC81D945F5DE9C8D88F90D698AFFCCCCD30B0,quote:inner_double_corner_quote_missing;symbol:jp_double_corner_quote_missing_or_changed,pending_manual_review
TDA01,6144,game_t06143,100_承_2005_10_14 居住区休日・孤児院2回目01.egpack,100_承_2005_10_14 居住区休日・孤児院2回目01,95AAAF861A78D01254A9B795B949CA1B84B49FA4C552FAD88399689EAE3CE74E,quote:inner_double_corner_quote_missing;symbol:jp_double_corner_quote_missing_or_changed,pending_manual_review
TDA01,6769,game_t06768,110_承_2005_10_18 市街地警護任務1・空振り01.egpack,110_承_2005_10_18 市街地警護任務1・空振り01,3B2E2019DB644B2CCEC5D08BC7DDDD8E8D1EA946EF7D3666FA78184E4636DF2B,quote:inner_double_corner_quote_missing;symbol:jp_double_corner_quote_missing_or_changed,pending_manual_review
TDA01,6858,game_t06857,110_承_2005_10_18 市街地警護任務1・空振り01.egpack,110_承_2005_10_18 市街地警護任務1・空振り01,F5917AFDC0FDB70F54104955A689BE8CB7BB864EC56A3DF786D702EAE5FB55B2,quote:inner_corner_quote_changed_or_missing;symbol:jp_corner_quote_changed_to_curly_double,pending_manual_review
TDA01,6969,game_t06968,110_承_2005_10_18 市街地警護任務1・空振り01.egpack,110_承_2005_10_18 市街地警護任務1・空振り01,99936446D007556595B0C309D966CFDD44B6E698BCB4CA270D6E9FD6DF19DAA0,quote:inner_corner_quote_changed_or_missing;symbol:jp_corner_quote_changed_to_curly_double,pending_manual_review
TDA01,7584,game_t07583,130_転_BETA大規模再襲撃01.egpack,130_転_BETA大規模再襲撃01,2081C1BCB5E5E2CAAF90BD2691A12B99AAE65586268F1B5157958D19F4C17D6A,quote:cn_added_corner_quote;symbol:symbol_count_mismatch,pending_manual_review
TDA01,7589,game_t07588,130_転_BETA大規模再襲撃01.egpack,130_転_BETA大規模再襲撃01,0702BB3BD88469E2CF6293CECDFDD191FD226E213B057B1D3230B581E8CF8FCD,quote:outer_dialogue_quote_missing_or_broken;symbol:jp_corner_quote_count_mismatch,pending_manual_review
TDA01,8192,game_t08191,130_転_BETA大規模再襲撃02.egpack,130_転_BETA大規模再襲撃02,B8393869C3D7A12D6EEA38EE92646A909823CD5345D0E0D4AA7F8C487AAC082A,quote:outer_dialogue_quote_missing_or_broken;symbol:jp_corner_quote_count_mismatch,pending_manual_review
TDA01,8193,game_t08192,130_転_BETA大規模再襲撃02.egpack,130_転_BETA大規模再襲撃02,5CB2AAC444B50BB2C8AC4E25F5A48AF29621F16D2FEE6F9BFF1FF3506490C20D,quote:outer_dialogue_quote_edge_mismatch;symbol:symbol_count_mismatch,pending_manual_review
TDA01,8291,game_t08290,130_転_BETA大規模再襲撃03.egpack,130_転_BETA大規模再襲撃03,3CA67A476734C748F3539B8F4991AD40F85D5B698FF8E845C02CD06B9E0915BA,quote:outer_dialogue_quote_missing_or_broken;symbol:jp_corner_quote_count_mismatch,pending_manual_review
TDA01,8364,game_t08363,130_転_BETA大規模再襲撃03.egpack,130_転_BETA大規模再襲撃03,07FC214E6E7CBA1D1E4B2772BB0F104BC0029B566AD9AEB8FCE34B478543B438,quote:outer_dialogue_quote_edge_mismatch;symbol:symbol_count_mismatch,pending_manual_review
TDA01,8403,game_t08402,130_転_BETA大規模再襲撃03.egpack,130_転_BETA大規模再襲撃03,17500A42D8382DBF483D0140FF4E56DDB3D71A50E58A474FF6A2BE8F07E02F55,quote:outer_dialogue_quote_edge_mismatch;symbol:symbol_count_mismatch,pending_manual_review
TDA01,8412,game_t08411,130_転_BETA大規模再襲撃03.egpack,130_転_BETA大規模再襲撃03,62DF0E63EF4DB691B2C6B7C56C57B5656C22CAA3807437BEE9625285429D1DC4,quote:outer_dialogue_quote_edge_mismatch;symbol:symbol_count_mismatch,pending_manual_review
TDA01,8446,game_t08445,130_転_BETA大規模再襲撃03.egpack,130_転_BETA大規模再襲撃03,58F6B6CFE9283F769F93B64779E6061236DBB56744414A1B393386EF5B7C352C,quote:outer_dialogue_quote_edge_mismatch;symbol:symbol_count_mismatch,pending_manual_review
TDA01,8448,game_t08447,130_転_BETA大規模再襲撃03.egpack,130_転_BETA大規模再襲撃03,23E80F45D9D8A8959DF74C6C1EBCD97F1F4C7DCC9AE9ED53EFF156A562BD57BE,quote:outer_dialogue_quote_edge_mismatch;symbol:symbol_count_mismatch,pending_manual_review
TDA01,8488,game_t08487,130_転_BETA大規模再襲撃03.egpack,130_転_BETA大規模再襲撃03,FD306C701DF3D898036B328A32DF0A59D5E14DBD7195FC908F2C1A14D0109ACA,quote:outer_dialogue_quote_missing_or_broken;symbol:jp_corner_quote_count_mismatch,pending_manual_review
TDA01,8514,game_t08513,130_転_BETA大規模再襲撃03.egpack,130_転_BETA大規模再襲撃03,FD306C701DF3D898036B328A32DF0A59D5E14DBD7195FC908F2C1A14D0109ACA,quote:outer_dialogue_quote_missing_or_broken;symbol:jp_corner_quote_count_mismatch,pending_manual_review
TDA01,8550,game_t08549,130_転_BETA大規模再襲撃03.egpack,130_転_BETA大規模再襲撃03,5F5E92A88985617B991FA782A6864C00539FFB7837FB9B068761E588A41DCBE9,quote:outer_dialogue_quote_edge_mismatch;symbol:symbol_count_mismatch,pending_manual_review
TDA01,8562,game_t08561,140_結_エピローグ01.egpack,140_結_エピローグ01,3B022DF1FB7D393B75B961FABA1D06AFF0538F713B01E79F19AB7909F344EF4C,quote:outer_dialogue_quote_edge_mismatch;symbol:symbol_count_mismatch,pending_manual_review
TDA02,96,game_t00095,020_２００５年１２月０１日（木）_020_インタビュー後半.egpack,020_２００５年１２月０１日（木）_020_インタビュー後半,B38D24AB83312C583B97AADCA51E8DF32DECA5820E109B71AD7C839AAC34E93D,quote:inner_double_corner_quote_missing;symbol:jp_double_corner_quote_missing_or_changed,pending_manual_review
TDA02,239,game_t00238,020_２００５年１２月０１日（木）_021_格納庫にて.egpack,020_２００５年１２月０１日（木）_021_格納庫にて,102224AA6D488BFDACE8D6F19F3BD04E57BFCF23D655C8F48F126565B28CF904,symbol:symbol_count_mismatch,pending_manual_review
TDA02,418,game_t00417,030_２００５年１２月０２日（金）_031_私室での目覚め.egpack,030_２００５年１２月０２日（金）_031_私室での目覚め,6103AC716B5FC47AF0E5F8B343DF14D92F57F3A6D08FE09352E610977A3A46EC,quote:outer_dialogue_quote_missing_or_broken;symbol:jp_corner_quote_count_mismatch,pending_manual_review
TDA02,419,game_t00418,030_２００５年１２月０２日（金）_031_私室での目覚め.egpack,030_２００５年１２月０２日（金）_031_私室での目覚め,BEE5475C1A88403B8357319584074BD416A963F0A8C1322A00830FA487BDA8A1,quote:outer_dialogue_quote_missing_or_broken;symbol:jp_corner_quote_count_mismatch,pending_manual_review
TDA02,425,game_t00424,030_２００５年１２月０２日（金）_031_私室での目覚め.egpack,030_２００５年１２月０２日（金）_031_私室での目覚め,357DF32CC304620D2E68EDB7A54CE73ADE6C42DEB3362C3AEEB62473E2570AA4,quote:inner_double_corner_quote_missing;symbol:jp_double_corner_quote_missing_or_changed,pending_manual_review
TDA02,455,game_t00454,030_２００５年１２月０２日（金）_032_食堂.egpack,030_２００５年１２月０２日（金）_032_食堂,E7A91F6246320E1E8B520781B4571F2DBB48569A2B00A78150DDCF71D0390549,quote:inner_double_corner_quote_missing;symbol:jp_double_corner_quote_missing_or_changed,pending_manual_review
TDA02,615,game_t00614,030_２００５年１２月０２日（金）_033_対光線級演習.egpack,030_２００５年１２月０２日（金）_033_対光線級演習,8D9B7C98FDA95FD28081E10E7A63CBF3DCBED808A1C5D562DCBE4F15780E9003,quote:outer_dialogue_quote_missing_or_broken;symbol:jp_corner_quote_count_mismatch,pending_manual_review
TDA02,641,game_t00640,030_２００５年１２月０２日（金）_033_対光線級演習.egpack,030_２００５年１２月０２日（金）_033_対光線級演習,7D6EA54FFFFDA94892C5FEC71669730FD88E7A634E8B4D1E6578F5D7E8C230BB,quote:outer_dialogue_quote_missing_or_broken;symbol:jp_corner_quote_count_mismatch,pending_manual_review
TDA02,778,game_t00777,030_２００５年１２月０２日（金）_035_格納庫で落ち込む雫＆律子登場.egpack,030_２００５年１２月０２日（金）_035_格納庫で落ち込む雫＆律子登場,DA96AC28C9C416338DF6C53AA9ADFD07B5B5AE2B9ED4F7F9F4A2EE2354BD83A6,quote:outer_dialogue_quote_missing_or_broken;symbol:jp_corner_quote_count_mismatch,pending_manual_review
TDA02,827,game_t00826,030_２００５年１２月０２日（金）_035_格納庫で落ち込む雫＆律子登場.egpack,030_２００５年１２月０２日（金）_035_格納庫で落ち込む雫＆律子登場,24BE71FF1A7837FCC5DFD308E0B740E6E28892F52A8D2B8A2F5181A0EDE4DA7D,quote:outer_dialogue_quote_edge_mismatch,pending_manual_review
TDA02,882,game_t00881,030_２００５年１２月０２日（金）_035_格納庫で落ち込む雫＆律子登場.egpack,030_２００５年１２月０２日（金）_035_格納庫で落ち込む雫＆律子登場,C26EF432DE7016907D1AAB4197FB5C076113DB46C6B5EEA7AA39ACDE875691EE,quote:outer_dialogue_quote_edge_mismatch;symbol:jp_corner_quote_count_mismatch,pending_manual_review
TDA02,904,game_t00903,030_２００５年１２月０２日（金）_035_格納庫で落ち込む雫＆律子登場.egpack,030_２００５年１２月０２日（金）_035_格納庫で落ち込む雫＆律子登場,BCD767C5FB89255FCE2F1E1612311A612FF28B9B18EC9A4A89546F2F3ADAD359,quote:outer_dialogue_quote_missing_or_broken;symbol:jp_corner_quote_count_mismatch,pending_manual_review
TDA02,1144,game_t01143,040_２００５年１２月０３日（土）_040_忙しい男.egpack,040_２００５年１２月０３日（土）_040_忙しい男,BF2C987111BB56137F8FEB21F2D8D834777482C28D0A95E4248333936F336DD7,quote:cn_added_corner_quote;symbol:symbol_count_mismatch,pending_manual_review
TDA02,1150,game_t01149,040_２００５年１２月０３日（土）_040_忙しい男.egpack,040_２００５年１２月０３日（土）_040_忙しい男,43D75308D8D4C4D6F6359D51B03AD9CD036977F1BF80C948D635FEE7DF228A3B,quote:cn_added_corner_quote;symbol:symbol_count_mismatch,pending_manual_review
TDA02,1183,game_t01182,040_２００５年１２月０３日（土）_040_忙しい男.egpack,040_２００５年１２月０３日（土）_040_忙しい男,347EA0A064F3DFE82785EFC417E419FD5D4CAC40048E380BA8B61C1A0213B116,symbol:symbol_count_mismatch,pending_manual_review
TDA02,1218,game_t01217,050_２００５年１２月０４日（日）_050_悪夢の始まり：大海崩後の世界.egpack,050_２００５年１２月０４日（日）_050_悪夢の始まり：大海崩後の世界,DB946481EE056B2AA60390E10F98863B725C949E72CE469E2294CDE232AF0614,quote:outer_dialogue_quote_missing_or_broken;symbol:jp_corner_quote_count_mismatch,pending_manual_review
TDA02,1481,game_t01480,050_２００５年１２月０４日（日）_057_律子と特訓.egpack,050_２００５年１２月０４日（日）_057_律子と特訓,3E0D90C09C9003EF47BCB51BEA5945984504743601DDBCDF6134DAE8264BE389,quote:outer_dialogue_quote_missing_or_broken;symbol:jp_corner_quote_count_mismatch,pending_manual_review
TDA02,1578,game_t01577,050_２００５年１２月０４日（日）_059_龍浪と律子.egpack,050_２００５年１２月０４日（日）_059_龍浪と律子,E284721BA9202793B78158DD2554EFB6DB8C5ADC9D427DEE8E8B9EF7FEDB10D1,symbol:symbol_count_mismatch,pending_manual_review
TDA02,1582,game_t01581,050_２００５年１２月０４日（日）_059_龍浪と律子.egpack,050_２００５年１２月０４日（日）_059_龍浪と律子,56D1D9D758F5D858B8DEEE2B29B321F513C792F9DE293375C133D54974EAE8A1,symbol:symbol_count_mismatch,pending_manual_review
TDA02,1621,game_t01620,050_２００５年１２月０４日（日）_059_龍浪と律子.egpack,050_２００５年１２月０４日（日）_059_龍浪と律子,3513A1BDBA69E2D6FCFDAF60E06495CFBA6C5C243AE872739700B7539C29E4EB,quote:inner_double_corner_quote_missing;symbol:jp_double_corner_quote_missing_or_changed,pending_manual_review
TDA02,1639,game_t01638,050_２００５年１２月０４日（日）_059_龍浪と律子.egpack,050_２００５年１２月０４日（日）_059_龍浪と律子,1A13FA361952A9E4CC331907813CCA11D442480AC47B7003BE8E607792462FB9,quote:inner_double_corner_quote_missing;symbol:jp_double_corner_quote_missing_or_changed,pending_manual_review
TDA02,1837,game_t01836,060_２００５年１２月０５日（月）_062_孤児施設.egpack,060_２００５年１２月０５日（月）_062_孤児施設,C0B590932F98F15C852A318E4DAEBBED32E45C20BDBDC2A5C5D2ECF95FEDECBD,quote:outer_dialogue_quote_missing_or_broken;symbol:jp_corner_quote_count_mismatch,pending_manual_review
TDA02,1839,game_t01838,060_２００５年１２月０５日（月）_062_孤児施設.egpack,060_２００５年１２月０５日（月）_062_孤児施設,0642AB7C65DD589918D6ABAB5B8100419B7F1129D21407DB1468F099B100C893,quote:outer_dialogue_quote_missing_or_broken;symbol:jp_corner_quote_count_mismatch,pending_manual_review
TDA02,1987,game_t01986,070_２００５年１２月０７日（水）_071_私室にて.egpack,070_２００５年１２月０７日（水）_071_私室にて,16220CE10D5C039DD424B9CC8C723C7B9BE6FD06B32B29771D18193B87349D76,quote:outer_dialogue_quote_edge_mismatch;symbol:jp_corner_quote_count_mismatch,pending_manual_review
TDA02,2231,game_t02230,080_２００５年１２月０８日（木）_085_ウォードッグの戦い.egpack,080_２００５年１２月０８日（木）_085_ウォードッグの戦い,EFA17574F725D87590F0889B619DC6028DD73C79AA393BCEEC0F539E8AF94B1B,quote:outer_dialogue_quote_missing_or_broken;symbol:jp_corner_quote_count_mismatch,pending_manual_review
TDA02,2235,game_t02234,080_２００５年１２月０８日（木）_085_ウォードッグの戦い.egpack,080_２００５年１２月０８日（木）_085_ウォードッグの戦い,2700D8CFD92274E2860516B49A53C543FD05055346F1FF1F2475C87D1A1B24AE,quote:outer_dialogue_quote_missing_or_broken;symbol:jp_corner_quote_count_mismatch,pending_manual_review
TDA02,2236,game_t02235,080_２００５年１２月０８日（木）_085_ウォードッグの戦い.egpack,080_２００５年１２月０８日（木）_085_ウォードッグの戦い,E1BCEA09D993A5A3DC53841A8F83C2D693363F80E49DC68166456077971D1B7E,quote:outer_dialogue_quote_missing_or_broken;symbol:jp_corner_quote_count_mismatch,pending_manual_review
TDA02,2237,game_t02236,080_２００５年１２月０８日（木）_085_ウォードッグの戦い.egpack,080_２００５年１２月０８日（木）_085_ウォードッグの戦い,E1BCEA09D993A5A3DC53841A8F83C2D693363F80E49DC68166456077971D1B7E,quote:outer_dialogue_quote_missing_or_broken;symbol:jp_corner_quote_count_mismatch,pending_manual_review
TDA02,2242,game_t02241,080_２００５年１２月０８日（木）_085_ウォードッグの戦い.egpack,080_２００５年１２月０８日（木）_085_ウォードッグの戦い,E1C527E431E33C7AB828177BF1280275140AAF8E50403449C2B90613BD84A40F,quote:outer_dialogue_quote_missing_or_broken;symbol:jp_corner_quote_count_mismatch,pending_manual_review
TDA02,2264,game_t02263,080_２００５年１２月０８日（木）_085_ウォードッグの戦い.egpack,080_２００５年１２月０８日（木）_085_ウォードッグの戦い,37B6FB25A2C449DF2E2887A38F43424DFE70BE0FA780DB999CE7ACC3A6A0DEF8,quote:outer_dialogue_quote_missing_or_broken;symbol:jp_corner_quote_count_mismatch,pending_manual_review
TDA02,2595,game_t02594,090_２００５年１２月０９日（金）_093_丘の上にてエレンと.egpack,090_２００５年１２月０９日（金）_093_丘の上にてエレンと,327B8C3073E09B8FF3D0896A63F4FBBF1E833ED7C7D1D98684351D0BD17EA3B1,quote:inner_double_corner_quote_missing;symbol:jp_double_corner_quote_missing_or_changed,pending_manual_review
TDA02,2920,game_t02919,100_２００５年１２月１０日（土）_102_まりもと食事.egpack,100_２００５年１２月１０日（土）_102_まりもと食事,CF113359C91789AFE8D75714ED6C8A75175BFB6B6F664CE48A265228BC8B3BE5,quote:outer_dialogue_quote_edge_mismatch;symbol:jp_double_corner_quote_missing_or_changed,pending_manual_review
TDA02,3156,game_t03155,110_２００５年１２月１１日（日）_111_同時刻・律子と雫.egpack,110_２００５年１２月１１日（日）_111_同時刻・律子と雫,D3DBB4E3AC86D0AC012E4249349ACD8B14A39D7F08FA12574D57049615FB8B44,quote:outer_dialogue_quote_edge_mismatch,pending_manual_review
TDA02,3587,game_t03586,110_２００５年１２月１１日（日）_117_丘の上・断固たる決意.egpack,110_２００５年１２月１１日（日）_117_丘の上・断固たる決意,BBEBD6C5D47BE3C6E8FABB278AE033A4CCB3685C8C8C2C245B35675CD56CD948,quote:outer_dialogue_quote_edge_mismatch,pending_manual_review
TDA02,4404,game_t04403,120_２００５年１２月２２日（木）_134_窮地.egpack,120_２００５年１２月２２日（木）_134_窮地,1B1B9562814F60DB3BB89D210747F4F5F230400C5936A873A27F5275ABFEF907,quote:outer_dialogue_quote_missing_or_broken;symbol:jp_corner_quote_count_mismatch,pending_manual_review
TDA02,4410,game_t04409,120_２００５年１２月２２日（木）_134_窮地.egpack,120_２００５年１２月２２日（木）_134_窮地,27AE1153C626C2C719A018BEF0E850560A31DFBD6737E61A15F8EE02F3AE4B66,quote:outer_dialogue_quote_missing_or_broken;symbol:jp_corner_quote_count_mismatch,pending_manual_review
TDA02,4440,game_t04439,120_２００５年１２月２２日（木）_134_窮地.egpack,120_２００５年１２月２２日（木）_134_窮地,C405057D8B736E96EA2BDE118FB41ACBB7C908EAEAECA7A3FF84B7EA2E8A9F52,quote:outer_dialogue_quote_missing_or_broken;symbol:jp_corner_quote_count_mismatch,pending_manual_review
TDA02,4521,game_t04520,120_２００５年１２月２２日（木）_135_響吶喊.egpack,120_２００５年１２月２２日（木）_135_響吶喊,DD07DF1A058738C55E6BAD263D1C2672EABE3A5E8BD3D59AFA7A373836200B45,quote:outer_dialogue_quote_missing_or_broken;symbol:jp_corner_quote_count_mismatch,pending_manual_review
TDA02,4531,game_t04530,120_２００５年１２月２２日（木）_135_響吶喊.egpack,120_２００５年１２月２２日（木）_135_響吶喊,AD96F4151A44AFDD66B357FBCD5346245CC87F0E71B9555107C0F83CD3AAD5EF,quote:outer_dialogue_quote_missing_or_broken;symbol:jp_corner_quote_count_mismatch,pending_manual_review
TDA02,4532,game_t04531,120_２００５年１２月２２日（木）_135_響吶喊.egpack,120_２００５年１２月２２日（木）_135_響吶喊,78A09766362DCACC21FE7AFEB2D1DFE9023EE62B626DB72E94DD00453B4830DA,quote:outer_dialogue_quote_missing_or_broken;symbol:jp_corner_quote_count_mismatch,pending_manual_review
TDA02,4533,game_t04532,120_２００５年１２月２２日（木）_135_響吶喊.egpack,120_２００５年１２月２２日（木）_135_響吶喊,78A09766362DCACC21FE7AFEB2D1DFE9023EE62B626DB72E94DD00453B4830DA,quote:outer_dialogue_quote_missing_or_broken;symbol:jp_corner_quote_count_mismatch,pending_manual_review
TDA02,4534,game_t04533,120_２００５年１２月２２日（木）_135_響吶喊.egpack,120_２００５年１２月２２日（木）_135_響吶喊,74F937403735755AD67254548763A7269886DBE1CA1C8C722E2154A29D79B67F,quote:outer_dialogue_quote_missing_or_broken;symbol:jp_corner_quote_count_mismatch,pending_manual_review
TDA02,4535,game_t04534,120_２００５年１２月２２日（木）_135_響吶喊.egpack,120_２００５年１２月２２日（木）_135_響吶喊,74F937403735755AD67254548763A7269886DBE1CA1C8C722E2154A29D79B67F,quote:outer_dialogue_quote_missing_or_broken;symbol:jp_corner_quote_count_mismatch,pending_manual_review
TDA02,4661,game_t04660,120_２００５年１２月２２日（木）_140_まりもと合流.egpack,120_２００５年１２月２２日（木）_140_まりもと合流,65C8D1371FF3A33C60ACFC319DD51514A757FFC600557F279DE230B01FEEDC37,quote:outer_dialogue_quote_edge_mismatch,pending_manual_review
TDA02,4746,game_t04745,120_２００５年１２月２２日（木）_144_プラント内、合流.egpack,120_２００５年１２月２２日（木）_144_プラント内、合流,093F0CDA6FC9D8F6F415DFB65FB3E858665C17762B84BE8128FD40217B122EB2,quote:outer_dialogue_quote_edge_mismatch,pending_manual_review
TDA02,4972,game_t04971,150_２００５年１２月２４日（土）_150_プラント脱出後、米軍と日本軍.egpack,150_２００５年１２月２４日（土）_150_プラント脱出後、米軍と日本軍,5D589741E9BD01157892227BA6F215047DF86B0F5D026E31F9F30FE67CC9253F,quote:inner_double_corner_quote_changed;symbol:jp_double_corner_quote_missing_or_changed,pending_manual_review
TDA02,4993,game_t04992,150_２００５年１２月２４日（土）_151_国境で睨み合う.egpack,150_２００５年１２月２４日（土）_151_国境で睨み合う,FCA78B8EFA64BF8C97815B54BBB1C2D15AE03C98AA969F382330C3F23F4BAACF,quote:cn_added_corner_quote;symbol:symbol_count_mismatch,pending_manual_review
TDA02,5048,game_t05047,150_２００５年１２月２４日（土）_152_格納庫にて待機する響.egpack,150_２００５年１２月２４日（土）_152_格納庫にて待機する響,013B60F680E67E0D573DE5512BF2F4E1578E4E23D1C238A7821A6A8630A44068,symbol:symbol_count_mismatch,pending_manual_review
TDA02,5143,game_t05142,150_２００５年１２月２４日（土）_152_格納庫にて待機する響.egpack,150_２００５年１２月２４日（土）_152_格納庫にて待機する響,F79A98A63C1F2C58E94F57DD87AF19D68745685E7684A998D124E9F1C08953E9,quote:inner_corner_quote_changed_or_missing;symbol:jp_corner_quote_changed_to_curly_double,pending_manual_review
TDA02,5208,game_t05207,150_２００５年１２月２４日（土）_152_格納庫にて待機する響.egpack,150_２００５年１２月２４日（土）_152_格納庫にて待機する響,A1E0C08477AC5A8BEBB0ADCC1E5FC1DC473C48BFB11038B5FC82DB6E3EFBA498,quote:inner_double_corner_quote_missing;symbol:jp_double_corner_quote_missing_or_changed,pending_manual_review
TDA02,5487,game_t05486,150_２００５年１２月２４日（土）_157_悠陽宿舎にて密談.egpack,150_２００５年１２月２４日（土）_157_悠陽宿舎にて密談,3BE6206E23DDF5CACCAD9571EBC4E38DE12C83798EBCE0F20528AF1549318326,quote:inner_corner_quote_changed_or_missing;symbol:jp_corner_quote_changed_to_curly_double,pending_manual_review
TDA02,5505,game_t05504,150_２００５年１２月２４日（土）_157_悠陽宿舎にて密談.egpack,150_２００５年１２月２４日（土）_157_悠陽宿舎にて密談,C14A2BD16B0A2AFEB88E893823FC38CCFD6CF433839E1C9E3A8D4517BF8C10BB,quote:outer_dialogue_quote_edge_mismatch,pending_manual_review
TDA02,5960,game_t05959,150_２００５年１２月２４日（土）_173_停戦命令.egpack,150_２００５年１２月２４日（土）_173_停戦命令,C78D98F9ABF6BAF1EBD695AB36E06DF80A339DE9E6BF0FDD7E2E032C7F25A061,quote:outer_dialogue_quote_missing_or_broken;symbol:jp_corner_quote_count_mismatch,pending_manual_review
TDA02,6221,game_t06220,150_２００５年１２月２４日（土）_184_病室.egpack,150_２００５年１２月２４日（土）_184_病室,103EA3F96D0056B500C8C7CBC3714C3F4D879EA0F55F45E9927B7859AEE4EC08,quote:outer_dialogue_quote_missing_or_broken;symbol:jp_corner_quote_count_mismatch,pending_manual_review
TDA02,6222,game_t06221,150_２００５年１２月２４日（土）_184_病室.egpack,150_２００５年１２月２４日（土）_184_病室,103EA3F96D0056B500C8C7CBC3714C3F4D879EA0F55F45E9927B7859AEE4EC08,quote:outer_dialogue_quote_missing_or_broken;symbol:jp_corner_quote_count_mismatch,pending_manual_review
TDA02,6223,game_t06222,150_２００５年１２月２４日（土）_184_病室.egpack,150_２００５年１２月２４日（土）_184_病室,37502FBFBA7EDE1F28F107F71C91260C7CFA49DBECC6A2AEDD929DFDAFA9D8B7,quote:outer_dialogue_quote_missing_or_broken;symbol:jp_corner_quote_count_mismatch,pending_manual_review
TDA02,6224,game_t06223,150_２００５年１２月２４日（土）_184_病室.egpack,150_２００５年１２月２４日（土）_184_病室,37502FBFBA7EDE1F28F107F71C91260C7CFA49DBECC6A2AEDD929DFDAFA9D8B7,quote:outer_dialogue_quote_missing_or_broken;symbol:jp_corner_quote_count_mismatch,pending_manual_review
TDA02,6225,game_t06224,150_２００５年１２月２４日（土）_184_病室.egpack,150_２００５年１２月２４日（土）_184_病室,1BB342E6F8C3217C2199C06A71F1551974522A4A5633790D0CE02B2C99FAA6BB,quote:outer_dialogue_quote_missing_or_broken;symbol:jp_corner_quote_count_mismatch,pending_manual_review
TDA02,6226,game_t06225,150_２００５年１２月２４日（土）_184_病室.egpack,150_２００５年１２月２４日（土）_184_病室,1BB342E6F8C3217C2199C06A71F1551974522A4A5633790D0CE02B2C99FAA6BB,quote:outer_dialogue_quote_missing_or_broken;symbol:jp_corner_quote_count_mismatch,pending_manual_review
TDA02,6247,game_t06246,150_２００５年１２月２４日（土）_184_病室.egpack,150_２００５年１２月２４日（土）_184_病室,A4D439CEFFA6640F5C7677FCFDF893ACE7FDA2D4988839E177E25F7A5C2A181B,quote:outer_dialogue_quote_missing_or_broken;symbol:jp_corner_quote_count_mismatch,pending_manual_review
TDA02,6248,game_t06247,150_２００５年１２月２４日（土）_184_病室.egpack,150_２００５年１２月２４日（土）_184_病室,A4D439CEFFA6640F5C7677FCFDF893ACE7FDA2D4988839E177E25F7A5C2A181B,quote:outer_dialogue_quote_missing_or_broken;symbol:jp_corner_quote_count_mismatch,pending_manual_review
TDA02,6446,tda02_staff00135,__staffroll__.egpack,__staffroll__,73467CE8E656D0EAC6505551128419E0998E17FDA41F43542C6B6432D29FE4BF,quote:outer_dialogue_quote_missing_or_broken;symbol:jp_corner_quote_count_mismatch,pending_manual_review
TDA02,6451,tda02_staff00140,__staffroll__.egpack,__staffroll__,CF6B6D0D098FA2D3FFED76210C5C9C860321DE8984CFA432556C29D877EE092A,quote:outer_dialogue_quote_missing_or_broken;symbol:jp_corner_quote_count_mismatch,pending_manual_review
TDA02,6456,tda02_staff00145,__staffroll__.egpack,__staffroll__,49B58AC7CC74B07F5408D26A9376EA1089DA9AFC1B835D03E76559FA029C4640,quote:parentheses_mismatch;symbol:symbol_count_mismatch,pending_manual_review
TDA02,6481,tda02_staff00171,__staffroll__.egpack,__staffroll__,49B58AC7CC74B07F5408D26A9376EA1089DA9AFC1B835D03E76559FA029C4640,quote:parentheses_mismatch;symbol:symbol_count_mismatch,pending_manual_review
TDA02,6482,tda02_staff00172,__staffroll__.egpack,__staffroll__,49B58AC7CC74B07F5408D26A9376EA1089DA9AFC1B835D03E76559FA029C4640,quote:parentheses_mismatch;symbol:symbol_count_mismatch,pending_manual_review
TDA02,6487,tda02_staff00177,__staffroll__.egpack,__staffroll__,49B58AC7CC74B07F5408D26A9376EA1089DA9AFC1B835D03E76559FA029C4640,quote:parentheses_mismatch;symbol:symbol_count_mismatch,pending_manual_review
TDA02,6516,tda02_staff00208,__staffroll__.egpack,__staffroll__,49B58AC7CC74B07F5408D26A9376EA1089DA9AFC1B835D03E76559FA029C4640,quote:parentheses_mismatch;symbol:symbol_count_mismatch,pending_manual_review
TDA02,6517,tda02_staff00209,__staffroll__.egpack,__staffroll__,49B58AC7CC74B07F5408D26A9376EA1089DA9AFC1B835D03E76559FA029C4640,quote:parentheses_mismatch;symbol:symbol_count_mismatch,pending_manual_review
TDA02,6518,tda02_staff00210,__staffroll__.egpack,__staffroll__,49B58AC7CC74B07F5408D26A9376EA1089DA9AFC1B835D03E76559FA029C4640,quote:parentheses_mismatch;symbol:symbol_count_mismatch,pending_manual_review
TDA02,6519,tda02_staff00211,__staffroll__.egpack,__staffroll__,49B58AC7CC74B07F5408D26A9376EA1089DA9AFC1B835D03E76559FA029C4640,quote:parentheses_mismatch;symbol:symbol_count_mismatch,pending_manual_review
TDA02,6520,tda02_staff00212,__staffroll__.egpack,__staffroll__,49B58AC7CC74B07F5408D26A9376EA1089DA9AFC1B835D03E76559FA029C4640,quote:parentheses_mismatch;symbol:symbol_count_mismatch,pending_manual_review
TDA02,6523,tda02_staff00215,__staffroll__.egpack,__staffroll__,49B58AC7CC74B07F5408D26A9376EA1089DA9AFC1B835D03E76559FA029C4640,quote:parentheses_mismatch;symbol:symbol_count_mismatch,pending_manual_review
TDA02,6524,tda02_staff00216,__staffroll__.egpack,__staffroll__,49B58AC7CC74B07F5408D26A9376EA1089DA9AFC1B835D03E76559FA029C4640,quote:parentheses_mismatch;symbol:symbol_count_mismatch,pending_manual_review
TDA02,6525,tda02_staff00217,__staffroll__.egpack,__staffroll__,49B58AC7CC74B07F5408D26A9376EA1089DA9AFC1B835D03E76559FA029C4640,quote:parentheses_mismatch;symbol:symbol_count_mismatch,pending_manual_review
TDA02,6526,tda02_staff00218,__staffroll__.egpack,__staffroll__,49B58AC7CC74B07F5408D26A9376EA1089DA9AFC1B835D03E76559FA029C4640,quote:parentheses_mismatch;symbol:symbol_count_mismatch,pending_manual_review
TDA02,6527,tda02_staff00219,__staffroll__.egpack,__staffroll__,49B58AC7CC74B07F5408D26A9376EA1089DA9AFC1B835D03E76559FA029C4640,quote:parentheses_mismatch;symbol:symbol_count_mismatch,pending_manual_review
TDA03,165,tda03_t00164,2005年12月27日_02：夜・悠陽との謁見.egpack,2005年12月27日_02：夜・悠陽との謁見,53D011C926965301FCA1170B7908CE850B2A0FF2A28C1AB76B1970AB46EAFD0C,quote:inner_double_corner_quote_missing;symbol:jp_double_corner_quote_missing_or_changed,pending_manual_review
TDA03,272,tda03_t00271,2005年12月27日_02：夜・悠陽との謁見.egpack,2005年12月27日_02：夜・悠陽との謁見,8F3CD717535F43EF88FEB6162E81FA707B6A54D0A119EB8840AFB9510E246CD9,quote:outer_dialogue_quote_edge_mismatch;symbol:jp_double_corner_quote_missing_or_changed,pending_manual_review
TDA03,308,tda03_t00307,2005年12月27日_02：夜・悠陽との謁見.egpack,2005年12月27日_02：夜・悠陽との謁見,8292494E4E9BC78B9141FB6EEE949D0C94E18926510AE7A822C47AE99E7236E7,quote:outer_dialogue_quote_edge_mismatch,pending_manual_review
TDA03,396,tda03_t00395,2005年12月29日_01：日中・国境線現在.egpack,2005年12月29日_01：日中・国境線現在,8647944ABD79B4B82096F3D43C012FCF66ACFC7D2588DC324DA463402F6072B1,quote:outer_dialogue_quote_edge_mismatch,pending_manual_review
TDA03,560,tda03_t00559,2005年12月29日_04：夕方・帰投し千堂親子再会.egpack,2005年12月29日_04：夕方・帰投し千堂親子再会,87629F62AD415861C39E5EAFD2AFE1BB52DD74E7377614DCDEE9E52210F6CC45,quote:cn_added_corner_quote;symbol:symbol_count_mismatch,pending_manual_review
TDA03,569,tda03_t00568,2005年12月29日_04：夕方・帰投し千堂親子再会.egpack,2005年12月29日_04：夕方・帰投し千堂親子再会,40DA2A983CDB2BF0061FBBB4C7562A657C31E81949B83374FC8F92D1AA1DB5E8,symbol:symbol_count_mismatch,pending_manual_review
TDA03,664,tda03_t00663,2005年12月29日_04：夕方・帰投し千堂親子再会.egpack,2005年12月29日_04：夕方・帰投し千堂親子再会,9F9E6D74F510F1A0F0BDF2CDE8F0489A3E0250638E7E83A6E7AB16D4A036D1CA,quote:outer_dialogue_quote_edge_mismatch,pending_manual_review
TDA03,1003,tda03_t01002,2005年12月29日_05：夜：酒場にて.egpack,2005年12月29日_05：夜：酒場にて,9EE2C9DDF2EB3B167D551AE292B7B55367D1EA9CF9B9805F4F53B24FF7B8B13E,quote:inner_double_corner_quote_missing;symbol:jp_double_corner_quote_missing_or_changed,pending_manual_review
TDA03,1072,tda03_t01071,2005年12月29日_05：夜：酒場にて.egpack,2005年12月29日_05：夜：酒場にて,641BD36CB857EF8465BA98A0D8F2B5E5CB49A824FB01564291380E0A80F9C21D,quote:outer_dialogue_quote_edge_mismatch,pending_manual_review
TDA03,1336,tda03_t01335,2005年12月30日_02：朝・駒木と移動中.egpack,2005年12月30日_02：朝・駒木と移動中,1E9AFF33BFE4D5D4053D83EC8EBEAE68821293C882FDB05E993ED7173ECA1064,quote:cn_added_corner_quote;symbol:symbol_count_mismatch,pending_manual_review
TDA03,1343,tda03_t01342,2005年12月30日_02：朝・駒木と移動中.egpack,2005年12月30日_02：朝・駒木と移動中,31884939F659F6BF5EACCD1025D16785B72078D442B640EB8E75FCFF7D14D19E,quote:outer_dialogue_quote_edge_mismatch,pending_manual_review
TDA03,1644,tda03_t01643,2005年12月30日_06：夜・エレンと酒場1.egpack,2005年12月30日_06：夜・エレンと酒場1,356954232722FEA51FB0134AB8AEA0114354BB13E244983CFF37E1660B9406C2,quote:outer_dialogue_quote_edge_mismatch,pending_manual_review
TDA03,1678,tda03_t01677,2005年12月30日_06：夜・エレンと酒場1.egpack,2005年12月30日_06：夜・エレンと酒場1,07E3559A2F5D0E5EE9E0D189773C2897A55C78AD4E4625374F0BD7940C6FE4BC,quote:inner_double_corner_quote_missing;symbol:jp_double_corner_quote_missing_or_changed,pending_manual_review
TDA03,1863,tda03_t01862,2005年12月30日_07：夜・エレンと酒場2.egpack,2005年12月30日_07：夜・エレンと酒場2,6DEE6334344676901A887340B244AB48CC2D8F6B08CEAFFC952378E0545D3A9B,quote:parentheses_mismatch;symbol:symbol_count_mismatch,pending_manual_review
TDA03,1866,tda03_t01865,2005年12月30日_07：夜・エレンと酒場2.egpack,2005年12月30日_07：夜・エレンと酒場2,26E5C09AFFA9EA5FA2FC39C2A29E017AD17CF84C6150EC2B738C37984A1B283B,quote:parentheses_mismatch;symbol:symbol_count_mismatch,pending_manual_review
TDA03,2138,tda03_t02137,2005年12月31日_02：ブリーフィング.egpack,2005年12月31日_02：ブリーフィング,55E5BABE75E55C71B8D1ACB09C8D111E397A8215B0595F430285D6D1B7385756,quote:outer_dialogue_quote_edge_mismatch;symbol:jp_corner_quote_count_mismatch,pending_manual_review
TDA03,4064,tda03_t04063,2006年01月09日_03：呼び出し.egpack,2006年01月09日_03：呼び出し,5866D6BA6B14370D76CA8BBD5565A93CEA39FBDBAC027436572AB2472D96B4E2,quote:inner_double_corner_quote_missing;symbol:jp_double_corner_quote_missing_or_changed,pending_manual_review
TDA03,4142,tda03_t04141,2006年01月09日_03：呼び出し.egpack,2006年01月09日_03：呼び出し,3FED6A94C932DDA9D704FC059E9B55DF7BF41FA598AFE5E58918015461A4351F,symbol:symbol_count_mismatch,pending_manual_review
TDA03,4224,tda03_t04223,2006年01月09日_03：呼び出し.egpack,2006年01月09日_03：呼び出し,BBF067C3BF6305095F67CE17365877727D8B755A0002793D8BF58A8EDE700A16,symbol:symbol_count_mismatch,pending_manual_review
TDA03,4246,tda03_t04245,2006年01月09日_03：呼び出し.egpack,2006年01月09日_03：呼び出し,FF4C3C446BFDD16A69223889FB48E1736598265037CD605AA1DB73A7404C5EE9,symbol:symbol_count_mismatch,pending_manual_review
TDA03,4338,tda03_t04337,2006年01月10日_01：響の夢.egpack,2006年01月10日_01：響の夢,B964BA508F809CD66049D11BA6B429EE031E47DA2555DD84E5C25352F5E23758,quote:outer_dialogue_quote_edge_mismatch,pending_manual_review
TDA03,4846,tda03_t04845,2006年01月21日_02：真壁と響【0730修正】.egpack,2006年01月21日_02：真壁と響【0730修正】,067E21F1D2BA65BF65DC3CB6BC7E4346E100E8503587251F0AB5530DC3D574EE,quote:cn_added_corner_quote;symbol:symbol_count_mismatch,pending_manual_review
TDA03,4890,tda03_t04889,2006年01月21日_02：真壁と響【0730修正】.egpack,2006年01月21日_02：真壁と響【0730修正】,78A38CD8D63F91178AEAD73EC48ED8B29A39303063F641852A2A3B1BABB8546F,quote:outer_dialogue_quote_edge_mismatch,pending_manual_review
TDA03,5039,tda03_t05038,2006年01月21日_03：真壁、白銀、まりも.egpack,2006年01月21日_03：真壁、白銀、まりも,9E9438CCC23C0062B8F9FC0E9D969B18B947A09E411ED700A1AF626574073C0A,quote:inner_double_corner_quote_missing;symbol:jp_double_corner_quote_missing_or_changed,pending_manual_review
TDA03,5327,tda03_t05326,2006年02月15日_01：洋上の出来事【0730修正】.egpack,2006年02月15日_01：洋上の出来事【0730修正】,49726B8B3B9BCD7E795960835982C050CE2B2BC2364BC625EC29DF8C265131EC,quote:cn_added_corner_quote;symbol:symbol_count_mismatch,pending_manual_review
TDA03,5505,tda03_t99999,2006年02月15日_02：作戦会議【0730修正】.egpack,2006年02月15日_02：作戦会議【0730修正】,63A1B9332728985A5963F3D595733C8861448DA4B990674AE6C85DF83624A587,quote:outer_dialogue_quote_edge_mismatch;symbol:symbol_count_mismatch,pending_manual_review
TDA03,5549,tda03_t05547,2006年02月17日_02：エレンと響.egpack,2006年02月17日_02：エレンと響,9DC08C9B4ABA1CAC6FADB8E8583FF8970D1AED16A0BF0A8FEA5B140263FBFCEE,quote:outer_dialogue_quote_edge_mismatch,pending_manual_review
TDA03,5573,tda03_t05571,2006年02月17日_02：エレンと響.egpack,2006年02月17日_02：エレンと響,2489A513D5A540470A4DEDB3A156980BE96E084359904B1C8DFD990DE756BD7C,quote:inner_double_corner_quote_missing;symbol:jp_double_corner_quote_missing_or_changed,pending_manual_review
TDA03,5652,tda03_t05650,2006年02月17日_02：エレンと響.egpack,2006年02月17日_02：エレンと響,E2FE91F8CF7BCB48D0D8CB697E3BF206C785537D22B701C925B3D8DF21863D3C,quote:cn_added_corner_quote;symbol:symbol_count_mismatch,pending_manual_review
TDA03,6026,tda03_t06024,2006年02月18日_08：『門』入り口.egpack,2006年02月18日_08：『門』入り口,8E04B86EF844B014FDBB01A935C3E6B1A37BFE59205DF61A3D8A3B7B733F6D5D,quote:outer_dialogue_quote_edge_mismatch;symbol:jp_corner_quote_count_mismatch,pending_manual_review
