stable_id,rio_file,block_offset,payload_offset,text_offset,writer_mode,delimiter,source_field_sha256,source_identity_sha256,translation_text,runtime_text,inline_controls,allow_control_change,control_delta_reason,runtime_binding,native_capacity_units,replacement_units,padding_codepoint,padding_units,translation_source
pm:static:photonmelodies11.rio:0000637744:00000444,photonmelodies11.rio,637744,444,444,whole_visible,,41ca2285c720edd3f7af2bdda3ad147f766860dd4d01256fd56666309d35de80,F071CB52020468A556A5EFD1444721BC859C3EC1C73C17BD69EF3E02576601D7,\A关闭回看,\A关闭回看,,no,none,direct_top_level,6,6,,0,gap_audit_pm_2026-08-11
pm:static:photonmelodies11.rio:1339066040:00003415,photonmelodies11.rio,1339066040,3415,3415,whole_visible,,29b32990724451db1ee84e2ce380f6d1c9ec4cae44b13bd6f8e6bd6e4840d262,A1BD96B88D72036B744BBC9C0B35C7E8DCC9A79F0628C98EC6FFB88C48CA3C6F,Muv-Luv photonmelodies,マブラヴ photonmelodys,,no,none,nested_requires_linking,18,18,,0,gap_audit_pm_2026-08-11
pm:static:photonmelodies11.rio:1339066040:00003500,photonmelodies11.rio,1339066040,3500,3500,whole_visible,,75004f9d7a892af8970e6c04945874007562d0ee2e96e14a566e62495c8d1446,1724ABFA5A040249F072A02CED794004F620ACB3D304825CB9DC8F0878AD855D,返回标题菜单,返回至游戏标题菜单界面,,no,none,nested_requires_linking,11,11,,0,gap_audit_pm_2026-08-11
pm:static:photonmelodies11.rio:1339179508:00000415,photonmelodies11.rio,1339179508,415,415,target_after_delimiter,\|,dcac293024fa7b5f160c0ae522632b335e5c42ca6416cf26ee58add2a81f8b01,35594C12BF7255B63B1848CE35271DA3AD44D9D2204C9171BC30A2B5E22CF56B,樱花盛开之前,樱花盛开之前,,no,none,direct_top_level,6,6,,0,gap_audit_pm_2026-08-11
pm:static:photonmelodies11.rio:1339179508:00000523,photonmelodies11.rio,1339179508,523,523,target_after_delimiter,\|,0e82c9664545bf6e68f9e8c1acead0c3e941adbb3ba2b7d38b56da5553d10c62,7BFDC34554BA39713A7162BE093AF451010DAAA5850E74FF30C5EB5D4BD8121D,和小武在一起！,和小武在一起！,,no,none,direct_top_level,7,7,,0,gap_audit_pm_2026-08-11
pm:static:photonmelodies11.rio:1339179508:00000649,photonmelodies11.rio,1339179508,649,649,target_after_delimiter,\|,c9c6087183717314bf2a3663a683080c4eb8665274f30c08ecaef53271adbd45,8086EC47AC0DE72542D4AF4FA91CE2F1A92D98C7120CFF219FCEC5E6E1C62F9E,小武哥的尾巴,小武哥的尾巴,,no,none,direct_top_level,6,6,,0,gap_audit_pm_2026-08-11
pm:static:photonmelodies11.rio:1339179508:00000759,photonmelodies11.rio,1339179508,759,759,target_after_delimiter,\|,f58ff79025ac8203a79ed2d8522aa3938f3ab90b848e9b8bae5b4078d8372ec4,56ABB829F9B52757436DC200FF3BD7D059AAB0452D711C136A1143E042E340F1,白银同学，等一下！！,白银同学，等一下！！,,no,none,direct_top_level,10,10,,0,gap_audit_pm_2026-08-11
pm:static:photonmelodies11.rio:1339179508:00000875,photonmelodies11.rio,1339179508,875,875,target_after_delimiter,\|,5e5843f653e5a1a49eb24e30399e1bdcd90dd08b8f84756e3d717042391cc577,8B88A6505E34AB95D4019E3C53770668A3B647CEFA8F31A03A2DCA7F85C818A1,白银……在吃吗？,白银……在吃吗？,,no,none,direct_top_level,8,8,,0,gap_audit_pm_2026-08-11
pm:static:photonmelodies11.rio:1339179508:00000995,photonmelodies11.rio,1339179508,995,995,target_after_delimiter,\|,a008699cd1599685111ab1f5f071a56e706b8ac9ca497871c87591907055f14c,2DA0D498C351A0369F482D7B15C0B96ECD45AE9341CAF034967246EE109E4D63,其名为武,其名为武,,no,none,direct_top_level,4,4,,0,gap_audit_pm_2026-08-11
pm:static:photonmelodies11.rio:1339179508:00001101,photonmelodies11.rio,1339179508,1101,1101,target_after_delimiter,\|,1e78ba4d9a9491e11c796527edea7bce3eb17e1ab6aa97329cb0aa01de911a88,3C4ED24C93199D38EBDF9850AF2E831AD640B74C98EE15CAB9099B2D35352F51,我名为冥夜,我名为冥夜,,no,none,direct_top_level,5,5,,0,gap_audit_pm_2026-08-11
pm:static:photonmelodies11.rio:1339179508:00001205,photonmelodies11.rio,1339179508,1205,1205,target_after_delimiter,\|,546f0fc9bd5ef747b05b39a971911bcb1dbea5a2a5c059abfae37eca90e28cc8,CF7C558A5B582C8507D57FFB4F187FADFC3C1A79C607FA5612869B8AD80F0BE3,编年史～赎罪～,编年史～赎罪～,,no,none,direct_top_level,7,7,,0,gap_audit_pm_2026-08-11
pm:static:photonmelodies11.rio:1339179508:00001303,photonmelodies11.rio,1339179508,1303,1303,target_after_delimiter,\|,90dbbadcd11fac6392479856b0218972ec4f434e6acbf024ccf2919e17f61f7f,F00334A55CD5A73629E3CB69CFAFDD970D588700A2DA6DA033E09C87AB055BE0,雨舞者,雨舞者,,no,none,direct_top_level,3,3,,0,gap_audit_pm_2026-08-11
pm:static:photonmelodies11.rio:1339179508:00001405,photonmelodies11.rio,1339179508,1405,1405,target_after_delimiter,\|,dd63f25e05c226c223f3bc2e5194afb1890f0932c41093e9a214b6a1bde2eb6b,AA56E4D166F5C77935EB01AB0616BF6CD313AB30F91844C2441604D7A70DD60C,编年史～告白～,编年史～告白～,,no,none,direct_top_level,7,7,,0,gap_audit_pm_2026-08-11
pm:static:photonmelodies11.rio:1339179508:00001507,photonmelodies11.rio,1339179508,1507,1507,target_after_delimiter,\|,9ae36440ab8132c81b91fdf5d75b8c9a4ae399e1b5416540480dbad302855cc8,547FB7CDFC4343ABF2964318E653CB5F4C2B94090E78D0114C6ED0B999D4C177,编年史～继承～,编年史～继承～,,no,none,direct_top_level,7,7,,0,gap_audit_pm_2026-08-11
pm:static:photonmelodies11.rio:1339179508:00001609,photonmelodies11.rio,1339179508,1609,1609,target_after_delimiter,\|,df47d4a03e1a27531c8683c70ddce3c0264131137c51894f59117c32c5dea94b,5BCA7703491C0FF4A56ED7874FBF07743D97935EFD71ECC2BF9316AB13868B6F,Chicken Divers,Chicken Divers,,no,none,direct_top_level,14,14,,0,gap_audit_pm_2026-08-11
pm:static:photonmelodies11.rio:1339179508:00001715,photonmelodies11.rio,1339179508,1715,1715,target_after_delimiter,\|,58eab7347eddf20f586dc0dd792de12691101e2bbf4a5d31556156333f057262,80E0C6A305644940B40A269159E4C143420EAEF32BECA3E4338E82F5E6AA32D6,时空的欠片,时空的欠片,,no,none,direct_top_level,5,5,,0,gap_audit_pm_2026-08-11
pm:static:photonmelodies11.rio:1339179508:00001825,photonmelodies11.rio,1339179508,1825,1825,target_after_delimiter,\|,b6c67ed14c3007e1691d10101bb0771219e56ac7c3450734653226c56c9b1594,11C66B70A10CCED0BA06EBC21033A49E4D4EE9ED785E0278D160C6C4F30FEA46,编年史～憧憬～,编年史～憧憬～,,no,none,direct_top_level,7,7,,0,gap_audit_pm_2026-08-11
pm:static:photonmelodies11.rio:1339179508:00001923,photonmelodies11.rio,1339179508,1923,1923,target_after_delimiter,\|,5288d1f56a0bff47fda5887c841a8a57c12870761e0da6af89cb4034b7501a93,FBB54F18F1C8FFD5264D82C958A1CA145F4A2226DA3724E6FA8368A857971BA1,编年史～再诞～,编年史～再诞～,,no,none,direct_top_level,7,7,,0,gap_audit_pm_2026-08-11
pm:static:photonmelodies11.rio:1685841352:00000433,photonmelodies11.rio,1685841352,433,433,target_after_delimiter,\|,b8c0448b210c6e10ba0a72ac65fab6b41cca63a07afc4d6454d1ae898b3063f1,F805B9640C3B33C66333B2E160CBA76B32C2CE3E1E240C0955C3C923828BF002,"正在检查
系统数据。","正在检查
系统数据。⁠⁠⁠⁠⁠⁠⁠⁠⁠⁠⁠⁠",<0D><0A>,yes,approved_localized_inline_layout_or_pacing,nested_requires_linking,23,23,U+2060,12,gap_audit_pm_2026-08-11
pm:static:photonmelodies11.rio:1685841352:00000712,photonmelodies11.rio,1685841352,712,712,whole_visible,,e5bcc08caa5178f811d3afb9f6a5773e93c8401e32cd6a37b8c0a3ee05d6bb3d,328C89FB2FCBB4FA6F9ED357D5AB13E85DE1E6422AA056073767A05CDFF9598B,该系统数据属于其他用户。请退出游戏，并删除“,该系统数据属于其他用户。请退出游戏，并删除“⁠⁠⁠⁠⁠⁠⁠⁠⁠⁠,,no,none,nested_requires_linking,32,32,U+2060,10,gap_audit_pm_2026-08-11
pm:static:photonmelodies11.rio:1685841352:00000881,photonmelodies11.rio,1685841352,881,881,whole_visible,,2061844a4e88384856a31aa314517c1f3b68247cd765986c903e93f3fca5bf0d,EA4348A3A01082E20F4E3E9668870BC9554643197A6671D832696153267D8115,”的存档数据。,”的存档数据。⁠⁠⁠⁠⁠⁠⁠⁠⁠⁠⁠,,no,none,nested_requires_linking,18,18,U+2060,11,gap_audit_pm_2026-08-11
pm:static:photonmelodies11.rio:1685841352:00000987,photonmelodies11.rio,1685841352,987,987,whole_visible,,bb7d5207d359374440d4c7bc62937a746b06bb4496477f9912548d601c836c5f,B81C69DD5EAAF1EAD126F972DF74C3B0FCBAA1ED99E7A7E35EC54372356BD789,该系统数据属于其他用户。请退出游戏，并删除“,该系统数据属于其他用户。请退出游戏，并删除“⁠⁠⁠⁠⁠⁠⁠⁠⁠⁠⁠⁠⁠⁠⁠⁠⁠⁠⁠⁠⁠⁠⁠⁠⁠⁠⁠⁠⁠⁠⁠⁠⁠⁠⁠⁠⁠⁠⁠⁠⁠⁠⁠⁠⁠⁠⁠⁠⁠⁠⁠⁠⁠⁠⁠⁠⁠⁠⁠⁠⁠⁠⁠⁠,,no,none,nested_requires_linking,86,86,U+2060,64,pm_full_cstring_census_2026-08-11
pm:static:photonmelodies11.rio:1685841352:00001223,photonmelodies11.rio,1685841352,1223,1223,whole_visible,,bc90e9ea197458712cdcf8fd56c6aac92ef75df4fa59a609989fc12537e8d7d0,6D66D49FECEAB48330C41867FF1C2AC71C19212EC4BED5F59072F6DA9EF62DB3,”的存档数据。,”的存档数据。⁠⁠⁠⁠,,no,none,nested_requires_linking,11,11,U+2060,4,pm_full_cstring_census_2026-08-11
pm:static:photonmelodies11.rio:1685841352:00001315,photonmelodies11.rio,1685841352,1315,1315,target_after_delimiter,\|,e419881c835bef60aa0d20f4f45d69b3d06ea188ebce8075b3edaef0ca5f0691,172C22317A98B3AB84955EFC954173CCC4CD1A1BFBCF94049B1C08133830080F,如果继续开始游戏，将无法获得成就。,如果继续开始游戏，将无法获得成就。⁠⁠⁠⁠⁠⁠⁠⁠⁠⁠⁠⁠⁠⁠⁠⁠⁠⁠⁠⁠⁠⁠⁠⁠⁠⁠⁠⁠⁠⁠⁠⁠⁠⁠⁠⁠⁠,,no,none,nested_requires_linking,54,54,U+2060,37,gap_audit_pm_2026-08-11
pm:static:photonmelodies11.rio:1685841352:00001626,photonmelodies11.rio,1685841352,1626,1626,target_after_delimiter,\|,dd57aa9dcd3f02dbe84d070b3e1266b1c224b28dd91eff7d46f469154f1672bf,C827E11BDEC0D9BF3BA05D7501AB610CAB71564374F9A2179257A503B6CFEFC8,"系统数据不存在，
将以初始状态开始游戏。","系统数据不存在，
将以初始状态开始游戏。⁠⁠⁠⁠⁠⁠⁠⁠⁠⁠⁠⁠⁠⁠⁠⁠⁠⁠⁠⁠⁠⁠⁠⁠⁠⁠⁠⁠⁠⁠⁠⁠⁠",<0D><0A>,yes,approved_localized_inline_layout_or_pacing,nested_requires_linking,54,54,U+2060,33,gap_audit_pm_2026-08-11
pm:static:photonmelodies11.rio:1685841352:00001926,photonmelodies11.rio,1685841352,1926,1926,target_after_delimiter,\|,f3f3b993e9528b1af31283cb8cab6120759d277ddb06800cd015d48cade9ebdf,7C28822FC006640D7A0958DF2D603C16DF42885E789361201EDE464076834514,"系统数据已损坏。
要重新读取吗？","系统数据已损坏。
要重新读取吗？⁠⁠⁠⁠⁠⁠⁠⁠⁠⁠⁠⁠⁠⁠⁠⁠⁠⁠⁠⁠⁠⁠⁠⁠⁠⁠⁠⁠⁠⁠⁠⁠⁠⁠⁠⁠⁠⁠⁠",<0D><0A>,yes,approved_localized_inline_layout_or_pacing,nested_requires_linking,56,56,U+2060,39,gap_audit_pm_2026-08-11
pm:static:photonmelodies11.rio:1685841352:00002242,photonmelodies11.rio,1685841352,2242,2242,target_after_delimiter,\|,6f4c8a06ed86f0f14dea364199fb7ab3d692fb23b485d43c8f7da4cf00df14ba,9F86C804166F1E6C7147ECCF751450D3D0DB0267AA9A5B39882A8B7246B17B14,以初始状态开始游戏,以初始状态开始游戏⁠⁠⁠⁠⁠⁠⁠⁠⁠⁠⁠⁠⁠⁠⁠⁠⁠⁠,,no,none,nested_requires_linking,27,27,U+2060,18,gap_audit_pm_2026-08-11
pm:static:photonmelodies11.rio:1685841352:00002450,photonmelodies11.rio,1685841352,2450,2450,target_after_delimiter,\|,2b699cb224b048e8dedc09a28ddca7e8d080713a87710469de3892a8071ceee2,AA795C215289849BDF76A825277C96E7296CBF4DD949080D3893F5AB80B660EC,系统数据已损坏。要重新读取吗？,系统数据已损坏。要重新读取吗？⁠⁠⁠⁠⁠⁠⁠⁠⁠⁠⁠⁠⁠⁠⁠⁠⁠⁠⁠⁠⁠⁠⁠,,no,none,nested_requires_linking,38,38,U+2060,23,gap_audit_pm_2026-08-11
pm:static:photonmelodies11.rio:1685841352:00002687,photonmelodies11.rio,1685841352,2687,2687,target_after_delimiter,\|,6f4c8a06ed86f0f14dea364199fb7ab3d692fb23b485d43c8f7da4cf00df14ba,E710E220C6E6E9746432FD2BD63CE815E7B761A77FA092BF56EE3D562CB6843F,以初始状态开始游戏,以初始状态开始游戏⁠⁠⁠⁠⁠⁠⁠⁠⁠⁠⁠⁠⁠⁠⁠⁠⁠⁠,,no,none,nested_requires_linking,27,27,U+2060,18,gap_audit_pm_2026-08-11
pm:static:photonmelodies11.rio:1685841352:00002866,photonmelodies11.rio,1685841352,2866,2866,target_after_delimiter,\|,f0797346bff4ed4f37bb9f9ec5c62340dfd44c095d66d481b2ae9d7a6904c1b7,CC673C8E6FFADC07A3EEDE073291DDF58B4402ADB23D44801AE120EFC6C193CD,系统数据读取失败。要重新读取吗？,系统数据读取失败。要重新读取吗？⁠⁠⁠⁠⁠⁠⁠⁠⁠⁠⁠⁠⁠⁠⁠⁠⁠⁠⁠⁠⁠⁠,,no,none,nested_requires_linking,38,38,U+2060,22,gap_audit_pm_2026-08-11
pm:static:photonmelodies11.rio:1685841352:00003109,photonmelodies11.rio,1685841352,3109,3109,target_after_delimiter,\|,6f4c8a06ed86f0f14dea364199fb7ab3d692fb23b485d43c8f7da4cf00df14ba,1F81E446E82131A0F37E0CB09B651460624FDD89EE4FBFE5542AB39ABE9230ED,以初始状态开始游戏,以初始状态开始游戏⁠⁠⁠⁠⁠⁠⁠⁠⁠⁠⁠⁠⁠⁠⁠⁠⁠⁠,,no,none,nested_requires_linking,27,27,U+2060,18,gap_audit_pm_2026-08-11
pm:static:photonmelodies11.rio:1688114244:00001211,photonmelodies11.rio,1688114244,1211,1211,whole_visible,,e7dab5504de47e962fdedfb326296f54765e65a3cbf0f2a6dc7d5088e3ba314e,DFBC1ED13E553DDDDF055ADD8271EBA4497653F9AF7320A4732E0674B92908D3,无数据,无数据,,no,none,direct_top_level,3,3,,0,pm_full_cstring_census_2026-08-11
pm:static:photonmelodies11.rio:1688114244:00089802,photonmelodies11.rio,1688114244,89802,89802,target_after_delimiter,\|,62e2c2ec4d04151600273105a85ec1d83322bf94defdf3cbfe5202f569abdfdd,3476CAF86FFD2511E8893F5AFBFB806DE13B7E3435C861D40548212E470A610B,存档时间,存档时间,,no,none,direct_top_level,4,4,,0,gap_audit_pm_2026-08-11
pm:static:photonmelodies11.rio:1688114244:00090700,photonmelodies11.rio,1688114244,90700,90700,target_after_delimiter,\|,c23547bdedec2022e9006e3996c1c56918a37e850629bf08e9c72c92ff9a2894,45CFC768C3767700204EBDEFAB0F64D6A5C88DEDD218EDFAD278EA3DC4606CE0,%H时%M分%S秒,%H时%M分%S秒,,no,none,direct_top_level,9,9,,0,gap_audit_pm_2026-08-11
pm:static:photonmelodies11.rio:1688114244:00094454,photonmelodies11.rio,1688114244,94454,94454,target_after_delimiter,\|,62e2c2ec4d04151600273105a85ec1d83322bf94defdf3cbfe5202f569abdfdd,792B587600B7F54C7E2C1EDCEC6209EA8C74CEF073C8642FC23CCD6EAB186704,存档时间,存档时间,,no,none,direct_top_level,4,4,,0,gap_audit_pm_2026-08-11
pm:static:photonmelodies11.rio:1688114244:00095352,photonmelodies11.rio,1688114244,95352,95352,target_after_delimiter,\|,c23547bdedec2022e9006e3996c1c56918a37e850629bf08e9c72c92ff9a2894,EB4D795CD103244F93BB4178857DD618D20F9213D32F686A37D4AA2E768A1D20,%H时%M分%S秒,%H时%M分%S秒,,no,none,direct_top_level,9,9,,0,gap_audit_pm_2026-08-11
pm:static:photonmelodies11.rio:1688114244:00099106,photonmelodies11.rio,1688114244,99106,99106,target_after_delimiter,\|,62e2c2ec4d04151600273105a85ec1d83322bf94defdf3cbfe5202f569abdfdd,93D14E4F6BE4FBA9E8CF2C059D617FB98709E423A0551ADED4735A119C87E204,存档时间,存档时间,,no,none,direct_top_level,4,4,,0,gap_audit_pm_2026-08-11
pm:static:photonmelodies11.rio:1688114244:00100004,photonmelodies11.rio,1688114244,100004,100004,target_after_delimiter,\|,c23547bdedec2022e9006e3996c1c56918a37e850629bf08e9c72c92ff9a2894,D87824A489BEF52A747A3B55179F103A57C8DA9061A68C1130653A4E28FBEEC9,%H时%M分%S秒,%H时%M分%S秒,,no,none,direct_top_level,9,9,,0,gap_audit_pm_2026-08-11
pm:static:photonmelodies11.rio:1688114244:00103758,photonmelodies11.rio,1688114244,103758,103758,target_after_delimiter,\|,62e2c2ec4d04151600273105a85ec1d83322bf94defdf3cbfe5202f569abdfdd,B1BDC3379DF68A962CC008827CFF5C6831201BB1FD3B735E4F04DECA9358A147,存档时间,存档时间,,no,none,direct_top_level,4,4,,0,gap_audit_pm_2026-08-11
pm:static:photonmelodies11.rio:1688114244:00104656,photonmelodies11.rio,1688114244,104656,104656,target_after_delimiter,\|,c23547bdedec2022e9006e3996c1c56918a37e850629bf08e9c72c92ff9a2894,DB663D73B10FC80DE36EB515AE56E83AD486D6053C0DC89D0BA1B017D2A4DC2B,%H时%M分%S秒,%H时%M分%S秒,,no,none,direct_top_level,9,9,,0,gap_audit_pm_2026-08-11
pm:static:photonmelodies11.rio:1688114244:00108410,photonmelodies11.rio,1688114244,108410,108410,target_after_delimiter,\|,62e2c2ec4d04151600273105a85ec1d83322bf94defdf3cbfe5202f569abdfdd,DF5DFA034C4758BD059A6D788C25C5BA5044BC78C4B94E1E3F779A47AC69D332,存档时间,存档时间,,no,none,direct_top_level,4,4,,0,gap_audit_pm_2026-08-11
pm:static:photonmelodies11.rio:1688114244:00109308,photonmelodies11.rio,1688114244,109308,109308,target_after_delimiter,\|,c23547bdedec2022e9006e3996c1c56918a37e850629bf08e9c72c92ff9a2894,3C03AF95885DF11E322CF661BC725FA07262A6706A404FE74B20EEE556C93E00,%H时%M分%S秒,%H时%M分%S秒,,no,none,direct_top_level,9,9,,0,gap_audit_pm_2026-08-11
pm:static:photonmelodies11.rio:1688114244:00113062,photonmelodies11.rio,1688114244,113062,113062,target_after_delimiter,\|,62e2c2ec4d04151600273105a85ec1d83322bf94defdf3cbfe5202f569abdfdd,70F9C1529CDF1CF90A67242171AA686E63B40E52924D23BF25F0A3F03A6537E1,存档时间,存档时间,,no,none,direct_top_level,4,4,,0,gap_audit_pm_2026-08-11
pm:static:photonmelodies11.rio:1688114244:00113960,photonmelodies11.rio,1688114244,113960,113960,target_after_delimiter,\|,c23547bdedec2022e9006e3996c1c56918a37e850629bf08e9c72c92ff9a2894,38471C477150B07B9EA11986DED7D46A44289856D83E22B3F0EF56EA06F0B5E9,%H时%M分%S秒,%H时%M分%S秒,,no,none,direct_top_level,9,9,,0,gap_audit_pm_2026-08-11
pm:static:photonmelodies11.rio:1688114244:00163696,photonmelodies11.rio,1688114244,163696,163696,target_after_delimiter,\|,5ef709add78f4493de81b368568e940478340415545f3becf839a2d01755f9f7,FC9F2F68391E6C9F256BB659CDAD358D4F1DF2A8D79EF5D19318490F5E84AC09,"检测到损坏的存档数据。
删除后，该存档数据将永久丢失。
要删除这个损坏的存档数据吗？","检测到损坏的存档数据。
删除后，该存档数据将永久丢失。
要删除这个损坏的存档数据吗？",<0D><0A><0D><0A>,yes,approved_localized_inline_layout_or_pacing,direct_top_level,44,44,,0,gap_audit_pm_2026-08-11
pm:static:photonmelodies11.rio:1688114244:00164088,photonmelodies11.rio,1688114244,164088,164088,target_after_delimiter,\|,9de9bd4ebff6dc86aa1d34a139378305e0a7754d1996e19298b6c208605e767c,6540EC681B55897A701576779D35890835C432133B87A40E1DB0147DA28B66CE,"检测到存档数据。
删除后，该存档数据将永久丢失。
要删除这个存档数据吗？","检测到存档数据。
删除后，该存档数据将永久丢失。
要删除这个存档数据吗？",<0D><0A><0D><0A>,yes,approved_localized_inline_layout_or_pacing,direct_top_level,38,38,,0,gap_audit_pm_2026-08-11
pm:static:photonmelodies11.rio:1688114244:00164490,photonmelodies11.rio,1688114244,164490,164490,target_after_delimiter,\|,910c75e51b38a4748e22b5378b86a591b5d36bb86dfe8441fdcb868b0c523f9a,048A30944BC890539126B5AC24F025D6E8060C89FAB9FD7D5E42A34C563C64B6,"正在删除。
请勿关闭设备电源。","正在删除。
请勿关闭设备电源。",<0D><0A>,yes,approved_localized_inline_layout_or_pacing,direct_top_level,16,16,,0,gap_audit_pm_2026-08-11
pm:static:photonmelodies11.rio:1688114244:00164751,photonmelodies11.rio,1688114244,164751,164751,target_after_delimiter,\|,910c75e51b38a4748e22b5378b86a591b5d36bb86dfe8441fdcb868b0c523f9a,EA49C26ADDE9E5E233F607813BA45EB760660BE588E102EA4147CAF12EBD1237,"正在删除。
请勿关闭设备电源。","正在删除。
请勿关闭设备电源。",<0D><0A>,yes,approved_localized_inline_layout_or_pacing,direct_top_level,16,16,,0,gap_audit_pm_2026-08-11
pm:static:photonmelodies11.rio:1688114244:00164951,photonmelodies11.rio,1688114244,164951,164951,target_after_delimiter,\|,cb2120277bec8e7e377e5d18acc1d3032520210a4e1217e9aa16bdcc39b39d3e,336876927B27133EF1248FCF97E802DCF0C256B13127FDA02FE34AD88D802E8D,"存档数据删除失败。
要再试一次吗？","存档数据删除失败。
要再试一次吗？",<0D><0A>,yes,approved_localized_inline_layout_or_pacing,direct_top_level,18,18,,0,gap_audit_pm_2026-08-11
pm:static:photonmelodies11.rio:1688114244:00166524,photonmelodies11.rio,1688114244,166524,166524,target_after_delimiter,\|,37ede6fedce1f0e3c7b48727b51609759dacc1201fcc02b4e3ed77f0693aa606,67407FB0A11D7E03521FB3511E0B7703FF6B6FB88D820B1F5F36F9F6E8080ED1,"检测到损坏的存档数据。
覆盖后，该存档数据将永久丢失。
要覆盖这个损坏的存档数据吗？","检测到损坏的存档数据。
覆盖后，该存档数据将永久丢失。
要覆盖这个损坏的存档数据吗？",<0D><0A><0D><0A>,yes,approved_localized_inline_layout_or_pacing,direct_top_level,44,44,,0,gap_audit_pm_2026-08-11
pm:static:photonmelodies11.rio:1688114244:00166968,photonmelodies11.rio,1688114244,166968,166968,target_after_delimiter,\|,28a14d9cac1304a3869c487b4ba73e9ebef1922574314c4c04d0f0f77834c033,469F95C0405B87AE5EB52F26B77FB6A186B9360F10A92231CEC86206BEA70E4B,"已有存档数据。
覆盖后，该存档数据将永久丢失。
要覆盖这个存档数据吗？","已有存档数据。
覆盖后，该存档数据将永久丢失。
要覆盖这个存档数据吗？",<0D><0A><0D><0A>,yes,approved_localized_inline_layout_or_pacing,direct_top_level,37,37,,0,gap_audit_pm_2026-08-11
pm:static:photonmelodies11.rio:1688114244:00167590,photonmelodies11.rio,1688114244,167590,167590,target_after_delimiter,\|,11dd1ff8919de6d8fe451fd74186224413497b1bd63736a672b3adc3f835cda5,CC0638DA5DDF85D0E81AC1A9D603FF258676433E50810B4256B13E0194D96515,"游戏数据保存失败。
可用空间不足。","游戏数据保存失败。
可用空间不足。",<0D><0A>,yes,approved_localized_inline_layout_or_pacing,direct_top_level,18,18,,0,gap_audit_pm_2026-08-11
pm:static:photonmelodies11.rio:1688114244:00167801,photonmelodies11.rio,1688114244,167801,167801,target_after_delimiter,\|,5a5127e7fd51209c32e556ee6680659ae86488e2c41a45fbcb8ca3e78f42e3af,5BE10A40CF801439CA6A1C41ACD8AD88E8EF8AD279AF1868DA2ABCB546BFB6D2,"游戏数据保存失败。
要再试一次吗？","游戏数据保存失败。
要再试一次吗？",<0D><0A>,yes,approved_localized_inline_layout_or_pacing,direct_top_level,18,18,,0,gap_audit_pm_2026-08-11
pm:static:photonmelodies11.rio:1688114244:00168319,photonmelodies11.rio,1688114244,168319,168319,target_after_delimiter,\|,85f4864f514352525756d12a269d4c61db6896540db31d6eab5ad2ebb979bf92,DBBCFDB594B34EA2F4F6393648C31DBC180E36FD7D5C52C4CFBF872C368BA826,要读取此数据吗？当前游戏进度将会丢失。,要读取此数据吗？当前游戏进度将会丢失。,,no,none,direct_top_level,19,19,,0,gap_audit_pm_2026-08-11
pm:static:photonmelodies11.rio:1688114244:00168636,photonmelodies11.rio,1688114244,168636,168636,target_after_delimiter,\|,1afe2eeea0b3a0fad7fc7957d43f0ce4e02f01cf69115942f22771a7c3a2c619,3684585431C983D06091E6455C0BA24BD51198156EEA585A3B5B94FA4B15F3A0,正在读取游戏数据。,正在读取游戏数据。,,no,none,direct_top_level,9,9,,0,gap_audit_pm_2026-08-11
pm:static:photonmelodies11.rio:1688114244:00168974,photonmelodies11.rio,1688114244,168974,168974,target_after_delimiter,\|,1afe2eeea0b3a0fad7fc7957d43f0ce4e02f01cf69115942f22771a7c3a2c619,F745451B4384D316168D708A9C80C3E4ADD8020BAE242F9DFBAC6ECC0E151CF8,正在读取游戏数据。,正在读取游戏数据。,,no,none,direct_top_level,9,9,,0,gap_audit_pm_2026-08-11
pm:static:photonmelodies11.rio:1688114244:00169139,photonmelodies11.rio,1688114244,169139,169139,target_after_delimiter,\|,254743f1a4d7654a5af50141f53ee6f7511b535ea58dadaa3a6e517a122a2f1e,E7C6765DB9B0F8CC4FDA0B8770CA99C30ACCF7EE9D7AE1ED360AAAC638B3EFD7,所选设备中的游戏数据已损坏。要重新读取吗？,所选设备中的游戏数据已损坏。要重新读取吗？,,no,none,direct_top_level,21,21,,0,gap_audit_pm_2026-08-11
pm:static:photonmelodies11.rio:1688114244:00169397,photonmelodies11.rio,1688114244,169397,169397,target_after_delimiter,\|,6740151169744014f3706e7788fa56764cc11d9d0c64342a5b81ba4bb64a93b2,83413E4F4B1107CF306B3FD35B71A46AF07EE1F52F51B774E7F223EB33CF1DFB,该游戏数据属于其他用户，无法读取。,该游戏数据属于其他用户，无法读取。,,no,none,direct_top_level,17,17,,0,gap_audit_pm_2026-08-11
pm:static:photonmelodies11.rio:1688114244:00169779,photonmelodies11.rio,1688114244,169779,169779,target_after_delimiter,\|,dd6a5ee7d41512745298bf735b3aafe5b1343f5b34a6baf2617a9d60abddb65d,AEDBF3F43F0DBB2D60F42269A6B507EA0B1F4DC16E4647BF126E8E546681D4AF,读取所选设备中的游戏数据失败。要重新读取吗？,读取所选设备中的游戏数据失败。要重新读取吗？,,no,none,direct_top_level,22,22,,0,gap_audit_pm_2026-08-11
pm:static:photonmelodies11.rio:1688686468:00000168,photonmelodies11.rio,1688686468,168,168,target_after_delimiter,\|,0d4b563f5d80099da96713477301f92dbd499b39d55dcf2e480c0fb972f47c8f,438BB2DD204F3671AE6ED8C7AFEF0752ABE877568A6F3655BF619B7B3D8279FE,快速存档,快速存档⁠⁠⁠⁠⁠,,no,none,nested_requires_linking,9,9,U+2060,5,gap_audit_pm_2026-08-11
pm:static:photonmelodies11.rio:1688686468:00000291,photonmelodies11.rio,1688686468,291,291,target_after_delimiter,\|,e9f534a3b41dbebfbeb175d37fbb15c69989e3b296418cf4d215ca0baac531c2,484CAC9E56FDF5D052C07571F65CC4239E04AD2F6F54D4899A5CE134F5E3A3E5,自动快速存档 选项,自动快速存档 选项⁠⁠,,no,none,nested_requires_linking,11,11,U+2060,2,gap_audit_pm_2026-08-11
pm:static:photonmelodies11.rio:1688686468:00000405,photonmelodies11.rio,1688686468,405,405,target_after_delimiter,\|,e132565817377e179051c6eb6b40101023f52246cd554b277e37f844335d14be,7122223D2E527A1B30B9AC724AB1980F6BB5D882B78CED9D9448E81B56775194,自动快速存档 章节,自动快速存档 章节⁠⁠⁠⁠⁠⁠⁠⁠⁠,,no,none,nested_requires_linking,18,18,U+2060,9,gap_audit_pm_2026-08-11
pm:static:photonmelodies11.rio:1688686468:00000529,photonmelodies11.rio,1688686468,529,529,target_after_delimiter,\|,a3cb3fa7c1fd828c630a749f09f33a60196a49f1e3d118034ecc44226e066baa,71F6C4C4418360C09C74B43E0DB555F7B4A0FFF71F2CDC43D977CE1FB4EBDA05,自动快速存档 读取前,自动快速存档 读取前⁠⁠⁠,,no,none,nested_requires_linking,13,13,U+2060,3,gap_audit_pm_2026-08-11
pm:static:photonmelodies11.rio.002:1205271640:00020398,photonmelodies11.rio.002,1205271640,20398,20398,target_after_delimiter,\|,07e4e265ae23c892a32444ef63f6327ed2096ece4f4739ee406120e35ee09cd3,A0958CB3B51FA06BDF5967749834BFBECEA820D410AB4A648741B53FBE173014,"将本页设置恢复为默认值。
确定吗？","将本页设置恢复为默认值。
确定吗？",<0D><0A>,yes,approved_localized_inline_layout_or_pacing,direct_top_level,18,18,,0,gap_audit_pm_2026-08-11
pm:static:photonmelodies11.rio.002:1205271640:00020808,photonmelodies11.rio.002,1205271640,20808,20808,target_after_delimiter,\|,07e4e265ae23c892a32444ef63f6327ed2096ece4f4739ee406120e35ee09cd3,3DDB84C83F3FD7CD4A3AC894BDD8C761006601101E9CE6F9BA3908FEE68D6349,"将本页设置恢复为默认值。
确定吗？","将本页设置恢复为默认值。
确定吗？",<0D><0A>,yes,approved_localized_inline_layout_or_pacing,direct_top_level,18,18,,0,gap_audit_pm_2026-08-11
pm:static:photonmelodies11.rio.002:1205271640:00021835,photonmelodies11.rio.002,1205271640,21835,21835,target_after_delimiter,\|,07e4e265ae23c892a32444ef63f6327ed2096ece4f4739ee406120e35ee09cd3,790F781741CD4D250FB7997AFB823B1AD44F03AEC88CBBE631AC3557E94EBE2D,"将本页设置恢复为默认值。
确定吗？","将本页设置恢复为默认值。
确定吗？",<0D><0A>,yes,approved_localized_inline_layout_or_pacing,direct_top_level,18,18,,0,gap_audit_pm_2026-08-11
pm:static:photonmelodies11.rio.002:1205271640:00022268,photonmelodies11.rio.002,1205271640,22268,22268,target_after_delimiter,\|,07e4e265ae23c892a32444ef63f6327ed2096ece4f4739ee406120e35ee09cd3,D79ECAD31D33DD0FFB14C3195B93C59336B20B23147183B4BADCE2F079538016,"将本页设置恢复为默认值。
确定吗？","将本页设置恢复为默认值。
确定吗？",<0D><0A>,yes,approved_localized_inline_layout_or_pacing,direct_top_level,18,18,,0,gap_audit_pm_2026-08-11
pm:static:photonmelodies11.rio.002:1205271640:00023013,photonmelodies11.rio.002,1205271640,23013,23013,target_after_delimiter,\|,07e4e265ae23c892a32444ef63f6327ed2096ece4f4739ee406120e35ee09cd3,D9C5DDB72AC7FA28A0BB7A42D1D8C2330ABA731B90DC5630E2A863B073AC9717,"将本页设置恢复为默认值。
确定吗？","将本页设置恢复为默认值。
确定吗？",<0D><0A>,yes,approved_localized_inline_layout_or_pacing,direct_top_level,18,18,,0,gap_audit_pm_2026-08-11
pm:static:photonmelodies11.rio.002:1205271640:00023758,photonmelodies11.rio.002,1205271640,23758,23758,target_after_delimiter,\|,07e4e265ae23c892a32444ef63f6327ed2096ece4f4739ee406120e35ee09cd3,63745337AF7F75E78AA7F002F691E63F8B78C477A67751B1C979755A36435C8F,"将本页设置恢复为默认值。
确定吗？","将本页设置恢复为默认值。
确定吗？",<0D><0A>,yes,approved_localized_inline_layout_or_pacing,direct_top_level,18,18,,0,gap_audit_pm_2026-08-11
pm:static:photonmelodies11.rio.002:1205271640:00024503,photonmelodies11.rio.002,1205271640,24503,24503,target_after_delimiter,\|,07e4e265ae23c892a32444ef63f6327ed2096ece4f4739ee406120e35ee09cd3,5F0DE5EC891CB02B58AEEEC870BA43CE9119793B06B699BD859E954C4E456BE2,"将本页设置恢复为默认值。
确定吗？","将本页设置恢复为默认值。
确定吗？",<0D><0A>,yes,approved_localized_inline_layout_or_pacing,direct_top_level,18,18,,0,gap_audit_pm_2026-08-11
pm:static:photonmelodies11.rio.002:1211649556:00050453,photonmelodies11.rio.002,1211649556,50453,50453,target_after_delimiter,\|,0044c09ef2a7ab280bbb06ff6decd9459959efb259490f0732cdaf1e70356bf3,B6E3B415707F70151380397DCB4EB34457D6E7A57CC1FF3624D0A59DA59C4C74,"当前未保存的游戏进度将会丢失。
要中断游戏并进入章节模式吗？","当前未保存的游戏进度将会丢失。
要中断游戏并进入章节模式吗？",<0D><0A>,yes,approved_localized_inline_layout_or_pacing,direct_top_level,31,31,,0,gap_audit_pm_2026-08-11
pm:static:photonmelodies11.rio.002:1211649556:00051655,photonmelodies11.rio.002,1211649556,51655,51655,target_after_delimiter,\|,5f34c70a545f9804455ec9c46bac8b870286e1b00c24d40ae10a6ad7eb63c7cf,789111006BACEF1CDBBDBF1891958769622467BB7F4C2BB358889A52F273804E,"当前未保存的游戏进度将会丢失。
要返回标题菜单吗？","当前未保存的游戏进度将会丢失。
要返回标题菜单吗？",<0D><0A>,yes,approved_localized_inline_layout_or_pacing,direct_top_level,26,26,,0,gap_audit_pm_2026-08-11
pm:static:photonmelodies11.rio.002:1858727564:00000509,photonmelodies11.rio.002,1858727564,509,509,target_after_delimiter,\|,4b348cb8323f2d9e79b502ae1f125899e2cd49bbe6c498a621408458c2aff628,321351BC11CFA54F079008FD9A82CD092D41F4CCBC613EC29466422A6863EC9B,壁纸文件保存失败。\n请检查所选目标文件夹的访问权限、可用空间，以及是否已存在同名文件等。,壁纸文件保存失败。\n请检查所选目标文件夹的访问权限、可用空间，以及是否已存在同名文件等。⁠⁠⁠⁠⁠⁠⁠⁠⁠⁠⁠⁠⁠⁠⁠⁠⁠⁠⁠⁠⁠⁠⁠⁠⁠⁠⁠⁠⁠⁠⁠⁠⁠⁠⁠⁠⁠⁠⁠⁠⁠⁠⁠⁠⁠⁠⁠⁠⁠⁠⁠⁠⁠⁠⁠⁠⁠⁠⁠⁠⁠⁠⁠⁠⁠⁠⁠⁠⁠⁠⁠⁠⁠⁠⁠⁠⁠⁠⁠⁠⁠⁠⁠⁠⁠⁠⁠⁠⁠⁠⁠⁠⁠⁠⁠⁠⁠⁠⁠⁠⁠⁠⁠⁠⁠⁠⁠⁠⁠⁠⁠⁠⁠⁠⁠⁠⁠⁠⁠⁠⁠⁠⁠⁠⁠⁠⁠⁠⁠⁠⁠⁠⁠⁠,,no,none,nested_requires_linking,179,179,U+2060,134,gap_audit_pm_2026-08-11
pm:static:photonmelodies11.rio.002:1858727564:00001083,photonmelodies11.rio.002,1858727564,1083,1083,target_after_delimiter,\|,8ff6b857b5d5c17c4ce6fb16c1944dfbe7411ee0c6b28b0f64067fd456d2d60f,8B4671CDAA52CDC544EA816CEF79CFA606B816472E955C4716EA51FBF029A186,找不到壁纸文件。文件可能未正确安装。\n请尝试重新安装。,找不到壁纸文件。文件可能未正确安装。\n请尝试重新安装。⁠⁠⁠⁠⁠⁠⁠⁠⁠⁠⁠⁠⁠⁠⁠⁠⁠⁠⁠⁠⁠⁠⁠⁠⁠⁠⁠⁠⁠⁠⁠⁠⁠⁠⁠⁠⁠⁠⁠⁠⁠⁠⁠⁠⁠⁠⁠⁠⁠⁠⁠⁠⁠⁠⁠⁠,,no,none,nested_requires_linking,85,84,U+2060,56,gap_audit_pm_2026-08-11
pm:static:photonmelodies11.rio.003:0923926052:00028260,photonmelodies11.rio.003,923926052,28260,28260,target_after_delimiter,\|,bb43da33cb744a7458b77674ba0c9eecd3dd72c26e4b75b124f6ba005d868c83,36537A86603C93855AE1A7EFD76CF9C50503B3F4DA5251EDFF93AA23B9391B91,当然是和福伊尔纳少尉打壁球,当然是和福伊尔纳少尉打壁球,,no,none,direct_top_level,13,13,,0,private_review_source_hash_bound
pm:static:photonmelodies11.rio.003:0923926052:00028397,photonmelodies11.rio.003,923926052,28397,28397,target_after_delimiter,\|,f5eb5ce30cdb466a1277fdac7172235c7c80a9a5b2659ee1a003b497c65cf687,B91CB81A9A0E3EE731A27A14C0479D4AA89384DBBB03EDB77DC73BBDD1D20936,和法尔肯迈尔少尉练习击剑,和法尔肯迈尔少尉练习击剑,,no,none,direct_top_level,12,12,,0,private_review_source_hash_bound
pm:static:photonmelodies11.rio.003:0923926052:00028544,photonmelodies11.rio.003,923926052,28544,28544,target_after_delimiter,\|,9489b509d49dbeefeb72a9f1c9eaf7fa60f4a6649bc92ec8d57c13134e41917a,6EA06876F99DD1EAD7869CE3FB1FD6FF5C2D810909E2381CF5F62B7024698CD9,当然是和维茨莱本少尉游泳,当然是和维茨莱本少尉游泳,,no,none,direct_top_level,12,12,,0,private_review_source_hash_bound
pm:static:photonmelodies11.rio.003:1272111780:00035867,photonmelodies11.rio.003,1272111780,35867,35867,target_after_delimiter,\|,8a47f2989c1be0cbf2e320ac2f348eb4fee795029d53ae3af978a651b06e1918,842B64C9896182C6A6E7A3A43055C3DF745DE238E58AAC7B760D1286E0DDAE0A,上啊纯夏！！,上啊纯夏！！⁠⁠⁠⁠⁠⁠⁠⁠⁠⁠⁠⁠⁠⁠,,no,none,nested_requires_linking,20,20,U+2060,14,private_review_source_hash_bound
pm:static:photonmelodies11.rio.003:1272111780:00035962,photonmelodies11.rio.003,1272111780,35962,35962,target_after_delimiter,\|,16503565e4eb455140a26939b6cd690eb1a7dd215cd9a8cac844dce3ca4ba13a,6224A6996B8A54D68D8269C19281A7AC3C8913B7D44E243F734954904907B53B,冥夜，让我见识一下所谓武士之魂吧！,冥夜，让我见识一下所谓武士之魂吧！⁠⁠⁠⁠⁠⁠⁠⁠⁠⁠⁠⁠⁠⁠⁠⁠⁠⁠⁠⁠⁠⁠⁠⁠,,no,none,nested_requires_linking,41,41,U+2060,24,private_review_source_hash_bound
pm:static:photonmelodies11.rio.003:1272111780:00036121,photonmelodies11.rio.003,1272111780,36121,36121,target_after_delimiter,\|,2f962432b7956d48e13dec1e1d533a0c572dbb6f757e4e52e272e039ba830d59,494AF2A7547BCA80A3CD3B2C0F3965A3787FDA3234D0455285F32EFCB31B93AF,抱歉了悠阳，接受你的宿命吧,抱歉了悠阳，接受你的宿命吧⁠⁠⁠⁠⁠⁠⁠⁠⁠⁠⁠⁠⁠⁠⁠⁠⁠⁠⁠⁠⁠⁠⁠⁠⁠⁠,,no,none,nested_requires_linking,39,39,U+2060,26,private_review_source_hash_bound
pm:static:photonmelodies11.rio.003:1272111780:00036268,photonmelodies11.rio.003,1272111780,36268,36268,target_after_delimiter,\|,08a51bd010a1e60d8b8e243407f04b7bc2150569100a73bfb964842c85a13fea,05419E51CE3CF627515EACF71A55AEEDE2FEF3A5EC498765D0A4EF3918F6062D,这次就……选霞怎么样？,这次就……选霞怎么样？⁠⁠⁠⁠⁠⁠⁠⁠⁠⁠⁠,,no,none,nested_requires_linking,22,22,U+2060,11,private_review_source_hash_bound
pm:static:photonmelodies11.rio.003:2092185664:00030995,photonmelodies11.rio.003,2092185664,30995,30995,target_after_delimiter,\|,6bfa853db3e5ed70e33b6e271c632afec52084da607ea97c6f2411b66d41f36b,3B20D37506C0A7738560B9EF1910BD2F85500CE08B5B91B1D423E854DE13D75C,抱歉，我去外面透透气。,抱歉，我去外面透透气。⁠⁠⁠⁠⁠⁠⁠⁠⁠⁠⁠⁠⁠⁠⁠⁠⁠⁠⁠⁠⁠⁠⁠⁠⁠⁠⁠⁠⁠⁠⁠⁠⁠⁠,,no,none,nested_requires_linking,45,45,U+2060,34,private_review_source_hash_bound
pm:static:photonmelodies11.rio.003:2092185664:00031150,photonmelodies11.rio.003,2092185664,31150,31150,target_after_delimiter,\|,5049ccf60dd190c15cef617455404df6c401d4c747a207f577b0ea261e8d5e2a,C1652AEC65E5B86755F791CA178B2AE2CF82F046FCCA7B75FEF418947FCC9366,不，我先回一趟房间。,不，我先回一趟房间。⁠⁠⁠⁠⁠⁠⁠⁠⁠⁠⁠⁠⁠⁠⁠⁠⁠⁠⁠⁠⁠⁠⁠⁠⁠⁠⁠⁠⁠⁠⁠⁠⁠⁠,,no,none,nested_requires_linking,44,44,U+2060,34,private_review_source_hash_bound
pm:static:photonmelodies11.rio.003:2092185664:00031301,photonmelodies11.rio.003,2092185664,31301,31301,target_after_delimiter,\|,a444a5bc391550189e2571df97a260ee66bc8ff4349b112b30f44479f71d98c2,2F95ADBBFBF2883BF55B2C8EB6E14EA63B841ABDC49C7F623BD7A21416E4A80F,纯夏这家伙，真拿她没办法……,纯夏这家伙，真拿她没办法……⁠⁠⁠⁠⁠⁠⁠⁠⁠⁠⁠⁠⁠⁠⁠⁠⁠⁠⁠,,no,none,nested_requires_linking,33,33,U+2060,19,private_review_source_hash_bound
pm:static:photonmelodies11.rio.003:2092185664:00101479,photonmelodies11.rio.003,2092185664,101479,101479,target_after_delimiter,\|,e716ccf3c8920ba9c49e04ae795899dfcbd0858d94a4b6ad0a2337e2f1e09c5e,FC24E3256488B5D7B5A7D4135122CC9852B2060BE942B35F2024CD27BF070EF3,《电台实况职业足球》,《电台实况职业足球》⁠⁠⁠⁠⁠⁠⁠⁠⁠⁠⁠⁠⁠⁠⁠⁠⁠⁠,,no,none,nested_requires_linking,28,28,U+2060,18,private_review_source_hash_bound
pm:static:photonmelodies11.rio.003:2092185664:00101598,photonmelodies11.rio.003,2092185664,101598,101598,target_after_delimiter,\|,45cd967406ec69059ae1301fdfbb0e85f1b659094972e44ea88a64718040407e,6F9E2A629E53358FDC51B15D7CCDED11761AF2D921EC300079E98D1D0BCFF0CC,《F－0.1》,《F－0.1》,,no,none,nested_requires_linking,7,7,,0,private_review_source_hash_bound
pm:static:photonmelodies11.rio.003:2092185664:00101663,photonmelodies11.rio.003,2092185664,101663,101663,target_after_delimiter,\|,a391e054fc82a07155401c069f1bac817d7553ee410825ed9f9f37b5c0acbb87,1D778CC46D8879EC76FC92C505401669C057DA27C37AD250A4F40DAA564D2C72,《钻头先生2》,《钻头先生2》⁠⁠⁠⁠⁠⁠⁠⁠⁠⁠⁠⁠⁠,,no,none,nested_requires_linking,20,20,U+2060,13,private_review_source_hash_bound
pm:static:photonmelodies11.rio.003:2092185664:00101766,photonmelodies11.rio.003,2092185664,101766,101766,target_after_delimiter,\|,823c1877971b3fddc0ee592fbef75c5da29060aa8b8653acaabc6efd65d7bed1,69D1E3812670BC4B5F505D5E11CEF892A071E85F42DB3A05A9E0AFEAB3781010,《能源小子·Game Guy》,《能源小子·Game Guy》⁠⁠⁠⁠⁠⁠⁠⁠⁠⁠⁠⁠⁠⁠⁠⁠⁠⁠⁠⁠⁠⁠⁠,,no,none,nested_requires_linking,38,38,U+2060,23,private_review_source_hash_bound
pm:static:photonmelodies11.rio.003:2092185664:00101915,photonmelodies11.rio.003,2092185664,101915,101915,target_after_delimiter,\|,24b314f72c842af3151b67bfc804ea0469f92562b3abb652dfa95aab7a6c4ebe,A1EF990B246A1CA6D5E62C0FC60F8F7959B2906C2CF95473A49EE4353CBE3EEE,《百分裁判》,《百分裁判》⁠⁠⁠⁠⁠⁠⁠⁠⁠⁠⁠⁠⁠⁠⁠⁠⁠⁠⁠⁠⁠⁠⁠⁠⁠⁠⁠,,no,none,nested_requires_linking,33,33,U+2060,27,private_review_source_hash_bound
pm:static:photonmelodies11.rio.004:0131862200:00070886,photonmelodies11.rio.004,131862200,70886,70886,target_after_delimiter,\|,230c018e031b85090813b00b2ed938931814710a550b48ad267c380e836450a7,49D638A32B34CD57EA1122B19EB531904602F7732973E024DE51897EDF296DF6,纯夏与霞之间,纯夏与霞之间,,no,none,direct_top_level,6,6,,0,private_review_source_hash_bound
pm:static:photonmelodies11.rio.004:0131862200:00070993,photonmelodies11.rio.004,131862200,70993,70993,target_after_delimiter,\|,ab694980c9f05784fd8feddedb2ce16d0033a5754615cd9074810e11e21c8517,8B1CFB54A59908CA6241BC6CB387E29DC6902B64AF48131B0154A1D553A12968,冥夜与悠阳之间,冥夜与悠阳之间,,no,none,direct_top_level,7,7,,0,private_review_source_hash_bound
pm:static:photonmelodies11.rio.004:0131862200:00071098,photonmelodies11.rio.004,131862200,71098,71098,target_after_delimiter,\|,f1ea6639f43d73899f1dc4f24f90714873beabd5e2612427aacfb43827f2a623,17A973CB7B5634DE7DE44D5F8AA3A1FEC35F1B6737E74B2C64FE5BFE965DD055,千鹤与柏木之间,千鹤与柏木之间,,no,none,direct_top_level,7,7,,0,private_review_source_hash_bound
pm:static:photonmelodies11.rio.004:0131862200:00071215,photonmelodies11.rio.004,131862200,71215,71215,target_after_delimiter,\|,9a604b6d60294eca7dba219fa5a448825c142c38e5bead1a4e0204952d383914,941D4EE4EFE9F12D677ABCA64068E2B15E6019694023E6DBC91F9462278056D6,彩峰与美琴之间,彩峰与美琴之间,,no,none,direct_top_level,7,7,,0,private_review_source_hash_bound
pm:static:photonmelodies11.rio.004:0131862200:00071326,photonmelodies11.rio.004,131862200,71326,71326,target_after_delimiter,\|,bce32f63dbce5e33938014379889522f34130e5185470f23266a56a00c4af568,EA248AC33411E9DB96BE38B225635FA738D264C21F5CF54DCD3314B41D17C75A,美琴与壬姬之间,美琴与壬姬之间,,no,none,direct_top_level,7,7,,0,private_review_source_hash_bound
pm:static:photonmelodies11.rio.004:0150106928:00000118,photonmelodies11.rio.004,150106928,118,118,whole_visible,,17488ee818376ce6578b2e3f96ed16c2daedaf5c6d6ad7d0484cb6ade19b7ab1,DE4C850E6449A41585B6BD729D34E612D6879FA2F466850898694A3D28BCCAC9,"要保存系统数据吗？
如果不保存，当前数据将会丢失。","要保存系统数据吗？
如果不保存，当前数据将会丢失。",<0D><0A>,no,none,direct_top_level,26,26,,0,gap_audit_pm_2026-08-11
pm:static:photonmelodies11.rio.004:0150106928:00000579,photonmelodies11.rio.004,150106928,579,579,whole_visible,,d1ef51d47a0254dca1952fefe7a1744d964766a0d65a2ffed44016887f5a7dc6,A383234863A9948F082E54719E39D788BCA5360F62B4448AC4BDE75A77C3BF28,"系统数据已损坏。
要覆盖损坏的系统数据吗？","系统数据已损坏。
要覆盖损坏的系统数据吗？",<0D><0A>,no,none,direct_top_level,22,22,,0,gap_audit_pm_2026-08-11
pm:static:photonmelodies11.rio.004:0150106928:00000765,photonmelodies11.rio.004,150106928,765,765,whole_visible,,0994613ba33633f26fd1f7fe862d07b2845ec5c15f31884cdbbc1c223f781ff6,DCA0D31EB243E2BBB8E14A625156B30F61E268ABA718BDB86B3D98BFE85303CA,"正在保存。
请勿关闭设备电源。","正在保存。
请勿关闭设备电源。",<0D><0A>,no,none,direct_top_level,16,16,,0,gap_audit_pm_2026-08-11
pm:static:photonmelodies11.rio.004:0150106928:00001046,photonmelodies11.rio.004,150106928,1046,1046,whole_visible,,30b9246535c0ce1999ae629fa1025987a84d87da89876537a7346cab44c90c31,9B6BC0AF73540CD2186CD3888259E648F9F5509B4DBCBF25C9A0231A9A1AA3A3,"系统数据保存失败。
要再试一次吗？","系统数据保存失败。
要再试一次吗？",<0D><0A>,no,none,direct_top_level,18,18,,0,gap_audit_pm_2026-08-11
pm:static:photonmelodies11.rio.004:0258770628:00038080,photonmelodies11.rio.004,258770628,38080,38080,target_after_delimiter,\|,c753fa73854ca9f17eacc93d32d18f89f0a6dbf097a45a6eafb572b3be13be97,7BA74FFA0047ECC6126204BCB605A6CB8C65E0021761C79BC42A36142E5B9006,上吧，霞！！,上吧，霞！！⁠⁠⁠⁠⁠⁠⁠⁠⁠,,no,none,nested_requires_linking,15,15,U+2060,9,private_review_source_hash_bound
pm:static:photonmelodies11.rio.004:0258770628:00038163,photonmelodies11.rio.004,258770628,38163,38163,target_after_delimiter,\|,3b37f2c740704618293962273e42035b772df4e4d7817d7fb12ad3fd5045ae36,49E36202AD03FBAD309AB89C110535A3C1ADA02376CA34E6E0E92D60DCD21D4B,月月月月咏小姐————！！,月月月月咏小姐————！！⁠⁠⁠⁠⁠⁠⁠⁠⁠⁠⁠⁠,,no,none,nested_requires_linking,25,25,U+2060,12,private_review_source_hash_bound
pm:static:photonmelodies11.rio.004:0426952928:00019927,photonmelodies11.rio.004,426952928,19927,19927,target_after_delimiter,\|,66027445cd72bb334dd30fdd8f48f41d1736735f7c0e864188aefd0acf99b922,77B7617846C265344C1B3D3E462B2AD6C50538EB820EA712A68FB0F9084B4311,决定滑双板了！,决定滑双板了！,,no,none,direct_top_level,7,7,,0,private_review_source_hash_bound
pm:static:photonmelodies11.rio.004:0426952928:00020018,photonmelodies11.rio.004,426952928,20018,20018,target_after_delimiter,\|,effd2ce8aab19788eeb6f12855c5b1057f01aa7ae3f1b3442b309351d534fceb,6B2E37D3312E26F15A208705C4F9CB2884C67DD2D6E35CA39D654061AD109970,要不要试试单板滑雪呢,要不要试试单板滑雪呢,,no,none,direct_top_level,10,10,,0,private_review_source_hash_bound
pm:static:photonmelodies11.rio.004:0426952928:00020151,photonmelodies11.rio.004,426952928,20151,20151,target_after_delimiter,\|,da457d5747372c158294f6d5bec3a92672c84efc047dd48365826be3118f8ad3,83D1C7EF39CE95BC99AEEB212D76A680CC9EC7C6F8E3351B5CB59641EA9B6958,我还是玩雪橇吧,我还是玩雪橇吧,,no,none,direct_top_level,7,7,,0,private_review_source_hash_bound
pm:static:photonmelodies11.rio.004:0426952928:00020248,photonmelodies11.rio.004,426952928,20248,20248,target_after_delimiter,\|,46b0a42a9613bb08165c9d4c130e40ca9e428439aa9e9ca2e595b80b38841b18,DD6DC0C4E2E76F8A83CF97E26E3629637F6F07A22DBD31DB35B5D85DE1DF9B40,我随便到处逛逛吧,我随便到处逛逛吧,,no,none,direct_top_level,8,8,,0,private_review_source_hash_bound
pm:static:photonmelodies11.rio.004:0426952928:00234034,photonmelodies11.rio.004,426952928,234034,234034,target_after_delimiter,\|,0542bdbaee56a798d0749ed695b42b53d29d3092cfabc281812f6d8ff73c5c79,B840722BAB887855CA72F11BCC31B91A0D605E7DB2F2071F470527B971E76921,好吧，就拜托你了,好吧，就拜托你了,,no,none,direct_top_level,8,8,,0,private_review_source_hash_bound
pm:static:photonmelodies11.rio.004:0426952928:00234131,photonmelodies11.rio.004,426952928,234131,234131,target_after_delimiter,\|,ba77deebe118bb246769fbc3e1a48be9d5773011ff1cb3ce82c0e8eae39b82b0,A0B38E627B2C78F775A22EBAAD9292F967522C317AC5CA355F655866E8583211,要不先当刚才的事没发生过？,要不先当刚才的事没发生过？,,no,none,direct_top_level,13,13,,0,private_review_source_hash_bound
pm:static:photonmelodies11.rio.004:0426952928:00244604,photonmelodies11.rio.004,426952928,244604,244604,target_after_delimiter,\|,fdd8cf6fb64e06e07b9483633f31455306119c334e30abadb22afe4dc0c8cf8c,F93D69B64D334AF94A2AFD565B21AE5C13EE1DADCE2557C115FEC09E05D45007,我倒是没意见啊？,我倒是没意见啊？,,no,none,direct_top_level,8,8,,0,private_review_source_hash_bound
pm:static:photonmelodies11.rio.004:0426952928:00244683,photonmelodies11.rio.004,426952928,244683,244683,target_after_delimiter,\|,1099588a7434313601bfed259a1683bc8df62475886cc8891277b0613fc3ca74,717390C7F2A27C7A3447DFD8F3F48CDE846362593E8E1537C9F7A2F77BAA2BB3,嗯……该怎么办呢,嗯……该怎么办呢,,no,none,direct_top_level,8,8,,0,private_review_source_hash_bound
pm:static:photonmelodies11.rio.004:0812258960:00038212,photonmelodies11.rio.004,812258960,38212,38212,target_after_delimiter,\|,c42deeb6fbec5d3b010ed069d94d6c5c453c810a0bb32de40cb4a6b497bb2e7d,6F4A45D7902657935BB691AE8E9EA3D3D6D34AE8953D82C779C5A27E94252890,还是回去吧,还是回去吧,,no,none,direct_top_level,5,5,,0,private_review_source_hash_bound
pm:static:photonmelodies11.rio.004:0812258960:00038329,photonmelodies11.rio.004,812258960,38329,38329,target_after_delimiter,\|,cffc6eba7e646198d8c2f183548fe1cfd0666d9d9b44011cbc81dc296bf316c9,A5D047DD878543449F3B3D2B20F77151955737FB1A45632636D433A46DFA267D,算了,算了,,no,none,direct_top_level,2,2,,0,private_review_source_hash_bound
pm:static:photonmelodies11.rio.004:0812258960:00067484,photonmelodies11.rio.004,812258960,67484,67484,target_after_delimiter,\|,be848be475f5460f63f5fc63317f31a3b25be68ffbdaf0ce4e4774f538b7b976,07B592ED09FE6EE5160F1F2B242B326F6787BAAD17FBABB23A9F2BCD5EE8793A,好，来打西瓜吧！,好，来打西瓜吧！,,no,none,direct_top_level,8,8,,0,private_review_source_hash_bound
pm:static:photonmelodies11.rio.004:0812258960:00067629,photonmelodies11.rio.004,812258960,67629,67629,target_after_delimiter,\|,783c31df5300a463684bf1fe6d99e578d1222d3aeb8112052c018f724d0d8201,D525904C1951B0E822601DE858EE067B9233D4A1B5CA80A774ACC396DCC8932B,不，比起这个！,不，比起这个！,,no,none,direct_top_level,7,7,,0,private_review_source_hash_bound
pm:static:photonmelodies11.rio.004:0860955960:00002766,photonmelodies11.rio.004,860955960,2766,2766,target_after_delimiter,\|,9632a0346f19e4a82e7aca589625e1d32ab34ca33068802a626bcb4d4b8718a4,C033E30530DA2E3C975D23C629A5231461DEB61F6A705809E6C6E734B761D0F6,那就选纯夏吧,那就选纯夏吧⁠⁠⁠⁠⁠⁠⁠⁠⁠⁠⁠⁠⁠⁠⁠⁠⁠⁠⁠⁠⁠⁠⁠⁠⁠⁠,,no,none,nested_requires_linking,32,32,U+2060,26,private_review_source_hash_bound
pm:static:photonmelodies11.rio.004:0860955960:00002889,photonmelodies11.rio.004,860955960,2889,2889,target_after_delimiter,\|,1c1ffebc837bcb94eb22556e86d7647406a0165a079239c7e423636d34d31877,B5B7F6E375425BD404F99D50ED9BE72BE6C8732687F76291ECD2443D2A30DD02,当然是霞,当然是霞⁠⁠⁠⁠⁠⁠⁠⁠⁠⁠⁠⁠⁠⁠⁠⁠⁠⁠⁠,,no,none,nested_requires_linking,23,23,U+2060,19,private_review_source_hash_bound
pm:static:photonmelodies11.rio.004:0860955960:00002988,photonmelodies11.rio.004,860955960,2988,2988,target_after_delimiter,\|,9a9e0d1c295ff03d24bf69c427996b76d0f2d877758610314cd837f34b8090dc,A88B03AB9B5DA19C2F000E3E293898A2CFFBA07DF693B9E2DD903EEFA46E297D,直说吧！就是小麻！,直说吧！就是小麻！⁠⁠⁠⁠⁠⁠⁠⁠⁠⁠⁠⁠⁠⁠⁠,,no,none,nested_requires_linking,24,24,U+2060,15,private_review_source_hash_bound
pm:static:photonmelodies11.rio.004:0860955960:00003101,photonmelodies11.rio.004,860955960,3101,3101,target_after_delimiter,\|,87b3d31a0981e2a2bf07ca4b6b43e8ddbb14179fba791c1aeb5c4022d8e9050d,B2055E915CBFE63151CB89B57A65FA9D506365BFBA35F79D6E5DD89B1247D128,特斯莱夫老师……吧,特斯莱夫老师……吧⁠⁠⁠⁠⁠⁠⁠⁠⁠⁠⁠⁠⁠⁠⁠⁠⁠,,no,none,nested_requires_linking,26,26,U+2060,17,private_review_source_hash_bound
pm:static:photonmelodies11.rio.004:0860955960:00003212,photonmelodies11.rio.004,860955960,3212,3212,target_after_delimiter,\|,8828c3c59cda93049e769d128a01c451b8534849d0d99a67219ea3097415abe8,379B53D7E30A4783A25F067F2536F2963E66263E5375EE0582186C9D1E92BD5A,皮亚蒂芙老师……吧,皮亚蒂芙老师……吧⁠⁠⁠⁠⁠⁠⁠⁠⁠⁠⁠⁠⁠⁠⁠,,no,none,nested_requires_linking,24,24,U+2060,15,private_review_source_hash_bound
pm:static:photonmelodies11.rio.004:0871742696:00002773,photonmelodies11.rio.004,871742696,2773,2773,target_after_delimiter,\|,80bfd7e8545918037f48e891689939bf9959b43a913bcbf43407e8e11f68cf8e,101441A12AD13DFD40262CE5C282915C099DC65301FAAD0B2670D1C74E98BBF3,不，请再说明一次,不，请再说明一次,,no,none,direct_top_level,8,8,,0,private_review_source_hash_bound
pm:static:photonmelodies11.rio.004:0871742696:00002894,photonmelodies11.rio.004,871742696,2894,2894,target_after_delimiter,\|,358cdfb3324290e8b4407cf7e6941eec241e5ad9acdc796446db4b055bfa8a8f,814FA5EDC14351F8EE3A3BC0A0D6B24461C51CF942295E0D6A148EF645BC9E53,嗯，我明白了,嗯，我明白了,,no,none,direct_top_level,6,6,,0,private_review_source_hash_bound
pm:static:photonmelodies11.rio.004:0933776684:00009366,photonmelodies11.rio.004,933776684,9366,9366,target_after_delimiter,\|,9632a0346f19e4a82e7aca589625e1d32ab34ca33068802a626bcb4d4b8718a4,BDC155160C95BD325693F00A7C4823CF16885022585F2A4CF07EA348D7C8DD5F,那就选纯夏吧,那就选纯夏吧⁠⁠⁠⁠⁠⁠⁠⁠⁠⁠⁠⁠⁠⁠⁠⁠⁠⁠⁠⁠⁠⁠⁠⁠⁠⁠,,no,none,nested_requires_linking,32,32,U+2060,26,private_review_source_hash_bound
pm:static:photonmelodies11.rio.004:0933776684:00009489,photonmelodies11.rio.004,933776684,9489,9489,target_after_delimiter,\|,1c1ffebc837bcb94eb22556e86d7647406a0165a079239c7e423636d34d31877,935198AE5442BA9FD29665DB24CC70B4DA3891D31557F730FF01C0BC0DB817A3,当然是霞,当然是霞⁠⁠⁠⁠⁠⁠⁠⁠⁠⁠⁠⁠⁠⁠⁠⁠⁠⁠⁠,,no,none,nested_requires_linking,23,23,U+2060,19,private_review_source_hash_bound
pm:static:photonmelodies11.rio.004:0933776684:00009588,photonmelodies11.rio.004,933776684,9588,9588,target_after_delimiter,\|,9a9e0d1c295ff03d24bf69c427996b76d0f2d877758610314cd837f34b8090dc,A73B6FC84C4E509E34E426964F8E03515A4644B686F46BCFD93CF04671B674A0,直说吧！就是小麻！,直说吧！就是小麻！⁠⁠⁠⁠⁠⁠⁠⁠⁠⁠⁠⁠⁠⁠⁠,,no,none,nested_requires_linking,24,24,U+2060,15,private_review_source_hash_bound
pm:static:photonmelodies11.rio.004:0933776684:00009701,photonmelodies11.rio.004,933776684,9701,9701,target_after_delimiter,\|,87b3d31a0981e2a2bf07ca4b6b43e8ddbb14179fba791c1aeb5c4022d8e9050d,DCDA14A07931F8F2BD1392316A1007625199E41D7E916D43B7659F7AFE53480B,特斯莱夫老师……吧,特斯莱夫老师……吧⁠⁠⁠⁠⁠⁠⁠⁠⁠⁠⁠⁠⁠⁠⁠⁠⁠,,no,none,nested_requires_linking,26,26,U+2060,17,private_review_source_hash_bound
pm:static:photonmelodies11.rio.004:0933776684:00009812,photonmelodies11.rio.004,933776684,9812,9812,target_after_delimiter,\|,8828c3c59cda93049e769d128a01c451b8534849d0d99a67219ea3097415abe8,8C1DFA3596C7F68B55AEC344D3117E91C580060CEC5BB875F34B1008023277C4,皮亚蒂芙老师……吧,皮亚蒂芙老师……吧⁠⁠⁠⁠⁠⁠⁠⁠⁠⁠⁠⁠⁠⁠⁠,,no,none,nested_requires_linking,24,24,U+2060,15,private_review_source_hash_bound
pm:static:photonmelodies11.rio.004:0933776684:00121466,photonmelodies11.rio.004,933776684,121466,121466,target_after_delimiter,\|,94dc239a1c5422828870f29579fce1b43c1739f990d09550f7297a9cd9925bf6,FFDE885D80492DD93C1FDA25BA0F2A7AC4A13922EA46435DF843BD6CE373CE37,这场比赛，我接了！,这场比赛，我接了！⁠⁠⁠⁠⁠⁠⁠⁠⁠⁠,,no,none,nested_requires_linking,19,19,U+2060,10,private_review_source_hash_bound
pm:static:photonmelodies11.rio.004:0933776684:00121561,photonmelodies11.rio.004,933776684,121561,121561,target_after_delimiter,\|,1a6dcd211b8d6e69645c5648b44d14d8318b931bed4b3c0d123fe6f07c2723b8,B5C54A4AA81CA78A0F2AE224CFF4F8CFE568720E6AFF04DC79FC4E39638AA16B,…………,…………⁠⁠,,no,none,nested_requires_linking,6,6,U+2060,2,private_review_source_hash_bound
pm:static:photonmelodies11.rio.004:0933776684:00160642,photonmelodies11.rio.004,933776684,160642,160642,target_after_delimiter,\|,379eff260f30ac34f1295bd80888b2e76832b7f3f8dddd9bf4099f98d69a31fe,84F12CD570EC860AF8708485A8D1B549F5099C612F62E7F99C55D14C38728B96,纪念品店,纪念品店⁠⁠⁠⁠⁠⁠⁠⁠⁠,,no,none,nested_requires_linking,13,13,U+2060,9,private_review_source_hash_bound
pm:static:photonmelodies11.rio.004:0933776684:00160713,photonmelodies11.rio.004,933776684,160713,160713,target_after_delimiter,\|,5ade93b61e027ecf8fc72c7988e656482918457288c40cdccaf1fbcc2a483636,722F4B0504C58BEA733FB22D2DAEB251DC3D25EABC574885FBE17B13EB53815D,织女星海滩,织女星海滩⁠⁠⁠⁠⁠,,no,none,nested_requires_linking,10,10,U+2060,5,private_review_source_hash_bound
pm:static:photonmelodies11.rio.004:0933776684:00160782,photonmelodies11.rio.004,933776684,160782,160782,target_after_delimiter,\|,00aa2886cf78605c0e5c4d2d760a68843869364f0603abc3a74784d89427e089,2FE3702DA293B654845CFF87CC2C6275652FD65F687BB7C7285A075D32EDF5A9,泳装店,泳装店⁠⁠⁠⁠⁠⁠⁠⁠⁠⁠⁠⁠⁠⁠,,no,none,nested_requires_linking,17,17,U+2060,14,private_review_source_hash_bound
pm:static:photonmelodies11.rio.004:0933776684:00167248,photonmelodies11.rio.004,933776684,167248,167248,target_after_delimiter,\|,7579f3615357b1b6855e5c1a03df50f0417d2f8a8a6a5aea8801702bdbe03240,7C9C0E8DA59E5A1C56C181D5BEFC9E9636DE6D9D72860580F4D197C0303D3146,纯夏·霞的别墅,纯夏·霞的别墅⁠⁠⁠⁠⁠⁠⁠⁠⁠⁠⁠⁠⁠⁠⁠⁠⁠,,no,none,nested_requires_linking,24,24,U+2060,17,private_review_source_hash_bound
pm:static:photonmelodies11.rio.004:0933776684:00167351,photonmelodies11.rio.004,933776684,167351,167351,target_after_delimiter,\|,02203a2fe7c200be910b89ad01fde43830ab93984472ee131b36181d0ea05156,4D98DC9C55BF983318772972242EA92E4A61D1F38F7317603A0EC37551D260A6,冥夜·悠阳的别墅,冥夜·悠阳的别墅⁠⁠⁠⁠⁠⁠⁠⁠⁠⁠⁠⁠⁠⁠,,no,none,nested_requires_linking,22,22,U+2060,14,private_review_source_hash_bound
pm:static:photonmelodies11.rio.004:0933776684:00167452,photonmelodies11.rio.004,933776684,167452,167452,target_after_delimiter,\|,eb27c9307cb8c541e3f28eee907b76cfa5819abba9dbc01b6367e78feb0b039d,277BDBFA5E548134E941F0DB900A351B68786840F49F42525A9608D6302A7E74,自己的别墅,自己的别墅⁠⁠⁠⁠,,no,none,nested_requires_linking,9,9,U+2060,4,private_review_source_hash_bound
pm:static:photonmelodies11.rio.004:0933776684:00186240,photonmelodies11.rio.004,933776684,186240,186240,target_after_delimiter,\|,5ade93b61e027ecf8fc72c7988e656482918457288c40cdccaf1fbcc2a483636,7B3BDD120B65FCCC4A2146D7EB61B582D9D82EE9B1BDDD5CD3BAB7BF435665E4,织女星海滩,织女星海滩⁠⁠⁠⁠⁠,,no,none,nested_requires_linking,10,10,U+2060,5,private_review_source_hash_bound
pm:static:photonmelodies11.rio.004:0933776684:00186338,photonmelodies11.rio.004,933776684,186338,186338,target_after_delimiter,\|,379eff260f30ac34f1295bd80888b2e76832b7f3f8dddd9bf4099f98d69a31fe,366196A3821AD0851C94FF459983B5C844A43BA4C209DE7EF660DF1C0328DFB3,纪念品店,纪念品店⁠⁠⁠⁠⁠⁠⁠⁠⁠,,no,none,nested_requires_linking,13,13,U+2060,9,private_review_source_hash_bound
pm:static:photonmelodies11.rio.004:0933776684:00186409,photonmelodies11.rio.004,933776684,186409,186409,target_after_delimiter,\|,00aa2886cf78605c0e5c4d2d760a68843869364f0603abc3a74784d89427e089,E1C8E3C57D040214DD88E2BE81129B66A66D744B908649619946CB19CF606CA4,泳装店,泳装店⁠⁠⁠⁠⁠⁠⁠⁠⁠⁠⁠⁠⁠⁠,,no,none,nested_requires_linking,17,17,U+2060,14,private_review_source_hash_bound
pm:static:photonmelodies11.rio.004:0933776684:00230968,photonmelodies11.rio.004,933776684,230968,230968,target_after_delimiter,\|,255f8f7b865cd543d5e0335d8135e7f28475c6a87802bae4de2a7d5a42bfd035,C1C2276DAECDE4BD44498D5FA35A904B0105799CDD2C1F09C1F6F356F60FA522,先从风间学姐的开始,先从风间学姐的开始⁠⁠⁠⁠⁠⁠⁠⁠⁠⁠⁠⁠⁠⁠⁠⁠⁠⁠⁠⁠⁠⁠⁠⁠⁠⁠⁠,,no,none,nested_requires_linking,36,36,U+2060,27,private_review_source_hash_bound
pm:static:photonmelodies11.rio.004:0933776684:00231099,photonmelodies11.rio.004,933776684,231099,231099,target_after_delimiter,\|,6e8c1e01c8399995f564713271c1838c7e74d751c79d87dac214dd006c3baee2,90D5412E42156D55DE23EF72A28FEAA17974ADE0E385DAA05A358C4348632213,先从宗像学姐的开始,先从宗像学姐的开始⁠⁠⁠⁠⁠⁠⁠⁠⁠⁠⁠⁠⁠⁠⁠⁠⁠⁠⁠⁠⁠⁠⁠⁠⁠⁠⁠⁠⁠⁠⁠⁠,,no,none,nested_requires_linking,41,41,U+2060,32,private_review_source_hash_bound
pm:static:photonmelodies11.rio.004:0933776684:00232435,photonmelodies11.rio.004,933776684,232435,232435,target_after_delimiter,\|,7c47f8d1eff8588b0b64a27a40ef2ddc1c2770a9a35e383df66eb1282c47734a,E5E415424EC6896003CFD58CD5EA54676498BE49DDDAE758FE326C922B90BA02,白色连体泳装,白色连体泳装⁠⁠⁠⁠⁠⁠⁠⁠⁠⁠⁠⁠⁠⁠⁠⁠⁠⁠,,no,none,nested_requires_linking,24,24,U+2060,18,private_review_source_hash_bound
pm:static:photonmelodies11.rio.004:0933776684:00232534,photonmelodies11.rio.004,933776684,232534,232534,target_after_delimiter,\|,9b1e87dfc76d65ce97b17bc3faad9197cf67cc0aa589e4f5714fd0a741ce405d,A587CB1A5D3E754E204AC5D384941A2BC054D74594BFC922B50F98ED78985781,格纹比基尼,格纹比基尼⁠⁠⁠⁠⁠⁠⁠⁠⁠⁠⁠⁠⁠⁠⁠⁠⁠⁠⁠⁠⁠⁠,,no,none,nested_requires_linking,27,27,U+2060,22,private_review_source_hash_bound
pm:static:photonmelodies11.rio.004:0933776684:00232641,photonmelodies11.rio.004,933776684,232641,232641,target_after_delimiter,\|,fec58b00a841dae4232ac7d8502e5d8b939ff63b21c912c7ca21a1878c82f72d,FB46925F12E60E47103598BB46C62149F1C4CDB674FA7D600F08CCD32A4A3372,藏青色高叉泳装,藏青色高叉泳装⁠⁠⁠⁠⁠⁠⁠⁠⁠⁠⁠⁠⁠⁠⁠,,no,none,nested_requires_linking,22,22,U+2060,15,private_review_source_hash_bound
pm:static:photonmelodies11.rio.004:0933776684:00236446,photonmelodies11.rio.004,933776684,236446,236446,target_after_delimiter,\|,ed639fae2addaa6095259b1040e6660a42d149325816592d9f8185910e0949c0,0A55356193E2629F6D97B5A349FACBE7F4DE35AD4F72FF3A1DE909998FDEDC4E,紫色比基尼,紫色比基尼⁠⁠⁠⁠⁠⁠⁠⁠,,no,none,nested_requires_linking,13,13,U+2060,8,private_review_source_hash_bound
pm:static:photonmelodies11.rio.004:0933776684:00236519,photonmelodies11.rio.004,933776684,236519,236519,target_after_delimiter,\|,157ff5eaadff00cc8562fb2e73dd554ef4e4e77041d15ad7c55c05f454efb6f3,C22F4769D1421419A7873971EC0266AA80B5D2C6952716B27C203877A1FCE198,棕色高叉泳装,棕色高叉泳装⁠⁠⁠⁠⁠⁠⁠⁠⁠⁠⁠⁠⁠⁠⁠⁠⁠,,no,none,nested_requires_linking,23,23,U+2060,17,private_review_source_hash_bound
pm:static:photonmelodies11.rio.004:0933776684:00236620,photonmelodies11.rio.004,933776684,236620,236620,target_after_delimiter,\|,91e8262f6c188652fbacd482b6d18ee2473c9794a873e5d85781eee9fbd03fe8,6D4CB726C29BD084CD538623C6A0BF35D873798FC7CD79DC70456A8FE382B284,粉色比基尼,粉色比基尼⁠⁠⁠⁠⁠⁠⁠⁠⁠⁠⁠⁠⁠⁠,,no,none,nested_requires_linking,19,19,U+2060,14,private_review_source_hash_bound
pm:static:photonmelodies11.rio.004:0933776684:00239622,photonmelodies11.rio.004,933776684,239622,239622,target_after_delimiter,\|,ed639fae2addaa6095259b1040e6660a42d149325816592d9f8185910e0949c0,00E8C321BE0A875BF9E494A15FCE00715797411178469F12D3259F3DE4EC4FB5,紫色比基尼,紫色比基尼⁠⁠⁠⁠⁠⁠⁠⁠,,no,none,nested_requires_linking,13,13,U+2060,8,private_review_source_hash_bound
pm:static:photonmelodies11.rio.004:0933776684:00239695,photonmelodies11.rio.004,933776684,239695,239695,target_after_delimiter,\|,157ff5eaadff00cc8562fb2e73dd554ef4e4e77041d15ad7c55c05f454efb6f3,AE6CDC2EDF47FE7FB9AFEB2F3F785EF4FC3C75DD09A0E47BFE8C5E955D20A9CE,棕色高叉泳装,棕色高叉泳装⁠⁠⁠⁠⁠⁠⁠⁠⁠⁠⁠⁠⁠⁠⁠⁠⁠,,no,none,nested_requires_linking,23,23,U+2060,17,private_review_source_hash_bound
pm:static:photonmelodies11.rio.004:0933776684:00239796,photonmelodies11.rio.004,933776684,239796,239796,target_after_delimiter,\|,91e8262f6c188652fbacd482b6d18ee2473c9794a873e5d85781eee9fbd03fe8,4C04751FFB59706F8E074998D6FAFC90E7ABCCC29D69B721ABA92DAF2B7F7960,粉色比基尼,粉色比基尼⁠⁠⁠⁠⁠⁠⁠⁠⁠⁠⁠⁠⁠⁠,,no,none,nested_requires_linking,19,19,U+2060,14,private_review_source_hash_bound
pm:static:photonmelodies11.rio.004:0933776684:00243869,photonmelodies11.rio.004,933776684,243869,243869,target_after_delimiter,\|,7c47f8d1eff8588b0b64a27a40ef2ddc1c2770a9a35e383df66eb1282c47734a,99E5CD68CC5F9BDB2AB0655528F6DBCD5A54FEE20341069FA8DE4F6F1022685F,白色连体泳装,白色连体泳装⁠⁠⁠⁠⁠⁠⁠⁠⁠⁠⁠⁠⁠⁠⁠⁠⁠⁠,,no,none,nested_requires_linking,24,24,U+2060,18,private_review_source_hash_bound
pm:static:photonmelodies11.rio.004:0933776684:00243968,photonmelodies11.rio.004,933776684,243968,243968,target_after_delimiter,\|,9b1e87dfc76d65ce97b17bc3faad9197cf67cc0aa589e4f5714fd0a741ce405d,A236B7928E83F2CECB93024B1FD7EF722930D849920EB42303F3623E2D8CFCAF,格纹比基尼,格纹比基尼⁠⁠⁠⁠⁠⁠⁠⁠⁠⁠⁠⁠⁠⁠⁠⁠⁠⁠⁠⁠⁠⁠,,no,none,nested_requires_linking,27,27,U+2060,22,private_review_source_hash_bound
pm:static:photonmelodies11.rio.004:0933776684:00244075,photonmelodies11.rio.004,933776684,244075,244075,target_after_delimiter,\|,fec58b00a841dae4232ac7d8502e5d8b939ff63b21c912c7ca21a1878c82f72d,B088D0D55C30E7B090F052087CD255594A48F67A9F1127AEF78736AB2FBEC14E,藏青色高叉泳装,藏青色高叉泳装⁠⁠⁠⁠⁠⁠⁠⁠⁠⁠⁠⁠⁠⁠⁠,,no,none,nested_requires_linking,22,22,U+2060,15,private_review_source_hash_bound
pm:static:photonmelodies11.rio.004:1015106108:00057950,photonmelodies11.rio.004,1015106108,57950,57950,target_after_delimiter,\|,0c4250d96c3e8485fe06b4d6403e20bf0039a29bccf616210e1564731e16f4b8,239BE3FA373F33E56935D31974CE2522402DD6D1FA0C790B38B7D3B3B50B2023,我觉得是风间前辈,我觉得是风间前辈,,no,none,direct_top_level,8,8,,0,private_review_source_hash_bound
pm:static:photonmelodies11.rio.004:1015106108:00058043,photonmelodies11.rio.004,1015106108,58043,58043,target_after_delimiter,\|,04a2955e4cebadea4d1c4651d742ff88dd1bf3fe0462abbe0989ff11710e9a08,585B8C7F4F3A1F5877C8CA0CB273B82389DDFEC467517DC1ADE398C2C2F15BD5,我觉得是宗像前辈,我觉得是宗像前辈,,no,none,direct_top_level,8,8,,0,private_review_source_hash_bound
