jp,cn,status,chapter,source,source_row,source_status,occurrences,basis
インド,印度,contextual,本作；详见使用限制,selected-tda01,2,provisional-selected,,仅作翻译审校参考；确认对应专名/军事称谓后使用，不自动替换正文；来自上一轮暂定专表，不是历史全量基线。
イーグル,鹰,contextual,本作；详见使用限制,selected-tda01,3,provisional-selected,,仅作翻译审校参考；确认对应专名/军事称谓后使用，不自动替换正文；来自上一轮暂定专表，不是历史全量基线。
ウォードッグ,战犬,contextual,本作；详见使用限制,selected-tda01,4,provisional-selected,,仅作翻译审校参考；确认对应专名/军事称谓后使用，不自动替换正文；来自上一轮暂定专表，不是历史全量基线。
ウォードッグス,战犬,contextual,本作；详见使用限制,selected-tda01,5,provisional-selected,,仅作翻译审校参考；确认对应专名/军事称谓后使用，不自动替换正文；来自上一轮暂定专表，不是历史全量基线。
ウォードッグ小隊,战犬小队,contextual,本作；详见使用限制,selected-tda01,6,provisional-selected,,仅作翻译审校参考；确认对应专名/军事称谓后使用，不自动替换正文；来自上一轮暂定专表，不是历史全量基线。
ウォードッグ隊,战犬队,contextual,本作；详见使用限制,selected-tda01,7,provisional-selected,,仅作翻译审校参考；确认对应专名/军事称谓后使用，不自动替换正文；来自上一轮暂定专表，不是历史全量基线。
エレン,艾伦,contextual,本作；详见使用限制,selected-tda01,8,provisional-selected,,仅作翻译审校参考；确认对应专名/军事称谓后使用，不自动替换正文；来自上一轮暂定专表，不是历史全量基线。
エレン・エイス,艾伦·艾斯,contextual,本作；详见使用限制,selected-tda01,9,provisional-selected,,仅作翻译审校参考；确认对应专名/军事称谓后使用，不自动替换正文；来自上一轮暂定专表，不是历史全量基线。
エレン・エイス少尉,艾伦·艾斯少尉,contextual,本作；详见使用限制,selected-tda01,10,provisional-selected,,仅作翻译审校参考；确认对应专名/军事称谓后使用，不自动替换正文；来自上一轮暂定专表，不是历史全量基线。
エレン少尉,艾伦少尉,contextual,本作；详见使用限制,selected-tda01,11,provisional-selected,,仅作翻译审校参考；确认对应专名/军事称谓后使用，不自动替换正文；来自上一轮暂定专表，不是历史全量基线。
オーストラリア,澳大利亚,contextual,本作；详见使用限制,selected-tda01,12,provisional-selected,,仅作翻译审校参考；确认对应专名/军事称谓后使用，不自动替换正文；来自上一轮暂定专表，不是历史全量基线。
カロネード,卡洛内德,contextual,本作；详见使用限制,selected-tda01,13,provisional-selected,,仅作翻译审校参考；确认对应专名/军事称谓后使用，不自动替换正文；来自上一轮暂定专表，不是历史全量基线。
カロネード隊,卡洛内德队,contextual,本作；详见使用限制,selected-tda01,14,provisional-selected,,仅作翻译审校参考；确认对应专名/军事称谓后使用，不自动替换正文；来自上一轮暂定专表，不是历史全量基线。
シアトル,西雅图,contextual,本作；详见使用限制,selected-tda01,15,provisional-selected,,仅作翻译审校参考；确认对应专名/军事称谓后使用，不自动替换正文；来自上一轮暂定专表，不是历史全量基线。
ソ連,苏联,contextual,本作；详见使用限制,selected-tda01,16,provisional-selected,,仅作翻译审校参考；确认对应专名/军事称谓后使用，不自动替换正文；来自上一轮暂定专表，不是历史全量基线。
タコマ,塔科马,contextual,本作；详见使用限制,selected-tda01,17,provisional-selected,,仅作翻译审校参考；确认对应专名/军事称谓后使用，不自动替换正文；来自上一轮暂定专表，不是历史全量基线。
デモ隊,示威队伍,contextual,本作；详见使用限制,selected-tda01,18,provisional-selected,,仅作翻译审校参考；确认对应专名/军事称谓后使用，不自动替换正文；来自上一轮暂定专表，不是历史全量基线。
ドレイク,德雷克,contextual,本作；详见使用限制,selected-tda01,19,provisional-selected,,仅作翻译审校参考；确认对应专名/军事称谓后使用，不自动替换正文；来自上一轮暂定专表，不是历史全量基线。
ドレイク・カロネード,德雷克、卡洛内德,contextual,本作；详见使用限制,selected-tda01,20,provisional-selected,,仅作翻译审校参考；确认对应专名/军事称谓后使用，不自动替换正文；来自上一轮暂定专表，不是历史全量基线。
ハワイ,夏威夷,contextual,本作；详见使用限制,selected-tda01,21,provisional-selected,,仅作翻译审校参考；确认对应专名/军事称谓后使用，不自动替换正文；来自上一轮暂定专表，不是历史全量基线。
ハンター,猎人,contextual,本作；详见使用限制,selected-tda01,22,provisional-selected,,仅作翻译审校参考；确认对应专名/军事称谓后使用，不自动替换正文；来自上一轮暂定专表，不是历史全量基线。
バビロン,巴比伦,contextual,本作；详见使用限制,selected-tda01,23,provisional-selected,,仅作翻译审校参考；确认对应专名/军事称谓后使用，不自动替换正文；来自上一轮暂定专表，不是历史全量基线。
バビロン作戦,巴比伦作战,contextual,本作；详见使用限制,selected-tda01,24,provisional-selected,,仅作翻译审校参考；确认对应专名/军事称谓后使用，不自动替换正文；来自上一轮暂定专表，不是历史全量基线。
ヒル中尉,希尔中尉,contextual,本作；详见使用限制,selected-tda01,25,provisional-selected,,仅作翻译审校参考；确认对应专名/军事称谓后使用，不自动替换正文；来自上一轮暂定专表，不是历史全量基线。
フォートルイス,刘易斯堡,contextual,本作；详见使用限制,selected-tda01,26,provisional-selected,,仅作翻译审校参考；确认对应专名/军事称谓后使用，不自动替换正文；来自上一轮暂定专表，不是历史全量基线。
フォートルイス基地,刘易斯堡基地,contextual,本作；详见使用限制,selected-tda01,27,provisional-selected,,仅作翻译审校参考；确认对应专名/军事称谓后使用，不自动替换正文；来自上一轮暂定专表，不是历史全量基线。
フランス軍,法军,contextual,本作；详见使用限制,selected-tda01,28,provisional-selected,,仅作翻译审校参考；确认对应专名/军事称谓后使用，不自动替换正文；来自上一轮暂定专表，不是历史全量基线。
ブルーオーシャン,蓝海,contextual,本作；详见使用限制,selected-tda01,29,provisional-selected,,仅作翻译审校参考；确认对应专名/军事称谓后使用，不自动替换正文；来自上一轮暂定专表，不是历史全量基线。
ボクサー,拳师号,contextual,本作；详见使用限制,selected-tda01,30,provisional-selected,,仅作翻译审校参考；确认对应专名/军事称谓后使用，不自动替换正文；来自上一轮暂定专表，不是历史全量基线。
ボーニング社,波音公司,contextual,本作；详见使用限制,selected-tda01,31,provisional-selected,,仅作翻译审校参考；确认对应专名/军事称谓后使用，不自动替换正文；来自上一轮暂定专表，不是历史全量基线。
ユーラシア,欧亚大陆,contextual,本作；详见使用限制,selected-tda01,32,provisional-selected,,仅作翻译审校参考；确认对应专名/军事称谓后使用，不自动替换正文；来自上一轮暂定专表，不是历史全量基线。
一郎,一郎,contextual,本作；详见使用限制,selected-tda01,33,provisional-selected,,仅作翻译审校参考；确认对应专名/军事称谓后使用，不自动替换正文；来自上一轮暂定专表，不是历史全量基线。
千堂,千堂,contextual,本作；详见使用限制,selected-tda01,34,provisional-selected,,仅作翻译审校参考；确认对应专名/军事称谓后使用，不自动替换正文；来自上一轮暂定专表，不是历史全量基线。
千堂少尉,千堂少尉,contextual,本作；详见使用限制,selected-tda01,35,provisional-selected,,仅作翻译审校参考；确认对应专名/军事称谓后使用，不自动替换正文；来自上一轮暂定专表，不是历史全量基线。
千堂柚香,千堂柚香,contextual,本作；详见使用限制,selected-tda01,36,provisional-selected,,仅作翻译审校参考；确认对应专名/军事称谓后使用，不自动替换正文；来自上一轮暂定专表，不是历史全量基线。
千堂柚香少尉,千堂柚香少尉,contextual,本作；详见使用限制,selected-tda01,37,provisional-selected,,仅作翻译审校参考；确认对应专名/军事称谓后使用，不自动替换正文；来自上一轮暂定专表，不是历史全量基线。
古手川先生,古手川老师,contextual,本作；详见使用限制,selected-tda01,38,provisional-selected,,仅作翻译审校参考；确认对应专名/军事称谓后使用，不自动替换正文；来自上一轮暂定专表，不是历史全量基线。
合衆国,合众国,contextual,本作；详见使用限制,selected-tda01,39,provisional-selected,,仅作翻译审校参考；确认对应专名/军事称谓后使用，不自动替换正文；来自上一轮暂定专表，不是历史全量基线。
和美,和美,contextual,本作；详见使用限制,selected-tda01,40,provisional-selected,,仅作翻译审校参考；确认对应专名/军事称谓后使用，不自动替换正文；来自上一轮暂定专表，不是历史全量基线。
大和,大和,contextual,本作；详见使用限制,selected-tda01,41,provisional-selected,,仅作翻译审校参考；确认对应专名/军事称谓后使用，不自动替换正文；来自上一轮暂定专表，不是历史全量基线。
太平洋,太平洋,contextual,本作；详见使用限制,selected-tda01,42,provisional-selected,,仅作翻译审校参考；确认对应专名/军事称谓后使用，不自动替换正文；来自上一轮暂定专表，不是历史全量基线。
寺本,寺本,contextual,本作；详见使用限制,selected-tda01,43,provisional-selected,,仅作翻译审校参考；确认对应专名/军事称谓后使用，不自动替换正文；来自上一轮暂定专表，不是历史全量基线。
帝国軍兵士,帝国军士兵,contextual,本作；详见使用限制,selected-tda01,44,provisional-selected,,仅作翻译审校参考；确认对应专名/军事称谓后使用，不自动替换正文；来自上一轮暂定专表，不是历史全量基线。
帝国連合艦隊,帝国联合舰队,contextual,本作；详见使用限制,selected-tda01,45,provisional-selected,,仅作翻译审校参考；确认对应专名/军事称谓后使用，不自动替换正文；来自上一轮暂定专表，不是历史全量基线。
強襲揚陸艦ボクサー,强袭登陆舰拳师号,contextual,本作；详见使用限制,selected-tda01,46,provisional-selected,,仅作翻译审校参考；确认对应专名/军事称谓后使用，不自动替换正文；来自上一轮暂定专表，不是历史全量基线。
戦術機小隊,战术机小队,contextual,本作；详见使用限制,selected-tda01,47,provisional-selected,,仅作翻译审校参考；确认对应专名/军事称谓后使用，不自动替换正文；来自上一轮暂定专表，不是历史全量基线。
戦術機母艦,战术机母舰,contextual,本作；详见使用限制,selected-tda01,48,provisional-selected,,仅作翻译审校参考；确认对应专名/军事称谓后使用，不自动替换正文；来自上一轮暂定专表，不是历史全量基线。
戦術機部隊,战术机部队,contextual,本作；详见使用限制,selected-tda01,49,provisional-selected,,仅作翻译审校参考；确认对应专名/军事称谓后使用，不自动替换正文；来自上一轮暂定专表，不是历史全量基线。
整備兵,整备兵,contextual,本作；详见使用限制,selected-tda01,50,provisional-selected,,仅作翻译审校参考；确认对应专名/军事称谓后使用，不自动替换正文；来自上一轮暂定专表，不是历史全量基线。
日本帝国欧州派遣軍,日本帝国欧洲派遣军,contextual,本作；详见使用限制,selected-tda01,51,provisional-selected,,仅作翻译审校参考；确认对应专名/军事称谓后使用，不自动替换正文；来自上一轮暂定专表，不是历史全量基线。
松風,松风,contextual,本作；详见使用限制,selected-tda01,52,provisional-selected,,仅作翻译审校参考；确认对应专名/军事称谓后使用，不自动替换正文；来自上一轮暂定专表，不是历史全量基线。
松風諒一,松风谅一,contextual,本作；详见使用限制,selected-tda01,53,provisional-selected,,仅作翻译审校参考；确认对应专名/军事称谓后使用，不自动替换正文；来自上一轮暂定专表，不是历史全量基线。
松風諒一中尉,松风谅一中尉,contextual,本作；详见使用限制,selected-tda01,54,provisional-selected,,仅作翻译审校参考；确认对应专名/军事称谓后使用，不自动替换正文；来自上一轮暂定专表，不是历史全量基线。
柚香,柚香,contextual,本作；详见使用限制,selected-tda01,55,provisional-selected,,仅作翻译审校参考；确认对应专名/军事称谓后使用，不自动替换正文；来自上一轮暂定专表，不是历史全量基线。
楠本,楠本,contextual,本作；详见使用限制,selected-tda01,56,provisional-selected,,仅作翻译审校参考；确认对应专名/军事称谓后使用，不自动替换正文；来自上一轮暂定专表，不是历史全量基线。
楠本さやか,楠本沙也加,contextual,本作；详见使用限制,selected-tda01,57,provisional-selected,,仅作翻译审校参考；确认对应专名/军事称谓后使用，不自动替换正文；来自上一轮暂定专表，不是历史全量基线。
機分隊,机分队,contextual,本作；详见使用限制,selected-tda01,58,provisional-selected,,仅作翻译审校参考；确认对应专名/军事称谓后使用，不自动替换正文；来自上一轮暂定专表，不是历史全量基线。
浅葱,浅葱,contextual,本作；详见使用限制,selected-tda01,59,provisional-selected,,仅作翻译审校参考；确认对应专名/军事称谓后使用，不自动替换正文；来自上一轮暂定专表，不是历史全量基线。
海軍戦術機部隊,海军战术机部队,contextual,本作；详见使用限制,selected-tda01,60,provisional-selected,,仅作翻译审校参考；确认对应专名/军事称谓后使用，不自动替换正文；来自上一轮暂定专表，不是历史全量基线。
煌武院 悠陽,煌武院悠阳,contextual,本作；详见使用限制,selected-tda01,61,provisional-selected,,仅作翻译审校参考；确认对应专名/军事称谓后使用，不自动替换正文；来自上一轮暂定专表，不是历史全量基线。
神宮司,神宫司,contextual,本作；详见使用限制,selected-tda01,62,provisional-selected,,仅作翻译审校参考；确认对应专名/军事称谓后使用，不自动替换正文；来自上一轮暂定专表，不是历史全量基线。
神宮司まりも,神宫司麻理茉,contextual,本作；详见使用限制,selected-tda01,63,provisional-selected,,仅作翻译审校参考；确认对应专名/军事称谓后使用，不自动替换正文；来自上一轮暂定专表，不是历史全量基线。
米国,美国,contextual,本作；详见使用限制,selected-tda01,64,provisional-selected,,仅作翻译审校参考；确认对应专名/军事称谓后使用，不自动替换正文；来自上一轮暂定专表，不是历史全量基线。
米国人,美国人,contextual,本作；详见使用限制,selected-tda01,65,provisional-selected,,仅作翻译审校参考；确认对应专名/军事称谓后使用，不自动替换正文；来自上一轮暂定专表，不是历史全量基线。
米国海軍戦術機母艦,美国海军战术机母舰,contextual,本作；详见使用限制,selected-tda01,66,provisional-selected,,仅作翻译审校参考；确认对应专名/军事称谓后使用，不自动替换正文；来自上一轮暂定专表，不是历史全量基线。
米国陸軍第１軍団第６６戦術機甲大隊,美国陆军第1军团第66战术机甲大队,contextual,本作；详见使用限制,selected-tda01,67,provisional-selected,,仅作翻译审校参考；确认对应专名/军事称谓后使用，不自动替换正文；来自上一轮暂定专表，不是历史全量基线。
米国陸軍第６６戦術機甲大隊,美国陆军第66战术机甲大队,contextual,本作；详见使用限制,selected-tda01,68,provisional-selected,,仅作翻译审校参考；确认对应专名/军事称谓后使用，不自动替换正文；来自上一轮暂定专表，不是历史全量基线。
米軍,美军,contextual,本作；详见使用限制,selected-tda01,69,provisional-selected,,仅作翻译审校参考；确认对应专名/军事称谓后使用，不自动替换正文；来自上一轮暂定专表，不是历史全量基线。
米軍衛士,美军卫士,contextual,本作；详见使用限制,selected-tda01,70,provisional-selected,,仅作翻译审校参考；确认对应专名/军事称谓后使用，不自动替换正文；来自上一轮暂定专表，不是历史全量基线。
美桜乃少尉,美樱乃少尉,contextual,本作；详见使用限制,selected-tda01,71,provisional-selected,,仅作翻译审校参考；确认对应专名/军事称谓后使用，不自动替换正文；来自上一轮暂定专表，不是历史全量基线。
美桜乃雫,美樱乃雫,contextual,本作；详见使用限制,selected-tda01,72,provisional-selected,,仅作翻译审校参考；确认对应专名/军事称谓后使用，不自动替换正文；来自上一轮暂定专表，不是历史全量基线。
美桜乃雫少尉,美樱乃雫少尉,contextual,本作；详见使用限制,selected-tda01,73,provisional-selected,,仅作翻译审校参考；确认对应专名/军事称谓后使用，不自动替换正文；来自上一轮暂定专表，不是历史全量基线。
軌道降下兵,轨道降下兵,contextual,本作；详见使用限制,selected-tda01,74,provisional-selected,,本作采用轨道降下兵；旧表轨道潜水员错误，不自动改正文中的其他译法；来自上一轮暂定专表，不是历史全量基线。
軍警隊長,军警队长,contextual,本作；详见使用限制,selected-tda01,75,provisional-selected,,仅作翻译审校参考；确认对应专名/军事称谓后使用，不自动替换正文；来自上一轮暂定专表，不是历史全量基线。
部隊葬,部队葬,contextual,本作；详见使用限制,selected-tda01,76,provisional-selected,,仅作翻译审校参考；确认对应专名/军事称谓后使用，不自动替换正文；来自上一轮暂定专表，不是历史全量基线。
雫,雫,contextual,本作；详见使用限制,selected-tda01,77,provisional-selected,,仅作翻译审校参考；确认对应专名/军事称谓后使用，不自动替换正文；来自上一轮暂定专表，不是历史全量基线。
響,响,contextual,本作；详见使用限制,selected-tda01,78,provisional-selected,,仅作翻译审校参考；确认对应专名/军事称谓后使用，不自动替换正文；来自上一轮暂定专表，不是历史全量基线。
騎兵隊,骑兵队,contextual,本作；详见使用限制,selected-tda01,79,provisional-selected,,仅作翻译审校参考；确认对应专名/军事称谓后使用，不自动替换正文；来自上一轮暂定专表，不是历史全量基线。
龍浪,龙浪,contextual,本作；详见使用限制,selected-tda01,80,provisional-selected,,仅作翻译审校参考；确认对应专名/军事称谓后使用，不自动替换正文；来自上一轮暂定专表，不是历史全量基线。
龍浪中尉,龙浪中尉,contextual,本作；详见使用限制,selected-tda01,81,provisional-selected,,仅作翻译审校参考；确认对应专名/军事称谓后使用，不自动替换正文；来自上一轮暂定专表，不是历史全量基线。
龍浪響,龙浪响,contextual,本作；详见使用限制,selected-tda01,82,provisional-selected,,仅作翻译审校参考；确认对应专名/军事称谓后使用，不自动替换正文；来自上一轮暂定专表，不是历史全量基线。
龍浪響中尉,龙浪响中尉,contextual,本作；详见使用限制,selected-tda01,83,provisional-selected,,仅作翻译审校参考；确认对应专名/军事称谓后使用，不自动替换正文；来自上一轮暂定专表，不是历史全量基线。
ァァ,啊啊,excluded,050_承_2005_10_08 軍葬・ハンガー・宿舎01,mixed,10,unscoped,1,旧混合表；出现不等于译法正确；仅证实在本作出现；译法、单字子串及称谓语境仍需审定。
アルフレッド・ウォーケン,阿尔弗雷德·沃肯,candidate,090_承_2005_10_13 まりも日米会議・ハンガートーク01 / 130_転_BETA大規模再襲撃01,mixed,20,unscoped,3,旧混合表；出现不等于译法正确；仅证实在本作出现；译法、单字子串及称谓语境仍需审定。
アルフレッド・ウォーケン少佐,阿尔弗雷德·沃肯少佐,candidate,090_承_2005_10_13 まりも日米会議・ハンガートーク01 / 130_転_BETA大規模再襲撃01,mixed,22,unscoped,3,旧混合表；出现不等于译法正确；仅证实在本作出现；译法、单字子串及称谓语境仍需审定。
インド,印度,candidate,080_承_2005_10_12 孤児院1回目・まりも不在01,mixed,30,unscoped,4,旧混合表；出现不等于译法正确；仅证实在本作出现；译法、单字子串及称谓语境仍需审定。
イーグル,鹰,candidate,010_序章_響の悪夢01 / 040_承_2005_10_07 デブリーフィング・顔合わせ01,mixed,32,unscoped,3,旧混合表；出现不等于译法正确；仅证实在本作出现；译法、单字子串及称谓语境仍需审定。
ウォーケン,沃肯,candidate,090_承_2005_10_13 まりも日米会議・ハンガートーク01 / 110_承_2005_10_18 市街地警護任務1・空振り01 / 130_転_BETA大規模再襲撃01 / 130_転_BETA大規模再襲撃02 / 130_転_BETA大規模再襲撃03,mixed,42,unscoped,19,旧混合表；出现不等于译法正确；仅证实在本作出现；译法、单字子串及称谓语境仍需审定。
ウォーケン少佐,沃肯少佐,candidate,090_承_2005_10_13 まりも日米会議・ハンガートーク01 / 110_承_2005_10_18 市街地警護任務1・空振り01 / 130_転_BETA大規模再襲撃01 / 130_転_BETA大規模再襲撃02 / 130_転_BETA大規模再襲撃03,mixed,44,unscoped,19,旧混合表；出现不等于译法正确；仅证实在本作出现；译法、单字子串及称谓语境仍需审定。
ウォードッグ,战犬,candidate,050_承_2005_10_08 軍葬・ハンガー・宿舎01 / 060_承_2005_10_10 まりも・警備任務プレ01 / 080_承_2005_10_12 孤児院1回目・まりも不在01 / 110_承_2005_10_18 市街地警護任務1・空振り01 / 120_承_2005_10_19 デモ隊との交渉01 / 130_転_BETA大規模再襲撃01 / 130_転_BETA大規模再襲撃02 / 130_転_BETA大規模再襲撃03,mixed,45,unscoped,68,旧混合表；出现不等于译法正确；仅证实在本作出现；译法、单字子串及称谓语境仍需审定。
ウォードッグス,战犬,candidate,130_転_BETA大規模再襲撃02,mixed,46,unscoped,1,旧混合表；出现不等于译法正确；仅证实在本作出现；译法、单字子串及称谓语境仍需审定。
ウォードッグ小隊,战犬小队,candidate,050_承_2005_10_08 軍葬・ハンガー・宿舎01 / 060_承_2005_10_10 まりも・警備任務プレ01 / 110_承_2005_10_18 市街地警護任務1・空振り01 / 120_承_2005_10_19 デモ隊との交渉01,mixed,47,unscoped,6,旧混合表；出现不等于译法正确；仅证实在本作出现；译法、单字子串及称谓语境仍需审定。
ウォードッグ隊,战犬队,candidate,050_承_2005_10_08 軍葬・ハンガー・宿舎01 / 080_承_2005_10_12 孤児院1回目・まりも不在01 / 110_承_2005_10_18 市街地警護任務1・空振り01,mixed,48,unscoped,8,旧混合表；出现不等于译法正确；仅证实在本作出现；译法、单字子串及称谓语境仍需审定。
ウチ,我方/本舰,excluded,040_承_2005_10_07 デブリーフィング・顔合わせ01 / 050_承_2005_10_08 軍葬・ハンガー・宿舎01,mixed,49,unscoped,6,旧混合表；出现不等于译法正确；仅证实在本作出现；译法、单字子串及称谓语境仍需审定。
エリア,区域,candidate,020_起_第６次シアトル防衛線01 / 040_承_2005_10_07 デブリーフィング・顔合わせ01 / 050_承_2005_10_08 軍葬・ハンガー・宿舎01 / 060_承_2005_10_10 まりも・警備任務プレ01 / 130_転_BETA大規模再襲撃01,mixed,51,unscoped,13,旧混合表；出现不等于译法正确；仅证实在本作出现；译法、单字子串及称谓语境仍需审定。
エレン,艾伦,candidate,020_起_第６次シアトル防衛線01 / 040_承_2005_10_07 デブリーフィング・顔合わせ01 / 050_承_2005_10_08 軍葬・ハンガー・宿舎01 / 060_承_2005_10_10 まりも・警備任務プレ01 / 070_承_2005_10_11 物資受取・雫・エレン01 / 080_承_2005_10_12 孤児院1回目・まりも不在01 / 090_承_2005_10_13 まりも日米会議・ハンガートーク01 / 100_承_2005_10_14 居住区休日・孤児院2回目01 / 110_承_2005_10_18 市街地警護任務1・空振り01 / 120_承_2005_10_19 デモ隊との交渉01 / 130_転_BETA大規模再襲撃01 / 130_転_BETA大規模再襲撃02 / 130_転_BETA大規模再襲撃03,mixed,53,unscoped,76,旧混合表；出现不等于译法正确；仅证实在本作出现；译法、单字子串及称谓语境仍需审定。
エレン・エイス,艾伦·艾斯,candidate,020_起_第６次シアトル防衛線01 / 040_承_2005_10_07 デブリーフィング・顔合わせ01 / 050_承_2005_10_08 軍葬・ハンガー・宿舎01 / 070_承_2005_10_11 物資受取・雫・エレン01 / 130_転_BETA大規模再襲撃01 / 130_転_BETA大規模再襲撃03,mixed,54,unscoped,8,旧混合表；出现不等于译法正确；仅证实在本作出现；译法、单字子串及称谓语境仍需审定。
エレン・エイス少尉,艾伦·艾斯少尉,candidate,040_承_2005_10_07 デブリーフィング・顔合わせ01 / 050_承_2005_10_08 軍葬・ハンガー・宿舎01 / 070_承_2005_10_11 物資受取・雫・エレン01 / 130_転_BETA大規模再襲撃01 / 130_転_BETA大規模再襲撃03,mixed,56,unscoped,7,旧混合表；出现不等于译法正确；仅证实在本作出现；译法、单字子串及称谓语境仍需审定。
エレン少尉,艾伦少尉,candidate,070_承_2005_10_11 物資受取・雫・エレン01,mixed,60,unscoped,1,旧混合表；出现不等于译法正确；仅证实在本作出现；译法、单字子串及称谓语境仍需审定。
オーストラリア,澳大利亚,candidate,060_承_2005_10_10 まりも・警備任務プレ01,mixed,66,unscoped,1,旧混合表；出现不等于译法正确；仅证实在本作出现；译法、单字子串及称谓语境仍需审定。
カロネード,卡洛内德,candidate,020_起_第６次シアトル防衛線01 / 040_承_2005_10_07 デブリーフィング・顔合わせ01,mixed,79,unscoped,30,旧混合表；出现不等于译法正确；仅证实在本作出现；译法、单字子串及称谓语境仍需审定。
カロネード隊,卡洛内德队,candidate,020_起_第６次シアトル防衛線01,mixed,80,unscoped,3,旧混合表；出现不等于译法正确；仅证实在本作出现；译法、单字子串及称谓语境仍需审定。
クソ,该死,candidate,040_承_2005_10_07 デブリーフィング・顔合わせ01 / 050_承_2005_10_08 軍葬・ハンガー・宿舎01 / 070_承_2005_10_11 物資受取・雫・エレン01 / 100_承_2005_10_14 居住区休日・孤児院2回目01 / 110_承_2005_10_18 市街地警護任務1・空振り01 / 120_承_2005_10_19 デモ隊との交渉01 / 130_転_BETA大規模再襲撃01 / 130_転_BETA大規模再襲撃02 / 130_転_BETA大規模再襲撃03,mixed,84,unscoped,23,旧混合表；出现不等于译法正确；仅证实在本作出现；译法、单字子串及称谓语境仍需审定。
クレイン,鹤,candidate,120_承_2005_10_19 デモ隊との交渉01 / 130_転_BETA大規模再襲撃02 / 130_転_BETA大規模再襲撃03,mixed,88,unscoped,4,旧混合表；出现不等于译法正确；仅证实在本作出现；译法、单字子串及称谓语境仍需审定。
コントロール,管制,candidate,060_承_2005_10_10 まりも・警備任務プレ01,mixed,104,unscoped,2,旧混合表；出现不等于译法正确；仅证实在本作出现；译法、单字子串及称谓语境仍需审定。
シアトル,西雅图,candidate,020_起_第６次シアトル防衛線01 / 040_承_2005_10_07 デブリーフィング・顔合わせ01 / 050_承_2005_10_08 軍葬・ハンガー・宿舎01 / 060_承_2005_10_10 まりも・警備任務プレ01 / 070_承_2005_10_11 物資受取・雫・エレン01 / 090_承_2005_10_13 まりも日米会議・ハンガートーク01 / 100_承_2005_10_14 居住区休日・孤児院2回目01 / 110_承_2005_10_18 市街地警護任務1・空振り01 / 120_承_2005_10_19 デモ隊との交渉01 / 130_転_BETA大規模再襲撃01 / 130_転_BETA大規模再襲撃02 / 130_転_BETA大規模再襲撃03 / 140_結_エピローグ01,mixed,113,unscoped,83,旧混合表；出现不等于译法正确；仅证实在本作出现；译法、单字子串及称谓语境仍需审定。
センサー,传感器,candidate,130_転_BETA大規模再襲撃01,mixed,142,unscoped,1,旧混合表；出现不等于译法正确；仅证实在本作出现；译法、单字子串及称谓语境仍需审定。
ソ連,苏联,candidate,060_承_2005_10_10 まりも・警備任務プレ01 / 080_承_2005_10_12 孤児院1回目・まりも不在01,mixed,145,unscoped,2,旧混合表；出现不等于译法正确；仅证实在本作出现；译法、单字子串及称谓语境仍需审定。
タイプ,类型,candidate,040_承_2005_10_07 デブリーフィング・顔合わせ01 / 050_承_2005_10_08 軍葬・ハンガー・宿舎01 / 070_承_2005_10_11 物資受取・雫・エレン01 / 090_承_2005_10_13 まりも日米会議・ハンガートーク01,mixed,146,unscoped,7,旧混合表；出现不等于译法正确；仅证实在本作出现；译法、单字子串及称谓语境仍需审定。
タコマ,塔科马,candidate,040_承_2005_10_07 デブリーフィング・顔合わせ01 / 050_承_2005_10_08 軍葬・ハンガー・宿舎01 / 060_承_2005_10_10 まりも・警備任務プレ01 / 070_承_2005_10_11 物資受取・雫・エレン01 / 080_承_2005_10_12 孤児院1回目・まりも不在01 / 090_承_2005_10_13 まりも日米会議・ハンガートーク01 / 110_承_2005_10_18 市街地警護任務1・空振り01,mixed,147,unscoped,18,旧混合表；出现不等于译法正确；仅证实在本作出现；译法、单字子串及称谓语境仍需审定。
テメェ,你这混蛋,candidate,050_承_2005_10_08 軍葬・ハンガー・宿舎01 / 060_承_2005_10_10 まりも・警備任務プレ01 / 070_承_2005_10_11 物資受取・雫・エレン01 / 090_承_2005_10_13 まりも日米会議・ハンガートーク01,mixed,159,unscoped,4,旧混合表；出现不等于译法正确；仅证实在本作出现；译法、单字子串及称谓语境仍需审定。
デモ隊,示威队伍,candidate,110_承_2005_10_18 市街地警護任務1・空振り01 / 120_承_2005_10_19 デモ隊との交渉01 / 130_転_BETA大規模再襲撃01,mixed,163,unscoped,19,旧混合表；出现不等于译法正确；仅证实在本作出现；译法、单字子串及称谓语境仍需审定。
データリンク,数据链,candidate,020_起_第６次シアトル防衛線01 / 050_承_2005_10_08 軍葬・ハンガー・宿舎01 / 130_転_BETA大規模再襲撃01 / 130_転_BETA大規模再襲撃02,mixed,168,unscoped,6,旧混合表；出现不等于译法正确；仅证实在本作出现；译法、单字子串及称谓语境仍需审定。
トラブル,麻烦,candidate,060_承_2005_10_10 まりも・警備任務プレ01 / 110_承_2005_10_18 市街地警護任務1・空振り01 / 130_転_BETA大規模再襲撃01,mixed,170,unscoped,3,旧混合表；出现不等于译法正确；仅证实在本作出现；译法、单字子串及称谓语境仍需审定。
ドレイク,德雷克,candidate,020_起_第６次シアトル防衛線01 / 040_承_2005_10_07 デブリーフィング・顔合わせ01,mixed,174,unscoped,69,旧混合表；出现不等于译法正确；仅证实在本作出现；译法、单字子串及称谓语境仍需审定。
ドレイク・カロネード,德雷克、卡洛内德,candidate,020_起_第６次シアトル防衛線01,mixed,175,unscoped,2,旧混合表；出现不等于译法正确；仅证实在本作出现；译法、单字子串及称谓语境仍需审定。
ハワイ,夏威夷,candidate,020_起_第６次シアトル防衛線01 / 040_承_2005_10_07 デブリーフィング・顔合わせ01 / 050_承_2005_10_08 軍葬・ハンガー・宿舎01 / 060_承_2005_10_10 まりも・警備任務プレ01 / 080_承_2005_10_12 孤児院1回目・まりも不在01 / 090_承_2005_10_13 まりも日米会議・ハンガートーク01 / 100_承_2005_10_14 居住区休日・孤児院2回目01 / 110_承_2005_10_18 市街地警護任務1・空振り01,mixed,190,unscoped,37,旧混合表；出现不等于译法正确；仅证实在本作出现；译法、单字子串及称谓语境仍需审定。
ハンター,猎人,candidate,130_転_BETA大規模再襲撃02,mixed,191,unscoped,1,旧混合表；出现不等于译法正确；仅证实在本作出现；译法、单字子串及称谓语境仍需审定。
バビロン,巴比伦,candidate,040_承_2005_10_07 デブリーフィング・顔合わせ01 / 050_承_2005_10_08 軍葬・ハンガー・宿舎01 / 060_承_2005_10_10 まりも・警備任務プレ01 / 070_承_2005_10_11 物資受取・雫・エレン01 / 080_承_2005_10_12 孤児院1回目・まりも不在01,mixed,201,unscoped,13,旧混合表；出现不等于译法正确；仅证实在本作出现；译法、单字子串及称谓语境仍需审定。
バビロン作戦,巴比伦作战,candidate,080_承_2005_10_12 孤児院1回目・まりも不在01,mixed,202,unscoped,1,旧混合表；出现不等于译法正确；仅证实在本作出现；译法、单字子串及称谓语境仍需审定。
ヒル中尉,希尔中尉,candidate,070_承_2005_10_11 物資受取・雫・エレン01 / 080_承_2005_10_12 孤児院1回目・まりも不在01,mixed,207,unscoped,3,旧混合表；出现不等于译法正确；仅证实在本作出现；译法、单字子串及称谓语境仍需审定。
フォートルイス,刘易斯堡,candidate,040_承_2005_10_07 デブリーフィング・顔合わせ01 / 050_承_2005_10_08 軍葬・ハンガー・宿舎01 / 060_承_2005_10_10 まりも・警備任務プレ01 / 090_承_2005_10_13 まりも日米会議・ハンガートーク01 / 130_転_BETA大規模再襲撃02,mixed,228,unscoped,10,旧混合表；出现不等于译法正确；仅证实在本作出现；译法、单字子串及称谓语境仍需审定。
フォートルイス基地,刘易斯堡基地,candidate,050_承_2005_10_08 軍葬・ハンガー・宿舎01 / 060_承_2005_10_10 まりも・警備任務プレ01 / 090_承_2005_10_13 まりも日米会議・ハンガートーク01 / 130_転_BETA大規模再襲撃02,mixed,229,unscoped,8,旧混合表；出现不等于译法正确；仅证实在本作出现；译法、单字子串及称谓语境仍需审定。
フランス軍,法军,candidate,040_承_2005_10_07 デブリーフィング・顔合わせ01 / 050_承_2005_10_08 軍葬・ハンガー・宿舎01 / 090_承_2005_10_13 まりも日米会議・ハンガートーク01,mixed,238,unscoped,3,旧混合表；出现不等于译法正确；仅证实在本作出现；译法、单字子串及称谓语境仍需审定。
ブリーフィング,简报,candidate,020_起_第６次シアトル防衛線01 / 040_承_2005_10_07 デブリーフィング・顔合わせ01 / 050_承_2005_10_08 軍葬・ハンガー・宿舎01,mixed,254,unscoped,3,旧混合表；出现不等于译法正确；仅证实在本作出现；译法、单字子串及称谓语境仍需审定。
ブルーオーシャン,蓝海,candidate,040_承_2005_10_07 デブリーフィング・顔合わせ01,mixed,255,unscoped,1,旧混合表；出现不等于译法正确；仅证实在本作出现；译法、单字子串及称谓语境仍需审定。
ブロック,区块,candidate,110_承_2005_10_18 市街地警護任務1・空振り01,mixed,257,unscoped,2,旧混合表；出现不等于译法正确；仅证实在本作出现；译法、单字子串及称谓语境仍需审定。
ボクサー,拳师号,candidate,070_承_2005_10_11 物資受取・雫・エレン01 / 090_承_2005_10_13 まりも日米会議・ハンガートーク01 / 130_転_BETA大規模再襲撃01,mixed,269,unscoped,7,旧混合表；出现不等于译法正确；仅证实在本作出现；译法、单字子串及称谓语境仍需审定。
ボーニング社,波音公司,candidate,040_承_2005_10_07 デブリーフィング・顔合わせ01,mixed,273,unscoped,1,旧混合表；出现不等于译法正确；仅证实在本作出现；译法、单字子串及称谓语境仍需审定。
ミサイル,导弹,candidate,130_転_BETA大規模再襲撃02,mixed,281,unscoped,3,旧混合表；出现不等于译法正确；仅证实在本作出现；译法、单字子串及称谓语境仍需审定。
メートル,米,candidate,040_承_2005_10_07 デブリーフィング・顔合わせ01 / 110_承_2005_10_18 市街地警護任務1・空振り01,mixed,288,unscoped,2,旧混合表；出现不等于译法正确；仅证实在本作出现；译法、单字子串及称谓语境仍需审定。
ユニット,单元,candidate,040_承_2005_10_07 デブリーフィング・顔合わせ01,mixed,295,unscoped,1,旧混合表；出现不等于译法正确；仅证实在本作出现；译法、单字子串及称谓语境仍需审定。
ユーラシア,欧亚大陆,candidate,040_承_2005_10_07 デブリーフィング・顔合わせ01 / 050_承_2005_10_08 軍葬・ハンガー・宿舎01 / 060_承_2005_10_10 まりも・警備任務プレ01 / 070_承_2005_10_11 物資受取・雫・エレン01,mixed,298,unscoped,6,旧混合表；出现不等于译法正确；仅证实在本作出现；译法、单字子串及称谓语境仍需审定。
ラプター,猛禽,candidate,110_承_2005_10_18 市街地警護任務1・空振り01,mixed,307,unscoped,1,旧混合表；出现不等于译法正确；仅证实在本作出现；译法、单字子串及称谓语境仍需审定。
リスク,风险,candidate,060_承_2005_10_10 まりも・警備任務プレ01 / 080_承_2005_10_12 孤児院1回目・まりも不在01,mixed,311,unscoped,4,旧混合表；出现不等于译法正确；仅证实在本作出现；译法、单字子串及称谓语境仍需审定。
リスト,名单,candidate,060_承_2005_10_10 まりも・警備任務プレ01,mixed,312,unscoped,1,旧混合表；出现不等于译法正确；仅证实在本作出现；译法、单字子串及称谓语境仍需审定。
リソース,资源,candidate,040_承_2005_10_07 デブリーフィング・顔合わせ01,mixed,313,unscoped,2,旧混合表；出现不等于译法正确；仅证实在本作出现；译法、单字子串及称谓语境仍需审定。
一郎,一郎,candidate,080_承_2005_10_12 孤児院1回目・まりも不在01 / 100_承_2005_10_14 居住区休日・孤児院2回目01,mixed,346,unscoped,9,旧混合表；出现不等于译法正确；仅证实在本作出现；译法、单字子串及称谓语境仍需审定。
不知火,不知火,candidate,040_承_2005_10_07 デブリーフィング・顔合わせ01 / 050_承_2005_10_08 軍葬・ハンガー・宿舎01 / 060_承_2005_10_10 まりも・警備任務プレ01 / 080_承_2005_10_12 孤児院1回目・まりも不在01,mixed,351,unscoped,13,旧混合表；出现不等于译法正确；仅证实在本作出现；译法、单字子串及称谓语境仍需审定。
中尉,中尉,candidate,010_序章_響の悪夢01 / 020_起_第６次シアトル防衛線01 / 040_承_2005_10_07 デブリーフィング・顔合わせ01 / 050_承_2005_10_08 軍葬・ハンガー・宿舎01 / 060_承_2005_10_10 まりも・警備任務プレ01 / 070_承_2005_10_11 物資受取・雫・エレン01 / 080_承_2005_10_12 孤児院1回目・まりも不在01 / 090_承_2005_10_13 まりも日米会議・ハンガートーク01 / 100_承_2005_10_14 居住区休日・孤児院2回目01 / 110_承_2005_10_18 市街地警護任務1・空振り01 / 120_承_2005_10_19 デモ隊との交渉01 / 130_転_BETA大規模再襲撃01 / 130_転_BETA大規模再襲撃02 / 130_転_BETA大規模再襲撃03,mixed,354,unscoped,334,旧混合表；出现不等于译法正确；仅证实在本作出现；译法、单字子串及称谓语境仍需审定。
中隊,中队,candidate,040_承_2005_10_07 デブリーフィング・顔合わせ01 / 050_承_2005_10_08 軍葬・ハンガー・宿舎01 / 060_承_2005_10_10 まりも・警備任務プレ01 / 070_承_2005_10_11 物資受取・雫・エレン01 / 120_承_2005_10_19 デモ隊との交渉01 / 130_転_BETA大規模再襲撃01 / 130_転_BETA大規模再襲撃02 / 130_転_BETA大規模再襲撃03,mixed,360,unscoped,20,旧混合表；出现不等于译法正确；仅证实在本作出现；译法、单字子串及称谓语境仍需审定。
事務官,事务官,candidate,110_承_2005_10_18 市街地警護任務1・空振り01,mixed,361,unscoped,1,旧混合表；出现不等于译法正确；仅证实在本作出现；译法、单字子串及称谓语境仍需审定。
低軌道衛星,低轨道卫星,candidate,130_転_BETA大規模再襲撃01,mixed,376,unscoped,1,旧混合表；出现不等于译法正确；仅证实在本作出现；译法、单字子串及称谓语境仍需审定。
個中隊,个中队,candidate,040_承_2005_10_07 デブリーフィング・顔合わせ01,mixed,380,unscoped,1,旧混合表；出现不等于译法正确；仅证实在本作出现；译法、单字子串及称谓语境仍需审定。
個小隊,个小队,candidate,040_承_2005_10_07 デブリーフィング・顔合わせ01,mixed,381,unscoped,1,旧混合表；出现不等于译法正确；仅证实在本作出现；译法、单字子串及称谓语境仍需审定。
光線級,光线级,candidate,020_起_第６次シアトル防衛線01 / 090_承_2005_10_13 まりも日米会議・ハンガートーク01 / 130_転_BETA大規模再襲撃01 / 130_転_BETA大規模再襲撃02 / 130_転_BETA大規模再襲撃03,mixed,387,unscoped,24,旧混合表；出现不等于译法正确；仅证实在本作出现；译法、单字子串及称谓语境仍需审定。
入隊,入队,candidate,040_承_2005_10_07 デブリーフィング・顔合わせ01 / 050_承_2005_10_08 軍葬・ハンガー・宿舎01 / 080_承_2005_10_12 孤児院1回目・まりも不在01,mixed,388,unscoped,3,旧混合表；出现不等于译法正确；仅证实在本作出现；译法、单字子串及称谓语境仍需审定。
兵士,士兵,candidate,070_承_2005_10_11 物資受取・雫・エレン01,mixed,391,unscoped,5,旧混合表；出现不等于译法正确；仅证实在本作出现；译法、单字子串及称谓语境仍需审定。
創造主,创造主,candidate,130_転_BETA大規模再襲撃01,mixed,402,unscoped,1,旧混合表；出现不等于译法正确；仅证实在本作出现；译法、单字子串及称谓语境仍需审定。
労働者,工人,candidate,050_承_2005_10_08 軍葬・ハンガー・宿舎01,mixed,404,unscoped,1,旧混合表；出现不等于译法正确；仅证实在本作出现；译法、单字子串及称谓语境仍需审定。
千堂,千堂,candidate,010_序章_響の悪夢01 / 020_起_第６次シアトル防衛線01 / 040_承_2005_10_07 デブリーフィング・顔合わせ01 / 050_承_2005_10_08 軍葬・ハンガー・宿舎01 / 070_承_2005_10_11 物資受取・雫・エレン01 / 080_承_2005_10_12 孤児院1回目・まりも不在01 / 090_承_2005_10_13 まりも日米会議・ハンガートーク01 / 100_承_2005_10_14 居住区休日・孤児院2回目01 / 110_承_2005_10_18 市街地警護任務1・空振り01 / 120_承_2005_10_19 デモ隊との交渉01 / 130_転_BETA大規模再襲撃02 / 130_転_BETA大規模再襲撃03,mixed,408,unscoped,59,旧混合表；出现不等于译法正确；仅证实在本作出现；译法、单字子串及称谓语境仍需审定。
千堂少尉,千堂少尉,candidate,020_起_第６次シアトル防衛線01 / 040_承_2005_10_07 デブリーフィング・顔合わせ01 / 050_承_2005_10_08 軍葬・ハンガー・宿舎01 / 070_承_2005_10_11 物資受取・雫・エレン01 / 080_承_2005_10_12 孤児院1回目・まりも不在01 / 090_承_2005_10_13 まりも日米会議・ハンガートーク01 / 100_承_2005_10_14 居住区休日・孤児院2回目01 / 110_承_2005_10_18 市街地警護任務1・空振り01 / 120_承_2005_10_19 デモ隊との交渉01 / 130_転_BETA大規模再襲撃02 / 130_転_BETA大規模再襲撃03,mixed,413,unscoped,42,旧混合表；出现不等于译法正确；仅证实在本作出现；译法、单字子串及称谓语境仍需审定。
千堂柚香,千堂柚香,candidate,040_承_2005_10_07 デブリーフィング・顔合わせ01 / 050_承_2005_10_08 軍葬・ハンガー・宿舎01 / 080_承_2005_10_12 孤児院1回目・まりも不在01,mixed,414,unscoped,5,旧混合表；出现不等于译法正确；仅证实在本作出现；译法、单字子串及称谓语境仍需审定。
千堂柚香少尉,千堂柚香少尉,candidate,040_承_2005_10_07 デブリーフィング・顔合わせ01 / 050_承_2005_10_08 軍葬・ハンガー・宿舎01 / 080_承_2005_10_12 孤児院1回目・まりも不在01,mixed,416,unscoped,5,旧混合表；出现不等于译法正确；仅证实在本作出现；译法、单字子串及称谓语境仍需审定。
参加者,参加者,candidate,060_承_2005_10_10 まりも・警備任務プレ01 / 110_承_2005_10_18 市街地警護任務1・空振り01,mixed,418,unscoped,2,旧混合表；出现不等于译法正确；仅证实在本作出现；译法、单字子串及称谓语境仍需审定。
古手川先生,古手川老师,candidate,080_承_2005_10_12 孤児院1回目・まりも不在01 / 100_承_2005_10_14 居住区休日・孤児院2回目01,mixed,420,unscoped,3,旧混合表；出现不等于译法正确；仅证实在本作出现；译法、单字子串及称谓语境仍需审定。
司令部,司令部,candidate,040_承_2005_10_07 デブリーフィング・顔合わせ01 / 050_承_2005_10_08 軍葬・ハンガー・宿舎01 / 060_承_2005_10_10 まりも・警備任務プレ01 / 090_承_2005_10_13 まりも日米会議・ハンガートーク01 / 130_転_BETA大規模再襲撃01,mixed,421,unscoped,10,旧混合表；出现不等于译法正确；仅证实在本作出现；译法、单字子串及称谓语境仍需审定。
各小隊長,各小队长,candidate,020_起_第６次シアトル防衛線01 / 130_転_BETA大規模再襲撃02,mixed,423,unscoped,3,旧混合表；出现不等于译法正确；仅证实在本作出现；译法、单字子串及称谓语境仍需审定。
合衆国,合众国,candidate,060_承_2005_10_10 まりも・警備任務プレ01 / 070_承_2005_10_11 物資受取・雫・エレン01,mixed,425,unscoped,2,旧混合表；出现不等于译法正确；仅证实在本作出现；译法、单字子串及称谓语境仍需审定。
和美,和美,candidate,080_承_2005_10_12 孤児院1回目・まりも不在01 / 100_承_2005_10_14 居住区休日・孤児院2回目01,mixed,430,unscoped,3,旧混合表；出现不等于译法正确；仅证实在本作出现；译法、单字子串及称谓语境仍需审定。
国連,联合国,candidate,040_承_2005_10_07 デブリーフィング・顔合わせ01 / 050_承_2005_10_08 軍葬・ハンガー・宿舎01 / 060_承_2005_10_10 まりも・警備任務プレ01 / 130_転_BETA大規模再襲撃02,mixed,434,unscoped,12,旧混合表；出现不等于译法正确；仅证实在本作出现；译法、单字子串及称谓语境仍需审定。
国連軍,联合国军,candidate,040_承_2005_10_07 デブリーフィング・顔合わせ01 / 050_承_2005_10_08 軍葬・ハンガー・宿舎01,mixed,438,unscoped,3,旧混合表；出现不等于译法正确；仅证实在本作出现；译法、单字子串及称谓语境仍需审定。
地球,地球,candidate,040_承_2005_10_07 デブリーフィング・顔合わせ01 / 050_承_2005_10_08 軍葬・ハンガー・宿舎01 / 060_承_2005_10_10 まりも・警備任務プレ01,mixed,440,unscoped,13,旧混合表；出现不等于译法正确；仅证实在本作出现；译法、单字子串及称谓语境仍需审定。
基地,基地,candidate,040_承_2005_10_07 デブリーフィング・顔合わせ01 / 050_承_2005_10_08 軍葬・ハンガー・宿舎01 / 060_承_2005_10_10 まりも・警備任務プレ01 / 070_承_2005_10_11 物資受取・雫・エレン01 / 090_承_2005_10_13 まりも日米会議・ハンガートーク01 / 110_承_2005_10_18 市街地警護任務1・空振り01 / 120_承_2005_10_19 デモ隊との交渉01 / 130_転_BETA大規模再襲撃01 / 130_転_BETA大規模再襲撃02 / 130_転_BETA大規模再襲撃03,mixed,441,unscoped,34,旧混合表；出现不等于译法正确；仅证实在本作出现；译法、单字子串及称谓语境仍需审定。
声,声音,candidate,020_起_第６次シアトル防衛線01 / 040_承_2005_10_07 デブリーフィング・顔合わせ01 / 050_承_2005_10_08 軍葬・ハンガー・宿舎01 / 060_承_2005_10_10 まりも・警備任務プレ01 / 070_承_2005_10_11 物資受取・雫・エレン01 / 080_承_2005_10_12 孤児院1回目・まりも不在01 / 090_承_2005_10_13 まりも日米会議・ハンガートーク01 / 100_承_2005_10_14 居住区休日・孤児院2回目01 / 110_承_2005_10_18 市街地警護任務1・空振り01 / 130_転_BETA大規模再襲撃01 / 130_転_BETA大規模再襲撃02 / 130_転_BETA大規模再襲撃03,mixed,443,unscoped,32,旧混合表；出现不等于译法正确；仅证实在本作出现；译法、单字子串及称谓语境仍需审定。
大和,大和,candidate,130_転_BETA大規模再襲撃02,mixed,453,unscoped,1,旧混合表；出现不等于译法正确；仅证实在本作出现；译法、单字子串及称谓语境仍需审定。
大型種,大型种,candidate,020_起_第６次シアトル防衛線01 / 130_転_BETA大規模再襲撃02 / 130_転_BETA大規模再襲撃03,mixed,456,unscoped,10,旧混合表；出现不等于译法正确；仅证实在本作出现；译法、单字子串及称谓语境仍需审定。
大尉,上尉,candidate,110_承_2005_10_18 市街地警護任務1・空振り01,mixed,457,unscoped,5,旧混合表；出现不等于译法正确；仅证实在本作出现；译法、单字子串及称谓语境仍需审定。
大隊各機,大队各机,candidate,020_起_第６次シアトル防衛線01 / 130_転_BETA大規模再襲撃01 / 130_転_BETA大規模再襲撃02 / 130_転_BETA大規模再襲撃03,mixed,462,unscoped,8,旧混合表；出现不等于译法正确；仅证实在本作出现；译法、单字子串及称谓语境仍需审定。
大隊長,大队长,candidate,020_起_第６次シアトル防衛線01 / 040_承_2005_10_07 デブリーフィング・顔合わせ01 / 050_承_2005_10_08 軍葬・ハンガー・宿舎01 / 060_承_2005_10_10 まりも・警備任務プレ01 / 110_承_2005_10_18 市街地警護任務1・空振り01 / 120_承_2005_10_19 デモ隊との交渉01 / 130_転_BETA大規模再襲撃01 / 130_転_BETA大規模再襲撃03,mixed,463,unscoped,36,旧混合表；出现不等于译法正确；仅证实在本作出现；译法、单字子串及称谓语境仍需审定。
太平洋,太平洋,candidate,050_承_2005_10_08 軍葬・ハンガー・宿舎01,mixed,464,unscoped,4,旧混合表；出现不等于译法正确；仅证实在本作出现；译法、单字子串及称谓语境仍需审定。
女,女性,candidate,020_起_第６次シアトル防衛線01 / 040_承_2005_10_07 デブリーフィング・顔合わせ01 / 050_承_2005_10_08 軍葬・ハンガー・宿舎01 / 060_承_2005_10_10 まりも・警備任務プレ01 / 070_承_2005_10_11 物資受取・雫・エレン01 / 080_承_2005_10_12 孤児院1回目・まりも不在01 / 090_承_2005_10_13 まりも日米会議・ハンガートーク01 / 100_承_2005_10_14 居住区休日・孤児院2回目01 / 120_承_2005_10_19 デモ隊との交渉01 / 130_転_BETA大規模再襲撃01 / 130_転_BETA大規模再襲撃03,mixed,465,unscoped,61,旧混合表；出现不等于译法正确；仅证实在本作出现；译法、单字子串及称谓语境仍需审定。
女の子,女孩,candidate,040_承_2005_10_07 デブリーフィング・顔合わせ01 / 050_承_2005_10_08 軍葬・ハンガー・宿舎01 / 080_承_2005_10_12 孤児院1回目・まりも不在01 / 100_承_2005_10_14 居住区休日・孤児院2回目01,mixed,467,unscoped,6,旧混合表；出现不等于译法正确；仅证实在本作出现；译法、单字子串及称谓语境仍需审定。
子ども,孩子,candidate,040_承_2005_10_07 デブリーフィング・顔合わせ01 / 050_承_2005_10_08 軍葬・ハンガー・宿舎01 / 070_承_2005_10_11 物資受取・雫・エレン01 / 080_承_2005_10_12 孤児院1回目・まりも不在01 / 090_承_2005_10_13 まりも日米会議・ハンガートーク01 / 100_承_2005_10_14 居住区休日・孤児院2回目01 / 110_承_2005_10_18 市街地警護任務1・空振り01 / 130_転_BETA大規模再襲撃01,mixed,472,unscoped,39,旧混合表；出现不等于译法正确；仅证实在本作出现；译法、单字子串及称谓语境仍需审定。
子どもたち,孩子们,candidate,070_承_2005_10_11 物資受取・雫・エレン01 / 080_承_2005_10_12 孤児院1回目・まりも不在01 / 090_承_2005_10_13 まりも日米会議・ハンガートーク01 / 100_承_2005_10_14 居住区休日・孤児院2回目01 / 130_転_BETA大規模再襲撃01,mixed,473,unscoped,12,旧混合表；出现不等于译法正确；仅证实在本作出现；译法、单字子串及称谓语境仍需审定。
子供,孩子,candidate,050_承_2005_10_08 軍葬・ハンガー・宿舎01 / 060_承_2005_10_10 まりも・警備任務プレ01 / 070_承_2005_10_11 物資受取・雫・エレン01 / 080_承_2005_10_12 孤児院1回目・まりも不在01 / 090_承_2005_10_13 まりも日米会議・ハンガートーク01 / 100_承_2005_10_14 居住区休日・孤児院2回目01 / 120_承_2005_10_19 デモ隊との交渉01 / 130_転_BETA大規模再襲撃01,mixed,475,unscoped,56,旧混合表；出现不等于译法正确；仅证实在本作出现；译法、单字子串及称谓语境仍需审定。
寺本,寺本,candidate,010_序章_響の悪夢01 / 050_承_2005_10_08 軍葬・ハンガー・宿舎01 / 070_承_2005_10_11 物資受取・雫・エレン01,mixed,479,unscoped,5,旧混合表；出现不等于译法正确；仅证实在本作出现；译法、单字子串及称谓语境仍需审定。
小型種,小型种,candidate,020_起_第６次シアトル防衛線01,mixed,480,unscoped,1,旧混合表；出现不等于译法正确；仅证实在本作出现；译法、单字子串及称谓语境仍需审定。
小隊,小队,candidate,020_起_第６次シアトル防衛線01 / 040_承_2005_10_07 デブリーフィング・顔合わせ01 / 050_承_2005_10_08 軍葬・ハンガー・宿舎01 / 060_承_2005_10_10 まりも・警備任務プレ01 / 070_承_2005_10_11 物資受取・雫・エレン01 / 080_承_2005_10_12 孤児院1回目・まりも不在01 / 090_承_2005_10_13 まりも日米会議・ハンガートーク01 / 110_承_2005_10_18 市街地警護任務1・空振り01 / 120_承_2005_10_19 デモ隊との交渉01 / 130_転_BETA大規模再襲撃01 / 130_転_BETA大規模再襲撃02 / 130_転_BETA大規模再襲撃03,mixed,486,unscoped,100,旧混合表；出现不等于译法正确；仅证实在本作出现；译法、单字子串及称谓语境仍需审定。
少尉,少尉,candidate,010_序章_響の悪夢01 / 020_起_第６次シアトル防衛線01 / 040_承_2005_10_07 デブリーフィング・顔合わせ01 / 050_承_2005_10_08 軍葬・ハンガー・宿舎01 / 060_承_2005_10_10 まりも・警備任務プレ01 / 070_承_2005_10_11 物資受取・雫・エレン01 / 080_承_2005_10_12 孤児院1回目・まりも不在01 / 090_承_2005_10_13 まりも日米会議・ハンガートーク01 / 100_承_2005_10_14 居住区休日・孤児院2回目01 / 110_承_2005_10_18 市街地警護任務1・空振り01 / 120_承_2005_10_19 デモ隊との交渉01 / 130_転_BETA大規模再襲撃01 / 130_転_BETA大規模再襲撃02 / 130_転_BETA大規模再襲撃03,mixed,491,unscoped,184,旧混合表；出现不等于译法正确；仅证实在本作出现；译法、单字子串及称谓语境仍需审定。
市民,市民,candidate,060_承_2005_10_10 まりも・警備任務プレ01 / 070_承_2005_10_11 物資受取・雫・エレン01 / 090_承_2005_10_13 まりも日米会議・ハンガートーク01 / 110_承_2005_10_18 市街地警護任務1・空振り01 / 120_承_2005_10_19 デモ隊との交渉01,mixed,509,unscoped,27,旧混合表；出现不等于译法正确；仅证实在本作出现；译法、单字子串及称谓语境仍需审定。
帝国欧州派遣軍,帝国欧洲远征军,candidate,090_承_2005_10_13 まりも日米会議・ハンガートーク01,mixed,512,unscoped,1,旧混合表；出现不等于译法正确；仅证实在本作出现；译法、单字子串及称谓语境仍需审定。
帝国軍,帝国军,candidate,040_承_2005_10_07 デブリーフィング・顔合わせ01 / 050_承_2005_10_08 軍葬・ハンガー・宿舎01 / 060_承_2005_10_10 まりも・警備任務プレ01 / 070_承_2005_10_11 物資受取・雫・エレン01 / 080_承_2005_10_12 孤児院1回目・まりも不在01 / 090_承_2005_10_13 まりも日米会議・ハンガートーク01 / 100_承_2005_10_14 居住区休日・孤児院2回目01 / 110_承_2005_10_18 市街地警護任務1・空振り01 / 130_転_BETA大規模再襲撃01 / 130_転_BETA大規模再襲撃02 / 130_転_BETA大規模再襲撃03,mixed,517,unscoped,39,旧混合表；出现不等于译法正确；仅证实在本作出现；译法、单字子串及称谓语境仍需审定。
帝国軍兵士,帝国军士兵,candidate,070_承_2005_10_11 物資受取・雫・エレン01,mixed,518,unscoped,1,旧混合表；出现不等于译法正确；仅证实在本作出现；译法、单字子串及称谓语境仍需审定。
帝国連合艦隊,帝国联合舰队,candidate,130_転_BETA大規模再襲撃02,mixed,523,unscoped,6,旧混合表；出现不等于译法正确；仅证实在本作出现；译法、单字子串及称谓语境仍需审定。
強襲揚陸艦ボクサー,强袭登陆舰拳师号,candidate,070_承_2005_10_11 物資受取・雫・エレン01 / 090_承_2005_10_13 まりも日米会議・ハンガートーク01,mixed,529,unscoped,3,旧混合表；出现不等于译法正确；仅证实在本作出现；译法、单字子串及称谓语境仍需审定。
悠陽,悠阳,candidate,060_承_2005_10_10 まりも・警備任務プレ01 / 140_結_エピローグ01,mixed,537,unscoped,4,旧混合表；出现不等于译法正确；仅证实在本作出现；译法、单字子串及称谓语境仍需审定。
悠陽殿下,悠阳殿下,candidate,060_承_2005_10_10 まりも・警備任務プレ01,mixed,538,unscoped,3,旧混合表；出现不等于译法正确；仅证实在本作出现；译法、单字子串及称谓语境仍需审定。
戦術機,战术机,candidate,020_起_第６次シアトル防衛線01 / 040_承_2005_10_07 デブリーフィング・顔合わせ01 / 050_承_2005_10_08 軍葬・ハンガー・宿舎01 / 060_承_2005_10_10 まりも・警備任務プレ01 / 070_承_2005_10_11 物資受取・雫・エレン01 / 080_承_2005_10_12 孤児院1回目・まりも不在01 / 090_承_2005_10_13 まりも日米会議・ハンガートーク01 / 110_承_2005_10_18 市街地警護任務1・空振り01 / 120_承_2005_10_19 デモ隊との交渉01 / 130_転_BETA大規模再襲撃01 / 130_転_BETA大規模再襲撃02 / 130_転_BETA大規模再襲撃03,mixed,543,unscoped,121,旧混合表；出现不等于译法正确；仅证实在本作出现；译法、单字子串及称谓语境仍需审定。
戦術機小隊,战术机小队,candidate,040_承_2005_10_07 デブリーフィング・顔合わせ01 / 130_転_BETA大規模再襲撃01,mixed,545,unscoped,2,旧混合表；出现不等于译法正确；仅证实在本作出现；译法、单字子串及称谓语境仍需审定。
戦術機母艦,战术机母舰,candidate,040_承_2005_10_07 デブリーフィング・顔合わせ01 / 130_転_BETA大規模再襲撃01,mixed,546,unscoped,4,旧混合表；出现不等于译法正确；仅证实在本作出现；译法、单字子串及称谓语境仍需审定。
戦術機部隊,战术机部队,candidate,040_承_2005_10_07 デブリーフィング・顔合わせ01 / 050_承_2005_10_08 軍葬・ハンガー・宿舎01 / 090_承_2005_10_13 まりも日米会議・ハンガートーク01 / 110_承_2005_10_18 市街地警護任務1・空振り01 / 120_承_2005_10_19 デモ隊との交渉01 / 130_転_BETA大規模再襲撃01 / 130_転_BETA大規模再襲撃02 / 130_転_BETA大規模再襲撃03,mixed,547,unscoped,22,旧混合表；出现不等于译法正确；仅证实在本作出现；译法、单字子串及称谓语境仍需审定。
戦術機隊,战术机队,candidate,020_起_第６次シアトル防衛線01,mixed,548,unscoped,1,旧混合表；出现不等于译法正确；仅证实在本作出现；译法、单字子串及称谓语境仍需审定。
戦車級,战车级,candidate,020_起_第６次シアトル防衛線01,mixed,552,unscoped,1,旧混合表；出现不等于译法正确；仅证实在本作出现；译法、单字子串及称谓语境仍需审定。
担当官,值班军官,candidate,060_承_2005_10_10 まりも・警備任務プレ01,mixed,554,unscoped,1,旧混合表；出现不等于译法正确；仅证实在本作出现；译法、单字子串及称谓语境仍需审定。
整備兵,整备兵,candidate,040_承_2005_10_07 デブリーフィング・顔合わせ01 / 050_承_2005_10_08 軍葬・ハンガー・宿舎01,mixed,564,unscoped,3,旧混合表；出现不等于译法正确；仅证实在本作出现；译法、单字子串及称谓语境仍需审定。
斯衛,斯卫,candidate,040_承_2005_10_07 デブリーフィング・顔合わせ01 / 070_承_2005_10_11 物資受取・雫・エレン01 / 110_承_2005_10_18 市街地警護任務1・空振り01,mixed,573,unscoped,3,旧混合表；出现不等于译法正确；仅证实在本作出现；译法、单字子串及称谓语境仍需审定。
斯衛衛士,斯卫卫士,candidate,070_承_2005_10_11 物資受取・雫・エレン01,mixed,574,unscoped,1,旧混合表；出现不等于译法正确；仅证实在本作出现；译法、单字子串及称谓语境仍需审定。
日本帝国,日本帝国,candidate,040_承_2005_10_07 デブリーフィング・顔合わせ01 / 050_承_2005_10_08 軍葬・ハンガー・宿舎01 / 060_承_2005_10_10 まりも・警備任務プレ01 / 070_承_2005_10_11 物資受取・雫・エレン01 / 090_承_2005_10_13 まりも日米会議・ハンガートーク01 / 110_承_2005_10_18 市街地警護任務1・空振り01 / 120_承_2005_10_19 デモ隊との交渉01 / 130_転_BETA大規模再襲撃03 / 140_結_エピローグ01,mixed,579,unscoped,16,旧混合表；出现不等于译法正确；仅证实在本作出现；译法、单字子串及称谓语境仍需审定。
日本帝国欧州派遣軍,日本帝国欧洲派遣军,candidate,090_承_2005_10_13 まりも日米会議・ハンガートーク01,mixed,580,unscoped,1,旧混合表；出现不等于译法正确；仅证实在本作出现；译法、单字子串及称谓语境仍需审定。
本国,本国,candidate,090_承_2005_10_13 まりも日米会議・ハンガートーク01,mixed,593,unscoped,1,旧混合表；出现不等于译法正确；仅证实在本作出现；译法、单字子串及称谓语境仍需审定。
松風,松风,candidate,040_承_2005_10_07 デブリーフィング・顔合わせ01 / 050_承_2005_10_08 軍葬・ハンガー・宿舎01 / 060_承_2005_10_10 まりも・警備任務プレ01 / 080_承_2005_10_12 孤児院1回目・まりも不在01 / 100_承_2005_10_14 居住区休日・孤児院2回目01 / 120_承_2005_10_19 デモ隊との交渉01 / 130_転_BETA大規模再襲撃02 / 130_転_BETA大規模再襲撃03,mixed,596,unscoped,33,旧混合表；出现不等于译法正确；仅证实在本作出现；译法、单字子串及称谓语境仍需审定。
松風諒一,松风谅一,candidate,050_承_2005_10_08 軍葬・ハンガー・宿舎01,mixed,599,unscoped,1,旧混合表；出现不等于译法正确；仅证实在本作出现；译法、单字子串及称谓语境仍需审定。
松風諒一中尉,松风谅一中尉,candidate,050_承_2005_10_08 軍葬・ハンガー・宿舎01,mixed,601,unscoped,1,旧混合表；出现不等于译法正确；仅证实在本作出现；译法、单字子串及称谓语境仍需审定。
柚香,柚香,candidate,020_起_第６次シアトル防衛線01 / 040_承_2005_10_07 デブリーフィング・顔合わせ01 / 050_承_2005_10_08 軍葬・ハンガー・宿舎01 / 060_承_2005_10_10 まりも・警備任務プレ01 / 070_承_2005_10_11 物資受取・雫・エレン01 / 080_承_2005_10_12 孤児院1回目・まりも不在01 / 090_承_2005_10_13 まりも日米会議・ハンガートーク01 / 100_承_2005_10_14 居住区休日・孤児院2回目01 / 110_承_2005_10_18 市街地警護任務1・空振り01 / 130_転_BETA大規模再襲撃01 / 130_転_BETA大規模再襲撃03,mixed,608,unscoped,84,旧混合表；出现不等于译法正确；仅证实在本作出现；译法、单字子串及称谓语境仍需审定。
楠本,楠本,candidate,040_承_2005_10_07 デブリーフィング・顔合わせ01 / 050_承_2005_10_08 軍葬・ハンガー・宿舎01 / 060_承_2005_10_10 まりも・警備任務プレ01 / 070_承_2005_10_11 物資受取・雫・エレン01 / 080_承_2005_10_12 孤児院1回目・まりも不在01 / 090_承_2005_10_13 まりも日米会議・ハンガートーク01 / 100_承_2005_10_14 居住区休日・孤児院2回目01 / 110_承_2005_10_18 市街地警護任務1・空振り01 / 120_承_2005_10_19 デモ隊との交渉01 / 130_転_BETA大規模再襲撃01 / 130_転_BETA大規模再襲撃03,mixed,614,unscoped,27,旧混合表；出现不等于译法正确；仅证实在本作出现；译法、单字子串及称谓语境仍需审定。
楠本さやか,楠本沙也加,candidate,040_承_2005_10_07 デブリーフィング・顔合わせ01,mixed,617,unscoped,1,旧混合表；出现不等于译法正确；仅证实在本作出现；译法、单字子串及称谓语境仍需审定。
機分隊,机分队,candidate,040_承_2005_10_07 デブリーフィング・顔合わせ01,mixed,623,unscoped,2,旧混合表；出现不等于译法正确；仅证实在本作出现；译法、单字子串及称谓语境仍需审定。
浅葱,浅葱,candidate,010_序章_響の悪夢01 / 050_承_2005_10_08 軍葬・ハンガー・宿舎01 / 070_承_2005_10_11 物資受取・雫・エレン01,mixed,639,unscoped,8,旧混合表；出现不等于译法正确；仅证实在本作出现；译法、单字子串及称谓语境仍需审定。
海兵隊,海军陆战队,candidate,130_転_BETA大規模再襲撃01,mixed,643,unscoped,1,旧混合表；出现不等于译法正确；仅证实在本作出现；译法、单字子串及称谓语境仍需审定。
海軍,海军,candidate,020_起_第６次シアトル防衛線01 / 040_承_2005_10_07 デブリーフィング・顔合わせ01 / 050_承_2005_10_08 軍葬・ハンガー・宿舎01 / 060_承_2005_10_10 まりも・警備任務プレ01 / 070_承_2005_10_11 物資受取・雫・エレン01 / 090_承_2005_10_13 まりも日米会議・ハンガートーク01 / 130_転_BETA大規模再襲撃01 / 130_転_BETA大規模再襲撃02,mixed,650,unscoped,42,旧混合表；出现不等于译法正确；仅证实在本作出现；译法、单字子串及称谓语境仍需审定。
海軍戦術機部隊,海军战术机部队,candidate,130_転_BETA大規模再襲撃01,mixed,652,unscoped,1,旧混合表；出现不等于译法正确；仅证实在本作出现；译法、单字子串及称谓语境仍需审定。
煌武院 悠陽,煌武院悠阳,candidate,140_結_エピローグ01,mixed,660,unscoped,1,旧混合表；出现不等于译法正确；仅证实在本作出现；译法、单字子串及称谓语境仍需审定。
煌武院悠陽,煌武院悠阳,candidate,060_承_2005_10_10 まりも・警備任務プレ01,mixed,662,unscoped,3,旧混合表；出现不等于译法正确；仅证实在本作出现；译法、单字子串及称谓语境仍需审定。
生産プラント,生产设施,candidate,060_承_2005_10_10 まりも・警備任務プレ01 / 080_承_2005_10_12 孤児院1回目・まりも不在01,mixed,671,unscoped,2,旧混合表；出现不等于译法正确；仅证实在本作出现；译法、单字子串及称谓语境仍需审定。
男,男性,candidate,040_承_2005_10_07 デブリーフィング・顔合わせ01 / 050_承_2005_10_08 軍葬・ハンガー・宿舎01 / 060_承_2005_10_10 まりも・警備任務プレ01 / 070_承_2005_10_11 物資受取・雫・エレン01 / 080_承_2005_10_12 孤児院1回目・まりも不在01 / 090_承_2005_10_13 まりも日米会議・ハンガートーク01 / 100_承_2005_10_14 居住区休日・孤児院2回目01 / 110_承_2005_10_18 市街地警護任務1・空振り01 / 130_転_BETA大規模再襲撃01,mixed,675,unscoped,25,旧混合表；出现不等于译法正确；仅证实在本作出现；译法、单字子串及称谓语境仍需审定。
神宮司,神宫司,candidate,020_起_第６次シアトル防衛線01 / 040_承_2005_10_07 デブリーフィング・顔合わせ01 / 050_承_2005_10_08 軍葬・ハンガー・宿舎01 / 060_承_2005_10_10 まりも・警備任務プレ01 / 070_承_2005_10_11 物資受取・雫・エレン01 / 080_承_2005_10_12 孤児院1回目・まりも不在01 / 090_承_2005_10_13 まりも日米会議・ハンガートーク01 / 100_承_2005_10_14 居住区休日・孤児院2回目01 / 110_承_2005_10_18 市街地警護任務1・空振り01 / 120_承_2005_10_19 デモ隊との交渉01 / 130_転_BETA大規模再襲撃01 / 130_転_BETA大規模再襲撃02 / 130_転_BETA大規模再襲撃03,mixed,706,unscoped,146,旧混合表；出现不等于译法正确；仅证实在本作出现；译法、单字子串及称谓语境仍需审定。
神宮司まりも,神宫司麻理茉,candidate,040_承_2005_10_07 デブリーフィング・顔合わせ01 / 110_承_2005_10_18 市街地警護任務1・空振り01 / 130_転_BETA大規模再襲撃01,mixed,708,unscoped,8,旧混合表；出现不等于译法正确；仅证实在本作出现；译法、单字子串及称谓语境仍需审定。
神宮司まりも少佐,神宫司麻理茉少佐,candidate,040_承_2005_10_07 デブリーフィング・顔合わせ01 / 110_承_2005_10_18 市街地警護任務1・空振り01 / 130_転_BETA大規模再襲撃01,mixed,710,unscoped,7,旧混合表；出现不等于译法正确；仅证实在本作出现；译法、单字子串及称谓语境仍需审定。
神宮司少佐,神宫司少佐,candidate,020_起_第６次シアトル防衛線01 / 040_承_2005_10_07 デブリーフィング・顔合わせ01 / 050_承_2005_10_08 軍葬・ハンガー・宿舎01 / 060_承_2005_10_10 まりも・警備任務プレ01 / 070_承_2005_10_11 物資受取・雫・エレン01 / 080_承_2005_10_12 孤児院1回目・まりも不在01 / 090_承_2005_10_13 まりも日米会議・ハンガートーク01 / 100_承_2005_10_14 居住区休日・孤児院2回目01 / 110_承_2005_10_18 市街地警護任務1・空振り01 / 120_承_2005_10_19 デモ隊との交渉01 / 130_転_BETA大規模再襲撃01 / 130_転_BETA大規模再襲撃02 / 130_転_BETA大規模再襲撃03,mixed,711,unscoped,132,旧混合表；出现不等于译法正确；仅证实在本作出现；译法、单字子串及称谓语境仍需审定。
突撃砲,突击炮,candidate,020_起_第６次シアトル防衛線01 / 040_承_2005_10_07 デブリーフィング・顔合わせ01,mixed,715,unscoped,3,旧混合表；出现不等于译法正确；仅证实在本作出现；译法、单字子串及称谓语境仍需审定。
突撃級,突击级,candidate,020_起_第６次シアトル防衛線01,mixed,716,unscoped,2,旧混合表；出现不等于译法正确；仅证实在本作出现；译法、单字子串及称谓语境仍需审定。
米兵,美军士兵,candidate,060_承_2005_10_10 まりも・警備任務プレ01 / 070_承_2005_10_11 物資受取・雫・エレン01,mixed,738,unscoped,4,旧混合表；出现不等于译法正确；仅证实在本作出现；译法、单字子串及称谓语境仍需审定。
米国,美国,candidate,020_起_第６次シアトル防衛線01 / 040_承_2005_10_07 デブリーフィング・顔合わせ01 / 050_承_2005_10_08 軍葬・ハンガー・宿舎01 / 060_承_2005_10_10 まりも・警備任務プレ01 / 070_承_2005_10_11 物資受取・雫・エレン01 / 080_承_2005_10_12 孤児院1回目・まりも不在01 / 090_承_2005_10_13 まりも日米会議・ハンガートーク01 / 100_承_2005_10_14 居住区休日・孤児院2回目01 / 110_承_2005_10_18 市街地警護任務1・空振り01 / 120_承_2005_10_19 デモ隊との交渉01 / 130_転_BETA大規模再襲撃01 / 130_転_BETA大規模再襲撃02 / 130_転_BETA大規模再襲撃03,mixed,739,unscoped,177,旧混合表；出现不等于译法正确；仅证实在本作出现；译法、单字子串及称谓语境仍需审定。
米国人,美国人,candidate,060_承_2005_10_10 まりも・警備任務プレ01 / 070_承_2005_10_11 物資受取・雫・エレン01 / 090_承_2005_10_13 まりも日米会議・ハンガートーク01 / 130_転_BETA大規模再襲撃03,mixed,740,unscoped,14,旧混合表；出现不等于译法正确；仅证实在本作出现；译法、单字子串及称谓语境仍需审定。
米国海軍戦術機母艦,美国海军战术机母舰,candidate,130_転_BETA大規模再襲撃01,mixed,748,unscoped,1,旧混合表；出现不等于译法正确；仅证实在本作出现；译法、单字子串及称谓语境仍需审定。
米国籍,美国国籍,candidate,110_承_2005_10_18 市街地警護任務1・空振り01,mixed,750,unscoped,1,旧混合表；出现不等于译法正确；仅证实在本作出现；译法、单字子串及称谓语境仍需审定。
米国軍人,美国军人,candidate,070_承_2005_10_11 物資受取・雫・エレン01,mixed,756,unscoped,1,旧混合表；出现不等于译法正确；仅证实在本作出现；译法、单字子串及称谓语境仍需审定。
米国陸軍第１軍団第６６戦術機甲大隊,美国陆军第1军团第66战术机甲大队,candidate,070_承_2005_10_11 物資受取・雫・エレン01,mixed,757,unscoped,1,旧混合表；出现不等于译法正确；仅证实在本作出现；译法、单字子串及称谓语境仍需审定。
米国陸軍第６６戦術機甲大隊,美国陆军第66战术机甲大队,candidate,090_承_2005_10_13 まりも日米会議・ハンガートーク01 / 110_承_2005_10_18 市街地警護任務1・空振り01,mixed,758,unscoped,3,旧混合表；出现不等于译法正确；仅证实在本作出现；译法、单字子串及称谓语境仍需审定。
米軍,美军,candidate,020_起_第６次シアトル防衛線01 / 040_承_2005_10_07 デブリーフィング・顔合わせ01 / 050_承_2005_10_08 軍葬・ハンガー・宿舎01 / 060_承_2005_10_10 まりも・警備任務プレ01 / 070_承_2005_10_11 物資受取・雫・エレン01 / 090_承_2005_10_13 まりも日米会議・ハンガートーク01 / 110_承_2005_10_18 市街地警護任務1・空振り01 / 120_承_2005_10_19 デモ隊との交渉01 / 130_転_BETA大規模再襲撃01 / 130_転_BETA大規模再襲撃02 / 130_転_BETA大規模再襲撃03,mixed,759,unscoped,99,旧混合表；出现不等于译法正确；仅证实在本作出现；译法、单字子串及称谓语境仍需审定。
米軍衛士,美军卫士,candidate,130_転_BETA大規模再襲撃02,mixed,762,unscoped,1,旧混合表；出现不等于译法正确；仅证实在本作出现；译法、单字子串及称谓语境仍需审定。
美桜乃少尉,美樱乃少尉,candidate,020_起_第６次シアトル防衛線01 / 040_承_2005_10_07 デブリーフィング・顔合わせ01 / 060_承_2005_10_10 まりも・警備任務プレ01 / 080_承_2005_10_12 孤児院1回目・まりも不在01 / 100_承_2005_10_14 居住区休日・孤児院2回目01 / 110_承_2005_10_18 市街地警護任務1・空振り01 / 120_承_2005_10_19 デモ隊との交渉01 / 130_転_BETA大規模再襲撃03,mixed,768,unscoped,40,旧混合表；出现不等于译法正确；仅证实在本作出现；译法、单字子串及称谓语境仍需审定。
美桜乃雫,美樱乃雫,candidate,020_起_第６次シアトル防衛線01 / 040_承_2005_10_07 デブリーフィング・顔合わせ01 / 050_承_2005_10_08 軍葬・ハンガー・宿舎01 / 070_承_2005_10_11 物資受取・雫・エレン01 / 130_転_BETA大規模再襲撃03,mixed,769,unscoped,12,旧混合表；出现不等于译法正确；仅证实在本作出现；译法、单字子串及称谓语境仍需审定。
美桜乃雫少尉,美樱乃雫少尉,candidate,020_起_第６次シアトル防衛線01 / 040_承_2005_10_07 デブリーフィング・顔合わせ01 / 050_承_2005_10_08 軍葬・ハンガー・宿舎01 / 070_承_2005_10_11 物資受取・雫・エレン01 / 130_転_BETA大規模再襲撃03,mixed,771,unscoped,10,旧混合表；出现不等于译法正确；仅证实在本作出现；译法、单字子串及称谓语境仍需审定。
老人,老人,candidate,060_承_2005_10_10 まりも・警備任務プレ01 / 080_承_2005_10_12 孤児院1回目・まりも不在01 / 130_転_BETA大規模再襲撃01,mixed,774,unscoped,5,旧混合表；出现不等于译法正确；仅证实在本作出现；译法、单字子串及称谓语境仍需审定。
職員,工作人员,candidate,080_承_2005_10_12 孤児院1回目・まりも不在01,mixed,775,unscoped,3,旧混合表；出现不等于译法正确；仅证实在本作出现；译法、单字子串及称谓语境仍需审定。
艦隊,舰队,candidate,090_承_2005_10_13 まりも日米会議・ハンガートーク01 / 130_転_BETA大規模再襲撃01 / 130_転_BETA大規模再襲撃02,mixed,780,unscoped,13,旧混合表；出现不等于译法正确；仅证实在本作出现；译法、单字子串及称谓语境仍需审定。
衛士,卫士,candidate,020_起_第６次シアトル防衛線01 / 040_承_2005_10_07 デブリーフィング・顔合わせ01 / 050_承_2005_10_08 軍葬・ハンガー・宿舎01 / 060_承_2005_10_10 まりも・警備任務プレ01 / 070_承_2005_10_11 物資受取・雫・エレン01 / 080_承_2005_10_12 孤児院1回目・まりも不在01 / 090_承_2005_10_13 まりも日米会議・ハンガートーク01 / 100_承_2005_10_14 居住区休日・孤児院2回目01 / 110_承_2005_10_18 市街地警護任務1・空振り01 / 120_承_2005_10_19 デモ隊との交渉01 / 130_転_BETA大規模再襲撃01 / 130_転_BETA大規模再襲撃02,mixed,786,unscoped,109,旧混合表；出现不等于译法正确；仅证实在本作出现；译法、单字子串及称谓语境仍需审定。
衛星,卫星,candidate,130_転_BETA大規模再襲撃01 / 130_転_BETA大規模再襲撃02,mixed,789,unscoped,5,旧混合表；出现不等于译法正确；仅证实在本作出现；译法、单字子串及称谓语境仍需审定。
要塞級,要塞级,candidate,130_転_BETA大規模再襲撃02,mixed,791,unscoped,3,旧混合表；出现不等于译法正确；仅证实在本作出现；译法、单字子串及称谓语境仍需审定。
要撃級,要击级,candidate,020_起_第６次シアトル防衛線01 / 130_転_BETA大規模再襲撃02,mixed,792,unscoped,6,旧混合表；出现不等于译法正确；仅证实在本作出现；译法、单字子串及称谓语境仍需审定。
誘導弾,诱导弹,candidate,010_序章_響の悪夢01 / 040_承_2005_10_07 デブリーフィング・顔合わせ01,mixed,795,unscoped,2,旧混合表；出现不等于译法正确；仅证实在本作出现；译法、单字子串及称谓语境仍需审定。
贖罪,赎罪,candidate,070_承_2005_10_11 物資受取・雫・エレン01,mixed,798,unscoped,1,旧混合表；出现不等于译法正确；仅证实在本作出现；译法、单字子串及称谓语境仍需审定。
軌道降下兵,轨道潜水员,excluded,040_承_2005_10_07 デブリーフィング・顔合わせ01 / 060_承_2005_10_10 まりも・警備任務プレ01,mixed,803,unscoped,12,旧混合表；出现不等于译法正确；仅证实在本作出现；译法、单字子串及称谓语境仍需审定。
軌道降下兵団,轨道降下兵团,candidate,040_承_2005_10_07 デブリーフィング・顔合わせ01 / 060_承_2005_10_10 まりも・警備任務プレ01,mixed,805,unscoped,4,旧混合表；出现不等于译法正确；仅证实在本作出现；译法、单字子串及称谓语境仍需审定。
軍人,军人,candidate,020_起_第６次シアトル防衛線01 / 040_承_2005_10_07 デブリーフィング・顔合わせ01 / 050_承_2005_10_08 軍葬・ハンガー・宿舎01 / 060_承_2005_10_10 まりも・警備任務プレ01 / 070_承_2005_10_11 物資受取・雫・エレン01 / 080_承_2005_10_12 孤児院1回目・まりも不在01 / 090_承_2005_10_13 まりも日米会議・ハンガートーク01 / 100_承_2005_10_14 居住区休日・孤児院2回目01 / 110_承_2005_10_18 市街地警護任務1・空振り01 / 120_承_2005_10_19 デモ隊との交渉01 / 130_転_BETA大規模再襲撃01,mixed,806,unscoped,51,旧混合表；出现不等于译法正确；仅证实在本作出现；译法、单字子串及称谓语境仍需审定。
軍医,军医,candidate,120_承_2005_10_19 デモ隊との交渉01,mixed,807,unscoped,2,旧混合表；出现不等于译法正确；仅证实在本作出现；译法、单字子串及称谓语境仍需审定。
軍警,军警,candidate,050_承_2005_10_08 軍葬・ハンガー・宿舎01 / 060_承_2005_10_10 まりも・警備任務プレ01 / 110_承_2005_10_18 市街地警護任務1・空振り01 / 120_承_2005_10_19 デモ隊との交渉01,mixed,809,unscoped,30,旧混合表；出现不等于译法正确；仅证实在本作出现；译法、单字子串及称谓语境仍需审定。
軍警隊長,军警队长,candidate,110_承_2005_10_18 市街地警護任務1・空振り01,mixed,811,unscoped,1,旧混合表；出现不等于译法正确；仅证实在本作出现；译法、单字子串及称谓语境仍需审定。
軍隊,军队,candidate,040_承_2005_10_07 デブリーフィング・顔合わせ01 / 060_承_2005_10_10 まりも・警備任務プレ01 / 080_承_2005_10_12 孤児院1回目・まりも不在01 / 090_承_2005_10_13 まりも日米会議・ハンガートーク01 / 120_承_2005_10_19 デモ隊との交渉01 / 130_転_BETA大規模再襲撃01,mixed,812,unscoped,9,旧混合表；出现不等于译法正确；仅证实在本作出现；译法、单字子串及称谓语境仍需审定。
部隊,部队,candidate,020_起_第６次シアトル防衛線01 / 040_承_2005_10_07 デブリーフィング・顔合わせ01 / 050_承_2005_10_08 軍葬・ハンガー・宿舎01 / 060_承_2005_10_10 まりも・警備任務プレ01 / 070_承_2005_10_11 物資受取・雫・エレン01 / 080_承_2005_10_12 孤児院1回目・まりも不在01 / 090_承_2005_10_13 まりも日米会議・ハンガートーク01 / 110_承_2005_10_18 市街地警護任務1・空振り01 / 120_承_2005_10_19 デモ隊との交渉01 / 130_転_BETA大規模再襲撃01 / 130_転_BETA大規模再襲撃02 / 130_転_BETA大規模再襲撃03,mixed,818,unscoped,113,旧混合表；出现不等于译法正确；仅证实在本作出现；译法、单字子串及称谓语境仍需审定。
部隊葬,部队葬,candidate,040_承_2005_10_07 デブリーフィング・顔合わせ01 / 050_承_2005_10_08 軍葬・ハンガー・宿舎01,mixed,819,unscoped,2,旧混合表；出现不等于译法正确；仅证实在本作出现；译法、单字子串及称谓语境仍需审定。
長刀,长刀,candidate,040_承_2005_10_07 デブリーフィング・顔合わせ01,mixed,833,unscoped,2,旧混合表；出现不等于译法正确；仅证实在本作出现；译法、单字子串及称谓语境仍需审定。
陸地,陆地,candidate,020_起_第６次シアトル防衛線01 / 050_承_2005_10_08 軍葬・ハンガー・宿舎01 / 060_承_2005_10_10 まりも・警備任務プレ01,mixed,837,unscoped,5,旧混合表；出现不等于译法正确；仅证实在本作出现；译法、单字子串及称谓语境仍需审定。
陽炎,阳炎,candidate,040_承_2005_10_07 デブリーフィング・顔合わせ01,mixed,838,unscoped,5,旧混合表；出现不等于译法正确；仅证实在本作出现；译法、单字子串及称谓语境仍需审定。
隊員,部队成员,candidate,130_転_BETA大規模再襲撃02,mixed,839,unscoped,1,旧混合表；出现不等于译法正确；仅证实在本作出现；译法、单字子串及称谓语境仍需审定。
隊長,队长,candidate,010_序章_響の悪夢01 / 020_起_第６次シアトル防衛線01 / 040_承_2005_10_07 デブリーフィング・顔合わせ01 / 050_承_2005_10_08 軍葬・ハンガー・宿舎01 / 060_承_2005_10_10 まりも・警備任務プレ01 / 070_承_2005_10_11 物資受取・雫・エレン01 / 080_承_2005_10_12 孤児院1回目・まりも不在01 / 090_承_2005_10_13 まりも日米会議・ハンガートーク01 / 110_承_2005_10_18 市街地警護任務1・空振り01 / 120_承_2005_10_19 デモ隊との交渉01 / 130_転_BETA大規模再襲撃01 / 130_転_BETA大規模再襲撃02 / 130_転_BETA大規模再襲撃03,mixed,840,unscoped,84,旧混合表；出现不等于译法正确；仅证实在本作出现；译法、单字子串及称谓语境仍需审定。
雫,雫,candidate,020_起_第６次シアトル防衛線01 / 040_承_2005_10_07 デブリーフィング・顔合わせ01 / 050_承_2005_10_08 軍葬・ハンガー・宿舎01 / 070_承_2005_10_11 物資受取・雫・エレン01 / 080_承_2005_10_12 孤児院1回目・まりも不在01 / 100_承_2005_10_14 居住区休日・孤児院2回目01 / 110_承_2005_10_18 市街地警護任務1・空振り01 / 120_承_2005_10_19 デモ隊との交渉01 / 130_転_BETA大規模再襲撃03,mixed,842,unscoped,51,旧混合表；出现不等于译法正确；仅证实在本作出现；译法、单字子串及称谓语境仍需审定。
響,响,candidate,020_起_第６次シアトル防衛線01 / 040_承_2005_10_07 デブリーフィング・顔合わせ01 / 050_承_2005_10_08 軍葬・ハンガー・宿舎01 / 060_承_2005_10_10 まりも・警備任務プレ01 / 070_承_2005_10_11 物資受取・雫・エレン01 / 080_承_2005_10_12 孤児院1回目・まりも不在01 / 090_承_2005_10_13 まりも日米会議・ハンガートーク01 / 100_承_2005_10_14 居住区休日・孤児院2回目01 / 110_承_2005_10_18 市街地警護任務1・空振り01 / 120_承_2005_10_19 デモ隊との交渉01 / 130_転_BETA大規模再襲撃01 / 130_転_BETA大規模再襲撃02 / 130_転_BETA大規模再襲撃03,mixed,844,unscoped,38,旧混合表；出现不等于译法正确；仅证实在本作出现；译法、单字子串及称谓语境仍需审定。
騎兵隊,骑兵队,candidate,020_起_第６次シアトル防衛線01,mixed,858,unscoped,1,旧混合表；出现不等于译法正确；仅证实在本作出现；译法、单字子串及称谓语境仍需审定。
龍浪,龙浪,candidate,020_起_第６次シアトル防衛線01 / 040_承_2005_10_07 デブリーフィング・顔合わせ01 / 050_承_2005_10_08 軍葬・ハンガー・宿舎01 / 060_承_2005_10_10 まりも・警備任務プレ01 / 070_承_2005_10_11 物資受取・雫・エレン01 / 080_承_2005_10_12 孤児院1回目・まりも不在01 / 090_承_2005_10_13 まりも日米会議・ハンガートーク01 / 100_承_2005_10_14 居住区休日・孤児院2回目01 / 110_承_2005_10_18 市街地警護任務1・空振り01 / 120_承_2005_10_19 デモ隊との交渉01 / 130_転_BETA大規模再襲撃01 / 130_転_BETA大規模再襲撃02 / 130_転_BETA大規模再襲撃03,mixed,860,unscoped,182,旧混合表；出现不等于译法正确；仅证实在本作出现；译法、单字子串及称谓语境仍需审定。
龍浪中尉,龙浪中尉,candidate,020_起_第６次シアトル防衛線01 / 040_承_2005_10_07 デブリーフィング・顔合わせ01 / 050_承_2005_10_08 軍葬・ハンガー・宿舎01 / 060_承_2005_10_10 まりも・警備任務プレ01 / 070_承_2005_10_11 物資受取・雫・エレン01 / 080_承_2005_10_12 孤児院1回目・まりも不在01 / 090_承_2005_10_13 まりも日米会議・ハンガートーク01 / 100_承_2005_10_14 居住区休日・孤児院2回目01 / 110_承_2005_10_18 市街地警護任務1・空振り01 / 120_承_2005_10_19 デモ隊との交渉01 / 130_転_BETA大規模再襲撃01 / 130_転_BETA大規模再襲撃03,mixed,863,unscoped,88,旧混合表；出现不等于译法正确；仅证实在本作出现；译法、单字子串及称谓语境仍需审定。
龍浪響,龙浪响,candidate,020_起_第６次シアトル防衛線01 / 040_承_2005_10_07 デブリーフィング・顔合わせ01 / 050_承_2005_10_08 軍葬・ハンガー・宿舎01 / 060_承_2005_10_10 まりも・警備任務プレ01 / 070_承_2005_10_11 物資受取・雫・エレン01 / 080_承_2005_10_12 孤児院1回目・まりも不在01 / 090_承_2005_10_13 まりも日米会議・ハンガートーク01 / 120_承_2005_10_19 デモ隊との交渉01 / 130_転_BETA大規模再襲撃01 / 130_転_BETA大規模再襲撃03,mixed,864,unscoped,16,旧混合表；出现不等于译法正确；仅证实在本作出现；译法、单字子串及称谓语境仍需审定。
龍浪響中尉,龙浪响中尉,candidate,020_起_第６次シアトル防衛線01 / 040_承_2005_10_07 デブリーフィング・顔合わせ01 / 050_承_2005_10_08 軍葬・ハンガー・宿舎01 / 070_承_2005_10_11 物資受取・雫・エレン01 / 080_承_2005_10_12 孤児院1回目・まりも不在01 / 090_承_2005_10_13 まりも日米会議・ハンガートーク01 / 120_承_2005_10_19 デモ隊との交渉01 / 130_転_BETA大規模再襲撃01,mixed,866,unscoped,12,旧混合表；出现不等于译法正确；仅证实在本作出现；译法、单字子串及称谓语境仍需审定。
誘導弾,诱导弹,candidate,010_序章_響の悪夢01 / 040_承_2005_10_07 デブリーフィング・顔合わせ01,legacy,2,武器术语,2,TDA fixed: do not mix with missile；仅证实在本作出现；译法、单字子串及称谓语境仍需审定。
ミサイル,导弹,candidate,130_転_BETA大規模再襲撃02,legacy,3,武器术语,3,TDA fixed: Japanese missile katakana；仅证实在本作出现；译法、单字子串及称谓语境仍需审定。
神宮司まりも,神宫司麻理茉,candidate,040_承_2005_10_07 デブリーフィング・顔合わせ01 / 110_承_2005_10_18 市街地警護任務1・空振り01 / 130_転_BETA大規模再襲撃01,legacy,43,人物,8,用户确认：TDA01-03 固定译名；仅证实在本作出现；译法、单字子串及称谓语境仍需审定。
煌武院悠陽,煌武院悠阳,candidate,060_承_2005_10_10 まりも・警備任務プレ01,legacy,52,帝国/斯卫,3,将军家姓名；仅证实在本作出现；译法、单字子串及称谓语境仍需审定。
戦術機,战术机,candidate,020_起_第６次シアトル防衛線01 / 040_承_2005_10_07 デブリーフィング・顔合わせ01 / 050_承_2005_10_08 軍葬・ハンガー・宿舎01 / 060_承_2005_10_10 まりも・警備任務プレ01 / 070_承_2005_10_11 物資受取・雫・エレン01 / 080_承_2005_10_12 孤児院1回目・まりも不在01 / 090_承_2005_10_13 まりも日米会議・ハンガートーク01 / 110_承_2005_10_18 市街地警護任務1・空振り01 / 120_承_2005_10_19 デモ隊との交渉01 / 130_転_BETA大規模再襲撃01 / 130_転_BETA大規模再襲撃02 / 130_転_BETA大規模再襲撃03,legacy,107,世界观术语,121,日本简称；仅证实在本作出现；译法、单字子串及称谓语境仍需审定。
衛士,卫士,candidate,020_起_第６次シアトル防衛線01 / 040_承_2005_10_07 デブリーフィング・顔合わせ01 / 050_承_2005_10_08 軍葬・ハンガー・宿舎01 / 060_承_2005_10_10 まりも・警備任務プレ01 / 070_承_2005_10_11 物資受取・雫・エレン01 / 080_承_2005_10_12 孤児院1回目・まりも不在01 / 090_承_2005_10_13 まりも日米会議・ハンガートーク01 / 100_承_2005_10_14 居住区休日・孤児院2回目01 / 110_承_2005_10_18 市街地警護任務1・空振り01 / 120_承_2005_10_19 デモ隊との交渉01 / 130_転_BETA大規模再襲撃01 / 130_転_BETA大規模再襲撃02,legacy,109,世界观术语,109,TSF pilot / surface pilot 固定译名；仅证实在本作出现；译法、单字子串及称谓语境仍需审定。
BETA,BETA,candidate,050_承_2005_10_08 軍葬・ハンガー・宿舎01 / 130_転_BETA大規模再襲撃01 / 130_転_BETA大規模再襲撃02,legacy,110,世界观术语,4,外星敌对生命体；保留英文缩写；仅证实在本作出现；译法、单字子串及称谓语境仍需审定。
煌武院 悠陽,煌武院悠阳,candidate,140_結_エピローグ01,legacy,183,角色/本地人名,1,LunaTranslator本地人名变体；仅证实在本作出现；译法、单字子串及称谓语境仍需审定。
創造主,创造主,candidate,130_転_BETA大規模再襲撃01,legacy,247,BETA,1,BETA设定；仅证实在本作出现；译法、单字子串及称谓语境仍需审定。
バビロン作戦,巴比伦作战,candidate,080_承_2005_10_12 孤児院1回目・まりも不在01,legacy,599,作战名,1,用户确认：不用巴比伦行动；仅证实在本作出现；译法、单字子串及称谓语境仍需审定。
シアトル,西雅图,candidate,020_起_第６次シアトル防衛線01 / 040_承_2005_10_07 デブリーフィング・顔合わせ01 / 050_承_2005_10_08 軍葬・ハンガー・宿舎01 / 060_承_2005_10_10 まりも・警備任務プレ01 / 070_承_2005_10_11 物資受取・雫・エレン01 / 090_承_2005_10_13 まりも日米会議・ハンガートーク01 / 100_承_2005_10_14 居住区休日・孤児院2回目01 / 110_承_2005_10_18 市街地警護任務1・空振り01 / 120_承_2005_10_19 デモ隊との交渉01 / 130_転_BETA大規模再襲撃01 / 130_転_BETA大規模再襲撃02 / 130_転_BETA大規模再襲撃03 / 140_結_エピローグ01,legacy,605,TDA,83,TDA地点；仅证实在本作出现；译法、单字子串及称谓语境仍需审定。
タコマ,塔科马,candidate,040_承_2005_10_07 デブリーフィング・顔合わせ01 / 050_承_2005_10_08 軍葬・ハンガー・宿舎01 / 060_承_2005_10_10 まりも・警備任務プレ01 / 070_承_2005_10_11 物資受取・雫・エレン01 / 080_承_2005_10_12 孤児院1回目・まりも不在01 / 090_承_2005_10_13 まりも日米会議・ハンガートーク01 / 110_承_2005_10_18 市街地警護任務1・空振り01,legacy,606,TDA,18,TDA地点；仅证实在本作出现；译法、单字子串及称谓语境仍需审定。
JFK,JFK,candidate,050_承_2005_10_08 軍葬・ハンガー・宿舎01,legacy,612,舰名/作战相关,1,TDA专有名词固定；英文对应：JFK；仅证实在本作出现；译法、单字子串及称谓语境仍需审定。
ジョン・F・ケネディ,约翰·F·肯尼迪,candidate,050_承_2005_10_08 軍葬・ハンガー・宿舎01,legacy,614,TDA,1,舰船；仅证实在本作出现；译法、单字子串及称谓语境仍需审定。
戦術機母艦,战术机母舰,candidate,040_承_2005_10_07 デブリーフィング・顔合わせ01 / 130_転_BETA大規模再襲撃01,legacy,616,TDA,4,舰船；仅证实在本作出现；译法、单字子串及称谓语境仍需审定。
軌道降下兵団,轨道降下兵团,candidate,040_承_2005_10_07 デブリーフィング・顔合わせ01 / 060_承_2005_10_10 まりも・警備任務プレ01,legacy,619,TDA/Photon,4,部队；仅证实在本作出现；译法、单字子串及称谓语境仍需审定。
千堂柚香,千堂柚香,candidate,040_承_2005_10_07 デブリーフィング・顔合わせ01 / 050_承_2005_10_08 軍葬・ハンガー・宿舎01 / 080_承_2005_10_12 孤児院1回目・まりも不在01,legacy,639,TDA角色,5,Episode 01-03；仅证实在本作出现；译法、单字子串及称谓语境仍需审定。
エレン・エイス,艾伦·艾斯,candidate,020_起_第６次シアトル防衛線01 / 040_承_2005_10_07 デブリーフィング・顔合わせ01 / 050_承_2005_10_08 軍葬・ハンガー・宿舎01 / 070_承_2005_10_11 物資受取・雫・エレン01 / 130_転_BETA大規模再襲撃01 / 130_転_BETA大規模再襲撃03,legacy,645,TDA角色,8,Episode 01-03；仅证实在本作出现；译法、单字子串及称谓语境仍需审定。
美桜乃雫,美樱乃雫,candidate,020_起_第６次シアトル防衛線01 / 040_承_2005_10_07 デブリーフィング・顔合わせ01 / 050_承_2005_10_08 軍葬・ハンガー・宿舎01 / 070_承_2005_10_11 物資受取・雫・エレン01 / 130_転_BETA大規模再襲撃03,legacy,651,TDA角色,12,Episode 01-03；仅证实在本作出现；译法、单字子串及称谓语境仍需审定。
松風諒一,松风谅一,candidate,050_承_2005_10_08 軍葬・ハンガー・宿舎01,legacy,656,TDA角色,1,Episode 01-03；仅证实在本作出现；译法、单字子串及称谓语境仍需审定。
楠本さやか,楠本沙也加,candidate,040_承_2005_10_07 デブリーフィング・顔合わせ01,legacy,661,TDA角色,1,Episode 01-03；仅证实在本作出现；译法、单字子串及称谓语境仍需审定。
ウォードッグ,战犬,candidate,050_承_2005_10_08 軍葬・ハンガー・宿舎01 / 060_承_2005_10_10 まりも・警備任務プレ01 / 080_承_2005_10_12 孤児院1回目・まりも不在01 / 110_承_2005_10_18 市街地警護任務1・空振り01 / 120_承_2005_10_19 デモ隊との交渉01 / 130_転_BETA大規模再襲撃01 / 130_転_BETA大規模再襲撃02 / 130_転_BETA大規模再襲撃03,legacy,682,呼号,68,TDA专有名词固定；英文对应：Wardog / Wardogs；仅证实在本作出现；译法、单字子串及称谓语境仍需审定。
クレイン,鹤,candidate,120_承_2005_10_19 デモ隊との交渉01 / 130_転_BETA大規模再襲撃02 / 130_転_BETA大規模再襲撃03,legacy,686,呼号,4,TDA专有名词固定；英文对应：Crane；仅证实在本作出现；译法、单字子串及称谓语境仍需审定。
ハンター,猎人,candidate,130_転_BETA大規模再襲撃02,legacy,688,呼号,1,TDA专有名词固定；英文对应：Hunter；仅证实在本作出现；译法、单字子串及称谓语境仍需审定。
贖罪,赎罪,candidate,070_承_2005_10_11 物資受取・雫・エレン01,legacy,713,Photon故事,1,日文标题；仅证实在本作出现；译法、单字子串及称谓语境仍需审定。
龍浪中尉,龙浪中尉,candidate,020_起_第６次シアトル防衛線01 / 040_承_2005_10_07 デブリーフィング・顔合わせ01 / 050_承_2005_10_08 軍葬・ハンガー・宿舎01 / 060_承_2005_10_10 まりも・警備任務プレ01 / 070_承_2005_10_11 物資受取・雫・エレン01 / 080_承_2005_10_12 孤児院1回目・まりも不在01 / 090_承_2005_10_13 まりも日米会議・ハンガートーク01 / 100_承_2005_10_14 居住区休日・孤児院2回目01 / 110_承_2005_10_18 市街地警護任務1・空振り01 / 120_承_2005_10_19 デモ隊との交渉01 / 130_転_BETA大規模再襲撃01 / 130_転_BETA大規模再襲撃03,legacy,799,TDA军衔,88,称呼；仅证实在本作出现；译法、单字子串及称谓语境仍需审定。
千堂少尉,千堂少尉,candidate,020_起_第６次シアトル防衛線01 / 040_承_2005_10_07 デブリーフィング・顔合わせ01 / 050_承_2005_10_08 軍葬・ハンガー・宿舎01 / 070_承_2005_10_11 物資受取・雫・エレン01 / 080_承_2005_10_12 孤児院1回目・まりも不在01 / 090_承_2005_10_13 まりも日米会議・ハンガートーク01 / 100_承_2005_10_14 居住区休日・孤児院2回目01 / 110_承_2005_10_18 市街地警護任務1・空振り01 / 120_承_2005_10_19 デモ隊との交渉01 / 130_転_BETA大規模再襲撃02 / 130_転_BETA大規模再襲撃03,legacy,808,TDA军衔,42,称呼；仅证实在本作出现；译法、单字子串及称谓语境仍需审定。
エレン少尉,艾伦少尉,candidate,070_承_2005_10_11 物資受取・雫・エレン01,legacy,813,TDA军衔,1,称呼；仅证实在本作出现；译法、单字子串及称谓语境仍需审定。
美桜乃少尉,美樱乃少尉,candidate,020_起_第６次シアトル防衛線01 / 040_承_2005_10_07 デブリーフィング・顔合わせ01 / 060_承_2005_10_10 まりも・警備任務プレ01 / 080_承_2005_10_12 孤児院1回目・まりも不在01 / 100_承_2005_10_14 居住区休日・孤児院2回目01 / 110_承_2005_10_18 市街地警護任務1・空振り01 / 120_承_2005_10_19 デモ隊との交渉01 / 130_転_BETA大規模再襲撃03,legacy,820,TDA军衔,40,称呼；仅证实在本作出现；译法、单字子串及称谓语境仍需审定。
神宮司少佐,神宫司少佐,candidate,020_起_第６次シアトル防衛線01 / 040_承_2005_10_07 デブリーフィング・顔合わせ01 / 050_承_2005_10_08 軍葬・ハンガー・宿舎01 / 060_承_2005_10_10 まりも・警備任務プレ01 / 070_承_2005_10_11 物資受取・雫・エレン01 / 080_承_2005_10_12 孤児院1回目・まりも不在01 / 090_承_2005_10_13 まりも日米会議・ハンガートーク01 / 100_承_2005_10_14 居住区休日・孤児院2回目01 / 110_承_2005_10_18 市街地警護任務1・空振り01 / 120_承_2005_10_19 デモ隊との交渉01 / 130_転_BETA大規模再襲撃01 / 130_転_BETA大規模再襲撃02 / 130_転_BETA大規模再襲撃03,legacy,828,人物/军衔,132,按日文原文军衔固定；仅证实在本作出现；译法、单字子串及称谓语境仍需审定。
ウォーケン少佐,沃肯少佐,candidate,090_承_2005_10_13 まりも日米会議・ハンガートーク01 / 110_承_2005_10_18 市街地警護任務1・空振り01 / 130_転_BETA大規模再襲撃01 / 130_転_BETA大規模再襲撃02 / 130_転_BETA大規模再襲撃03,legacy,844,人物,19,用户确认：TDA01-03 固定译名；仅证实在本作出现；译法、单字子串及称谓语境仍需审定。
ウォーケン,沃肯,candidate,090_承_2005_10_13 まりも日米会議・ハンガートーク01 / 110_承_2005_10_18 市街地警護任務1・空振り01 / 130_転_BETA大規模再襲撃01 / 130_転_BETA大規模再襲撃02 / 130_転_BETA大規模再襲撃03,legacy,888,人物,19,用户确认：TDA01-03 固定译名；仅证实在本作出现；译法、单字子串及称谓语境仍需审定。
アルフレッド・ウォーケン,阿尔弗雷德·沃肯,candidate,090_承_2005_10_13 まりも日米会議・ハンガートーク01 / 130_転_BETA大規模再襲撃01,legacy,889,人物,3,用户确认：TDA01-03 固定译名；仅证实在本作出现；译法、单字子串及称谓语境仍需审定。
神宮司,神宫司,candidate,020_起_第６次シアトル防衛線01 / 040_承_2005_10_07 デブリーフィング・顔合わせ01 / 050_承_2005_10_08 軍葬・ハンガー・宿舎01 / 060_承_2005_10_10 まりも・警備任務プレ01 / 070_承_2005_10_11 物資受取・雫・エレン01 / 080_承_2005_10_12 孤児院1回目・まりも不在01 / 090_承_2005_10_13 まりも日米会議・ハンガートーク01 / 100_承_2005_10_14 居住区休日・孤児院2回目01 / 110_承_2005_10_18 市街地警護任務1・空振り01 / 120_承_2005_10_19 デモ隊との交渉01 / 130_転_BETA大規模再襲撃01 / 130_転_BETA大規模再襲撃02 / 130_転_BETA大規模再襲撃03,legacy,890,人物,146,姓氏；全名按神宫司麻理茉；仅证实在本作出现；译法、单字子串及称谓语境仍需审定。
米軍衛士,美军卫士,candidate,130_転_BETA大規模再襲撃02,legacy,891,世界观术语,1,米军语境下的卫士；仅证实在本作出现；译法、单字子串及称谓语境仍需审定。
フォートルイス,刘易斯堡,candidate,040_承_2005_10_07 デブリーフィング・顔合わせ01 / 050_承_2005_10_08 軍葬・ハンガー・宿舎01 / 060_承_2005_10_10 まりも・警備任務プレ01 / 090_承_2005_10_13 まりも日米会議・ハンガートーク01 / 130_転_BETA大規模再襲撃02,legacy,893,TDA固定术语,10,逐行校对追加；仅证实在本作出现；译法、单字子串及称谓语境仍需审定。
フォートルイス基地,刘易斯堡基地,candidate,050_承_2005_10_08 軍葬・ハンガー・宿舎01 / 060_承_2005_10_10 まりも・警備任務プレ01 / 090_承_2005_10_13 まりも日米会議・ハンガートーク01 / 130_転_BETA大規模再襲撃02,legacy,894,TDA固定术语,8,逐行校对追加；仅证实在本作出现；译法、单字子串及称谓语境仍需审定。
ボクサー,拳师号,candidate,070_承_2005_10_11 物資受取・雫・エレン01 / 090_承_2005_10_13 まりも日米会議・ハンガートーク01 / 130_転_BETA大規模再襲撃01,legacy,898,舰名,7,TDA专有名词固定；英文对应：Boxer；仅证实在本作出现；译法、单字子串及称谓语境仍需审定。
ウォードッグス,战犬,candidate,130_転_BETA大規模再襲撃02,legacy,908,TDA说话人（日文源）,1,从 TDA02/TDA03 __speakers__.egpack 的 jp 槽抽取，禁止用英文 speaker 作为原文；仅证实在本作出现；译法、单字子串及称谓语境仍需审定。
ウォードッグ小隊,战犬小队,candidate,050_承_2005_10_08 軍葬・ハンガー・宿舎01 / 060_承_2005_10_10 まりも・警備任務プレ01 / 110_承_2005_10_18 市街地警護任務1・空振り01 / 120_承_2005_10_19 デモ隊との交渉01,legacy,909,部队名,6,TDA专有名词固定；英文对应：Wardog Platoon / Wardog Flight；仅证实在本作出现；译法、单字子串及称谓语境仍需审定。
エレン,艾伦,candidate,020_起_第６次シアトル防衛線01 / 040_承_2005_10_07 デブリーフィング・顔合わせ01 / 050_承_2005_10_08 軍葬・ハンガー・宿舎01 / 060_承_2005_10_10 まりも・警備任務プレ01 / 070_承_2005_10_11 物資受取・雫・エレン01 / 080_承_2005_10_12 孤児院1回目・まりも不在01 / 090_承_2005_10_13 まりも日米会議・ハンガートーク01 / 100_承_2005_10_14 居住区休日・孤児院2回目01 / 110_承_2005_10_18 市街地警護任務1・空振り01 / 120_承_2005_10_19 デモ隊との交渉01 / 130_転_BETA大規模再襲撃01 / 130_転_BETA大規模再襲撃02 / 130_転_BETA大規模再襲撃03,legacy,910,TDA说话人（日文源）,76,从 TDA02/TDA03 __speakers__.egpack 的 jp 槽抽取，禁止用英文 speaker 作为原文；仅证实在本作出现；译法、单字子串及称谓语境仍需审定。
ヒル中尉,希尔中尉,candidate,070_承_2005_10_11 物資受取・雫・エレン01 / 080_承_2005_10_12 孤児院1回目・まりも不在01,legacy,935,TDA说话人（日文源）,3,从 TDA02/TDA03 __speakers__.egpack 的 jp 槽抽取，禁止用英文 speaker 作为原文；仅证实在本作出现；译法、单字子串及称谓语境仍需审定。
フランス軍,法军,candidate,040_承_2005_10_07 デブリーフィング・顔合わせ01 / 050_承_2005_10_08 軍葬・ハンガー・宿舎01 / 090_承_2005_10_13 まりも日米会議・ハンガートーク01,legacy,940,TDA说话人（日文源）,3,从 TDA02/TDA03 __speakers__.egpack 的 jp 槽抽取，禁止用英文 speaker 作为原文；仅证实在本作出现；译法、单字子串及称谓语境仍需审定。
一郎,一郎,candidate,080_承_2005_10_12 孤児院1回目・まりも不在01 / 100_承_2005_10_14 居住区休日・孤児院2回目01,legacy,966,TDA说话人（日文源）,9,从 TDA02/TDA03 __speakers__.egpack 的 jp 槽抽取，禁止用英文 speaker 作为原文；仅证实在本作出现；译法、单字子串及称谓语境仍需审定。
軌道降下兵,轨道降下兵,candidate,040_承_2005_10_07 デブリーフィング・顔合わせ01 / 060_承_2005_10_10 まりも・警備任務プレ01,legacy,975,TDA说话人（日文源）,12,从 TDA02/TDA03 __speakers__.egpack 的 jp 槽抽取，禁止用英文 speaker 作为原文；仅证实在本作出现；译法、单字子串及称谓语境仍需审定。
響,响,candidate,020_起_第６次シアトル防衛線01 / 040_承_2005_10_07 デブリーフィング・顔合わせ01 / 050_承_2005_10_08 軍葬・ハンガー・宿舎01 / 060_承_2005_10_10 まりも・警備任務プレ01 / 070_承_2005_10_11 物資受取・雫・エレン01 / 080_承_2005_10_12 孤児院1回目・まりも不在01 / 090_承_2005_10_13 まりも日米会議・ハンガートーク01 / 100_承_2005_10_14 居住区休日・孤児院2回目01 / 110_承_2005_10_18 市街地警護任務1・空振り01 / 120_承_2005_10_19 デモ隊との交渉01 / 130_転_BETA大規模再襲撃01 / 130_転_BETA大規模再襲撃02 / 130_転_BETA大規模再襲撃03,legacy,977,TDA说话人（日文源）,38,从 TDA02/TDA03 __speakers__.egpack 的 jp 槽抽取，禁止用英文 speaker 作为原文；仅证实在本作出现；译法、单字子串及称谓语境仍需审定。
古手川先生,古手川老师,candidate,080_承_2005_10_12 孤児院1回目・まりも不在01 / 100_承_2005_10_14 居住区休日・孤児院2回目01,legacy,987,TDA说话人（日文源）,3,从 TDA02/TDA03 __speakers__.egpack 的 jp 槽抽取，禁止用英文 speaker 作为原文；仅证实在本作出现；译法、单字子串及称谓语境仍需审定。
参加者,参加者,candidate,060_承_2005_10_10 まりも・警備任務プレ01 / 110_承_2005_10_18 市街地警護任務1・空振り01,legacy,992,TDA说话人（日文源）,2,从 TDA02/TDA03 __speakers__.egpack 的 jp 槽抽取，禁止用英文 speaker 作为原文；仅证实在本作出现；译法、单字子串及称谓语境仍需审定。
子ども,孩子,candidate,040_承_2005_10_07 デブリーフィング・顔合わせ01 / 050_承_2005_10_08 軍葬・ハンガー・宿舎01 / 070_承_2005_10_11 物資受取・雫・エレン01 / 080_承_2005_10_12 孤児院1回目・まりも不在01 / 090_承_2005_10_13 まりも日米会議・ハンガートーク01 / 100_承_2005_10_14 居住区休日・孤児院2回目01 / 110_承_2005_10_18 市街地警護任務1・空振り01 / 130_転_BETA大規模再襲撃01,legacy,994,TDA说话人（日文源）,39,从 TDA02/TDA03 __speakers__.egpack 的 jp 槽抽取，禁止用英文 speaker 作为原文；仅证实在本作出现；译法、单字子串及称谓语境仍需审定。
子どもたち,孩子们,candidate,070_承_2005_10_11 物資受取・雫・エレン01 / 080_承_2005_10_12 孤児院1回目・まりも不在01 / 090_承_2005_10_13 まりも日米会議・ハンガートーク01 / 100_承_2005_10_14 居住区休日・孤児院2回目01 / 130_転_BETA大規模再襲撃01,legacy,995,TDA说话人（日文源）,12,从 TDA02/TDA03 __speakers__.egpack 的 jp 槽抽取，禁止用英文 speaker 作为原文；仅证实在本作出现；译法、单字子串及称谓语境仍需审定。
子供,孩子,candidate,050_承_2005_10_08 軍葬・ハンガー・宿舎01 / 060_承_2005_10_10 まりも・警備任務プレ01 / 070_承_2005_10_11 物資受取・雫・エレン01 / 080_承_2005_10_12 孤児院1回目・まりも不在01 / 090_承_2005_10_13 まりも日米会議・ハンガートーク01 / 100_承_2005_10_14 居住区休日・孤児院2回目01 / 120_承_2005_10_19 デモ隊との交渉01 / 130_転_BETA大規模再襲撃01,legacy,997,TDA说话人（日文源）,56,从 TDA02/TDA03 __speakers__.egpack 的 jp 槽抽取，禁止用英文 speaker 作为原文；仅证实在本作出现；译法、单字子串及称谓语境仍需审定。
市民,市民,candidate,060_承_2005_10_10 まりも・警備任務プレ01 / 070_承_2005_10_11 物資受取・雫・エレン01 / 090_承_2005_10_13 まりも日米会議・ハンガートーク01 / 110_承_2005_10_18 市街地警護任務1・空振り01 / 120_承_2005_10_19 デモ隊との交渉01,legacy,998,TDA说话人（日文源）,27,从 TDA02/TDA03 __speakers__.egpack 的 jp 槽抽取，禁止用英文 speaker 作为原文；仅证实在本作出现；译法、单字子串及称谓语境仍需审定。
斯衛,斯卫,candidate,040_承_2005_10_07 デブリーフィング・顔合わせ01 / 070_承_2005_10_11 物資受取・雫・エレン01 / 110_承_2005_10_18 市街地警護任務1・空振り01,legacy,999,TDA说话人（日文源）,3,从 TDA02/TDA03 __speakers__.egpack 的 jp 槽抽取，禁止用英文 speaker 作为原文；仅证实在本作出现；译法、单字子串及称谓语境仍需审定。
斯衛衛士,斯卫卫士,candidate,070_承_2005_10_11 物資受取・雫・エレン01,legacy,1000,TDA说话人（日文源）,1,从 TDA02/TDA03 __speakers__.egpack 的 jp 槽抽取，禁止用英文 speaker 作为原文；仅证实在本作出现；译法、单字子串及称谓语境仍需审定。
事務官,事务官,candidate,110_承_2005_10_18 市街地警護任務1・空振り01,legacy,1004,TDA说话人（日文源）,1,从 TDA02/TDA03 __speakers__.egpack 的 jp 槽抽取，禁止用英文 speaker 作为原文；仅证实在本作出现；译法、单字子串及称谓语境仍需审定。
寺本,寺本,candidate,010_序章_響の悪夢01 / 050_承_2005_10_08 軍葬・ハンガー・宿舎01 / 070_承_2005_10_11 物資受取・雫・エレン01,legacy,1005,TDA说话人（日文源）,5,从 TDA02/TDA03 __speakers__.egpack 的 jp 槽抽取，禁止用英文 speaker 作为原文；仅证实在本作出现；译法、单字子串及称谓语境仍需审定。
雫,雫,candidate,020_起_第６次シアトル防衛線01 / 040_承_2005_10_07 デブリーフィング・顔合わせ01 / 050_承_2005_10_08 軍葬・ハンガー・宿舎01 / 070_承_2005_10_11 物資受取・雫・エレン01 / 080_承_2005_10_12 孤児院1回目・まりも不在01 / 100_承_2005_10_14 居住区休日・孤児院2回目01 / 110_承_2005_10_18 市街地警護任務1・空振り01 / 120_承_2005_10_19 デモ隊との交渉01 / 130_転_BETA大規模再襲撃03,legacy,1006,TDA说话人（日文源）,51,从 TDA02/TDA03 __speakers__.egpack 的 jp 槽抽取，禁止用英文 speaker 作为原文；仅证实在本作出现；译法、单字子串及称谓语境仍需审定。
女,女性,candidate,020_起_第６次シアトル防衛線01 / 040_承_2005_10_07 デブリーフィング・顔合わせ01 / 050_承_2005_10_08 軍葬・ハンガー・宿舎01 / 060_承_2005_10_10 まりも・警備任務プレ01 / 070_承_2005_10_11 物資受取・雫・エレン01 / 080_承_2005_10_12 孤児院1回目・まりも不在01 / 090_承_2005_10_13 まりも日米会議・ハンガートーク01 / 100_承_2005_10_14 居住区休日・孤児院2回目01 / 120_承_2005_10_19 デモ隊との交渉01 / 130_転_BETA大規模再襲撃01 / 130_転_BETA大規模再襲撃03,legacy,1009,TDA说话人（日文源）,61,从 TDA02/TDA03 __speakers__.egpack 的 jp 槽抽取，禁止用英文 speaker 作为原文；仅证实在本作出现；译法、单字子串及称谓语境仍需审定。
女の子,女孩,candidate,040_承_2005_10_07 デブリーフィング・顔合わせ01 / 050_承_2005_10_08 軍葬・ハンガー・宿舎01 / 080_承_2005_10_12 孤児院1回目・まりも不在01 / 100_承_2005_10_14 居住区休日・孤児院2回目01,legacy,1010,TDA说话人（日文源）,6,从 TDA02/TDA03 __speakers__.egpack 的 jp 槽抽取，禁止用英文 speaker 作为原文；仅证实在本作出现；译法、单字子串及称谓语境仍需审定。
松風,松风,candidate,040_承_2005_10_07 デブリーフィング・顔合わせ01 / 050_承_2005_10_08 軍葬・ハンガー・宿舎01 / 060_承_2005_10_10 まりも・警備任務プレ01 / 080_承_2005_10_12 孤児院1回目・まりも不在01 / 100_承_2005_10_14 居住区休日・孤児院2回目01 / 120_承_2005_10_19 デモ隊との交渉01 / 130_転_BETA大規模再襲撃02 / 130_転_BETA大規模再襲撃03,legacy,1014,TDA说话人（日文源）,33,从 TDA02/TDA03 __speakers__.egpack 的 jp 槽抽取，禁止用英文 speaker 作为原文；仅证实在本作出现；译法、单字子串及称谓语境仍需审定。
職員,工作人员,candidate,080_承_2005_10_12 孤児院1回目・まりも不在01,legacy,1018,TDA说话人（日文源）,3,从 TDA02/TDA03 __speakers__.egpack 的 jp 槽抽取，禁止用英文 speaker 作为原文；仅证实在本作出现；译法、单字子串及称谓语境仍需审定。
声,声音,candidate,020_起_第６次シアトル防衛線01 / 040_承_2005_10_07 デブリーフィング・顔合わせ01 / 050_承_2005_10_08 軍葬・ハンガー・宿舎01 / 060_承_2005_10_10 まりも・警備任務プレ01 / 070_承_2005_10_11 物資受取・雫・エレン01 / 080_承_2005_10_12 孤児院1回目・まりも不在01 / 090_承_2005_10_13 まりも日米会議・ハンガートーク01 / 100_承_2005_10_14 居住区休日・孤児院2回目01 / 110_承_2005_10_18 市街地警護任務1・空振り01 / 130_転_BETA大規模再襲撃01 / 130_転_BETA大規模再襲撃02 / 130_転_BETA大規模再襲撃03,legacy,1026,TDA说话人（日文源）,32,从 TDA02/TDA03 __speakers__.egpack 的 jp 槽抽取，禁止用英文 speaker 作为原文；仅证实在本作出现；译法、单字子串及称谓语境仍需审定。
浅葱,浅葱,candidate,010_序章_響の悪夢01 / 050_承_2005_10_08 軍葬・ハンガー・宿舎01 / 070_承_2005_10_11 物資受取・雫・エレン01,legacy,1029,TDA说话人（日文源）,8,从 TDA02/TDA03 __speakers__.egpack 的 jp 槽抽取，禁止用英文 speaker 作为原文；仅证实在本作出现；译法、单字子串及称谓语境仍需审定。
隊員,队员,candidate,130_転_BETA大規模再襲撃02,legacy,1032,TDA说话人（日文源）,1,从 TDA02/TDA03 __speakers__.egpack 的 jp 槽抽取，禁止用英文 speaker 作为原文；仅证实在本作出现；译法、单字子串及称谓语境仍需审定。
隊長,队长,candidate,010_序章_響の悪夢01 / 020_起_第６次シアトル防衛線01 / 040_承_2005_10_07 デブリーフィング・顔合わせ01 / 050_承_2005_10_08 軍葬・ハンガー・宿舎01 / 060_承_2005_10_10 まりも・警備任務プレ01 / 070_承_2005_10_11 物資受取・雫・エレン01 / 080_承_2005_10_12 孤児院1回目・まりも不在01 / 090_承_2005_10_13 まりも日米会議・ハンガートーク01 / 110_承_2005_10_18 市街地警護任務1・空振り01 / 120_承_2005_10_19 デモ隊との交渉01 / 130_転_BETA大規模再襲撃01 / 130_転_BETA大規模再襲撃02 / 130_転_BETA大規模再襲撃03,legacy,1033,TDA说话人（日文源）,84,从 TDA02/TDA03 __speakers__.egpack 的 jp 槽抽取，禁止用英文 speaker 作为原文；仅证实在本作出现；译法、单字子串及称谓语境仍需审定。
担当官,负责人,candidate,060_承_2005_10_10 まりも・警備任務プレ01,legacy,1037,TDA说话人（日文源）,1,从 TDA02/TDA03 __speakers__.egpack 的 jp 槽抽取，禁止用英文 speaker 作为原文；仅证实在本作出现；译法、单字子串及称谓语境仍需审定。
男,男性,candidate,040_承_2005_10_07 デブリーフィング・顔合わせ01 / 050_承_2005_10_08 軍葬・ハンガー・宿舎01 / 060_承_2005_10_10 まりも・警備任務プレ01 / 070_承_2005_10_11 物資受取・雫・エレン01 / 080_承_2005_10_12 孤児院1回目・まりも不在01 / 090_承_2005_10_13 まりも日米会議・ハンガートーク01 / 100_承_2005_10_14 居住区休日・孤児院2回目01 / 110_承_2005_10_18 市街地警護任務1・空振り01 / 130_転_BETA大規模再襲撃01,legacy,1038,TDA说话人（日文源）,25,从 TDA02/TDA03 __speakers__.egpack 的 jp 槽抽取，禁止用英文 speaker 作为原文；仅证实在本作出现；译法、单字子串及称谓语境仍需审定。
帝国欧州派遣軍,帝国欧洲派遣军,candidate,090_承_2005_10_13 まりも日米会議・ハンガートーク01,legacy,1044,TDA说话人（日文源）,1,从 TDA02/TDA03 __speakers__.egpack 的 jp 槽抽取，禁止用英文 speaker 作为原文；仅证实在本作出现；译法、单字子串及称谓语境仍需审定。
帝国軍兵士,帝国军士兵,candidate,070_承_2005_10_11 物資受取・雫・エレン01,legacy,1050,TDA说话人（日文源）,1,从 TDA02/TDA03 __speakers__.egpack 的 jp 槽抽取，禁止用英文 speaker 作为原文；仅证实在本作出现；译法、单字子串及称谓语境仍需审定。
楠本,楠本,candidate,040_承_2005_10_07 デブリーフィング・顔合わせ01 / 050_承_2005_10_08 軍葬・ハンガー・宿舎01 / 060_承_2005_10_10 まりも・警備任務プレ01 / 070_承_2005_10_11 物資受取・雫・エレン01 / 080_承_2005_10_12 孤児院1回目・まりも不在01 / 090_承_2005_10_13 まりも日米会議・ハンガートーク01 / 100_承_2005_10_14 居住区休日・孤児院2回目01 / 110_承_2005_10_18 市街地警護任務1・空振り01 / 120_承_2005_10_19 デモ隊との交渉01 / 130_転_BETA大規模再襲撃01 / 130_転_BETA大規模再襲撃03,legacy,1056,TDA说话人（日文源）,27,从 TDA02/TDA03 __speakers__.egpack 的 jp 槽抽取，禁止用英文 speaker 作为原文；仅证实在本作出现；译法、单字子串及称谓语境仍需审定。
兵士,士兵,candidate,070_承_2005_10_11 物資受取・雫・エレン01,legacy,1065,TDA说话人（日文源）,5,从 TDA02/TDA03 __speakers__.egpack 的 jp 槽抽取，禁止用英文 speaker 作为原文；仅证实在本作出现；译法、单字子串及称谓语境仍需审定。
悠陽殿下,悠阳殿下,candidate,060_承_2005_10_10 まりも・警備任務プレ01,legacy,1075,TDA说话人（日文源）,3,从 TDA02/TDA03 __speakers__.egpack 的 jp 槽抽取，禁止用英文 speaker 作为原文；仅证实在本作出现；译法、单字子串及称谓语境仍需审定。
柚香,柚香,candidate,020_起_第６次シアトル防衛線01 / 040_承_2005_10_07 デブリーフィング・顔合わせ01 / 050_承_2005_10_08 軍葬・ハンガー・宿舎01 / 060_承_2005_10_10 まりも・警備任務プレ01 / 070_承_2005_10_11 物資受取・雫・エレン01 / 080_承_2005_10_12 孤児院1回目・まりも不在01 / 090_承_2005_10_13 まりも日米会議・ハンガートーク01 / 100_承_2005_10_14 居住区休日・孤児院2回目01 / 110_承_2005_10_18 市街地警護任務1・空振り01 / 130_転_BETA大規模再襲撃01 / 130_転_BETA大規模再襲撃03,legacy,1076,TDA说话人（日文源）,84,从 TDA02/TDA03 __speakers__.egpack 的 jp 槽抽取，禁止用英文 speaker 作为原文；仅证实在本作出现；译法、单字子串及称谓语境仍需审定。
労働者,工人,candidate,050_承_2005_10_08 軍葬・ハンガー・宿舎01,legacy,1080,TDA说话人（日文源）,1,从 TDA02/TDA03 __speakers__.egpack 的 jp 槽抽取，禁止用英文 speaker 作为原文；仅证实在本作出现；译法、单字子串及称谓语境仍需审定。
老人,老人,candidate,060_承_2005_10_10 まりも・警備任務プレ01 / 080_承_2005_10_12 孤児院1回目・まりも不在01 / 130_転_BETA大規模再襲撃01,legacy,1082,TDA说话人（日文源）,5,从 TDA02/TDA03 __speakers__.egpack 的 jp 槽抽取，禁止用英文 speaker 作为原文；仅证实在本作出现；译法、单字子串及称谓语境仍需审定。
和美,和美,candidate,080_承_2005_10_12 孤児院1回目・まりも不在01 / 100_承_2005_10_14 居住区休日・孤児院2回目01,legacy,1083,TDA说话人（日文源）,3,从 TDA02/TDA03 __speakers__.egpack 的 jp 槽抽取，禁止用英文 speaker 作为原文；仅证实在本作出现；译法、单字子串及称谓语境仍需审定。
イーグル,鹰,candidate,010_序章_響の悪夢01 / 040_承_2005_10_07 デブリーフィング・顔合わせ01,legacy,1084,呼号,3,TDA专有名词固定；英文对应：Eagle；仅证实在本作出现；译法、单字子串及称谓语境仍需审定。
ウォードッグ隊,战犬队,candidate,050_承_2005_10_08 軍葬・ハンガー・宿舎01 / 080_承_2005_10_12 孤児院1回目・まりも不在01 / 110_承_2005_10_18 市街地警護任務1・空振り01,legacy,1085,部队名,8,TDA专有名词固定；英文对应：Wardog Unit；仅证实在本作出现；译法、单字子串及称谓语境仍需审定。
カロネード,卡洛内德,candidate,020_起_第６次シアトル防衛線01 / 040_承_2005_10_07 デブリーフィング・顔合わせ01,legacy,1086,呼号,30,TDA专有名词固定；英文对应：Carronade；仅证实在本作出现；译法、单字子串及称谓语境仍需审定。
カロネード隊,卡洛内德队,candidate,020_起_第６次シアトル防衛線01,legacy,1087,部队名,3,TDA专有名词固定；英文对应：Carronade Unit；仅证实在本作出现；译法、单字子串及称谓语境仍需审定。
ドレイク,德雷克,candidate,020_起_第６次シアトル防衛線01 / 040_承_2005_10_07 デブリーフィング・顔合わせ01,legacy,1088,呼号,69,TDA专有名词固定；英文对应：Drake；仅证实在本作出现；译法、单字子串及称谓语境仍需审定。
ドレイク・カロネード,德雷克、卡洛内德,candidate,020_起_第６次シアトル防衛線01,legacy,1089,呼号组合,2,TDA专有名词固定；英文对应：Drake / Carronade；仅证实在本作出现；译法、单字子串及称谓语境仍需审定。
強襲揚陸艦ボクサー,强袭登陆舰拳师号,candidate,070_承_2005_10_11 物資受取・雫・エレン01 / 090_承_2005_10_13 まりも日米会議・ハンガートーク01,legacy,1100,舰名,3,TDA专有名词固定；英文对应：USS Boxer / Amphibious Assault Ship Boxer；仅证实在本作出现；译法、单字子串及称谓语境仍需审定。
ラプター,猛禽,candidate,110_承_2005_10_18 市街地警護任務1・空振り01,legacy,1104,机体/呼称,1,TDA专有名词固定；英文对应：Raptor；仅证实在本作出现；译法、单字子串及称谓语境仍需审定。
大和,大和,candidate,130_転_BETA大規模再襲撃02,legacy,1105,舰名,1,TDA专有名词固定；英文对应：Yamato；仅证实在本作出现；译法、单字子串及称谓语境仍需审定。
帝国連合艦隊,帝国联合舰队,candidate,130_転_BETA大規模再襲撃02,legacy,1107,组织名,6,TDA专有名词固定；英文对应：Imperial Combined Fleet；仅证实在本作出现；译法、单字子串及称谓语境仍需审定。
日本帝国欧州派遣軍,日本帝国欧洲派遣军,candidate,090_承_2005_10_13 まりも日米会議・ハンガートーク01,legacy,1108,组织名,1,TDA专有名词固定；英文对应：Imperial Japanese European Expeditionary Force；仅证实在本作出现；译法、单字子串及称谓语境仍需审定。
米国海軍戦術機母艦,美国海军战术机母舰,candidate,130_転_BETA大規模再襲撃01,legacy,1112,舰名/舰种,1,TDA专有名词固定；英文对应：US Navy TSF Carrier；仅证实在本作出现；译法、单字子串及称谓语境仍需审定。
米国陸軍第１軍団第６６戦術機甲大隊,美国陆军第1军团第66战术机甲大队,candidate,070_承_2005_10_11 物資受取・雫・エレン01,legacy,1113,组织名,1,TDA专有名词固定；英文对应：US Army I Corps 66th Tactical Armored Battalion；仅证实在本作出现；译法、单字子串及称谓语境仍需审定。
米国陸軍第６６戦術機甲大隊,美国陆军第66战术机甲大队,candidate,090_承_2005_10_13 まりも日米会議・ハンガートーク01 / 110_承_2005_10_18 市街地警護任務1・空振り01,legacy,1114,组织名,3,TDA专有名词固定；英文对应：US Army 66th Tactical Armored Battalion；仅证实在本作出现；译法、单字子串及称谓语境仍需审定。
ボーニング社,波音公司,candidate,040_承_2005_10_07 デブリーフィング・顔合わせ01,legacy,1116,固有名词,1,TDA03 screenshot feedback 20260618；仅证实在本作出现；译法、单字子串及称谓语境仍需审定。
生産プラント,生产设施,candidate,060_承_2005_10_10 まりも・警備任務プレ01 / 080_承_2005_10_12 孤児院1回目・まりも不在01,legacy,1117,设施术语,2,"TDA03 screenshot feedback 20260618: plant/facility, not platform/factory；仅证实在本作出现；译法、单字子串及称谓语境仍需审定。"
神宮司まりも,神宫司麻理茉,candidate,040_承_2005_10_07 デブリーフィング・顔合わせ01 / 110_承_2005_10_18 市街地警護任務1・空振り01 / 130_転_BETA大規模再襲撃01,legacy-tsv,81,unclassified,8,旧 TSV 专名词库；不能按文件名认定全系列通用；仅证实在本作出现；译法、单字子串及称谓语境仍需审定。
煌武院悠陽,煌武院悠阳,candidate,060_承_2005_10_10 まりも・警備任務プレ01,legacy-tsv,142,unclassified,3,旧 TSV 专名词库；不能按文件名认定全系列通用；仅证实在本作出现；译法、单字子串及称谓语境仍需审定。
悠陽,悠阳,candidate,060_承_2005_10_10 まりも・警備任務プレ01 / 140_結_エピローグ01,legacy-tsv,146,unclassified,4,旧 TSV 专名词库；不能按文件名认定全系列通用；仅证实在本作出现；译法、单字子串及称谓语境仍需审定。
ウォーケン,沃肯,candidate,090_承_2005_10_13 まりも日米会議・ハンガートーク01 / 110_承_2005_10_18 市街地警護任務1・空振り01 / 130_転_BETA大規模再襲撃01 / 130_転_BETA大規模再襲撃02 / 130_転_BETA大規模再襲撃03,legacy-tsv,154,unclassified,19,旧 TSV 专名词库；不能按文件名认定全系列通用；仅证实在本作出现；译法、单字子串及称谓语境仍需审定。
アルフレッド・ウォーケン,阿尔弗雷德·沃肯,candidate,090_承_2005_10_13 まりも日米会議・ハンガートーク01 / 130_転_BETA大規模再襲撃01,legacy-tsv,156,unclassified,3,旧 TSV 专名词库；不能按文件名认定全系列通用；仅证实在本作出现；译法、单字子串及称谓语境仍需审定。
龍浪響,龙浪响,candidate,020_起_第６次シアトル防衛線01 / 040_承_2005_10_07 デブリーフィング・顔合わせ01 / 050_承_2005_10_08 軍葬・ハンガー・宿舎01 / 060_承_2005_10_10 まりも・警備任務プレ01 / 070_承_2005_10_11 物資受取・雫・エレン01 / 080_承_2005_10_12 孤児院1回目・まりも不在01 / 090_承_2005_10_13 まりも日米会議・ハンガートーク01 / 120_承_2005_10_19 デモ隊との交渉01 / 130_転_BETA大規模再襲撃01 / 130_転_BETA大規模再襲撃03,legacy-tsv,252,unclassified,16,旧 TSV 专名词库；不能按文件名认定全系列通用；仅证实在本作出现；译法、单字子串及称谓语境仍需审定。
雫,雫,candidate,020_起_第６次シアトル防衛線01 / 040_承_2005_10_07 デブリーフィング・顔合わせ01 / 050_承_2005_10_08 軍葬・ハンガー・宿舎01 / 070_承_2005_10_11 物資受取・雫・エレン01 / 080_承_2005_10_12 孤児院1回目・まりも不在01 / 100_承_2005_10_14 居住区休日・孤児院2回目01 / 110_承_2005_10_18 市街地警護任務1・空振り01 / 120_承_2005_10_19 デモ隊との交渉01 / 130_転_BETA大規模再襲撃03,legacy-tsv,253,unclassified,51,旧 TSV 专名词库；不能按文件名认定全系列通用；仅证实在本作出现；译法、单字子串及称谓语境仍需审定。
戦術機,战术机,candidate,020_起_第６次シアトル防衛線01 / 040_承_2005_10_07 デブリーフィング・顔合わせ01 / 050_承_2005_10_08 軍葬・ハンガー・宿舎01 / 060_承_2005_10_10 まりも・警備任務プレ01 / 070_承_2005_10_11 物資受取・雫・エレン01 / 080_承_2005_10_12 孤児院1回目・まりも不在01 / 090_承_2005_10_13 まりも日米会議・ハンガートーク01 / 110_承_2005_10_18 市街地警護任務1・空振り01 / 120_承_2005_10_19 デモ隊との交渉01 / 130_転_BETA大規模再襲撃01 / 130_転_BETA大規模再襲撃02 / 130_転_BETA大規模再襲撃03,legacy-tsv,257,unclassified,121,旧 TSV 专名词库；不能按文件名认定全系列通用；仅证实在本作出现；译法、单字子串及称谓语境仍需审定。
衛士,卫士,candidate,020_起_第６次シアトル防衛線01 / 040_承_2005_10_07 デブリーフィング・顔合わせ01 / 050_承_2005_10_08 軍葬・ハンガー・宿舎01 / 060_承_2005_10_10 まりも・警備任務プレ01 / 070_承_2005_10_11 物資受取・雫・エレン01 / 080_承_2005_10_12 孤児院1回目・まりも不在01 / 090_承_2005_10_13 まりも日米会議・ハンガートーク01 / 100_承_2005_10_14 居住区休日・孤児院2回目01 / 110_承_2005_10_18 市街地警護任務1・空振り01 / 120_承_2005_10_19 デモ隊との交渉01 / 130_転_BETA大規模再襲撃01 / 130_転_BETA大規模再襲撃02,legacy-tsv,261,unclassified,109,旧 TSV 专名词库；不能按文件名认定全系列通用；仅证实在本作出现；译法、单字子串及称谓语境仍需审定。
BETA,BETA,candidate,050_承_2005_10_08 軍葬・ハンガー・宿舎01 / 130_転_BETA大規模再襲撃01 / 130_転_BETA大規模再襲撃02,legacy-tsv,264,unclassified,4,旧 TSV 专名词库；不能按文件名认定全系列通用；仅证实在本作出现；译法、单字子串及称谓语境仍需审定。
ハイヴ,HIVE,candidate,040_承_2005_10_07 デブリーフィング・顔合わせ01 / 050_承_2005_10_08 軍葬・ハンガー・宿舎01 / 060_承_2005_10_10 まりも・警備任務プレ01,legacy-tsv,266,unclassified,4,旧 TSV 专名词库；不能按文件名认定全系列通用；仅证实在本作出现；译法、单字子串及称谓语境仍需审定。
国連軍,联合国军,candidate,040_承_2005_10_07 デブリーフィング・顔合わせ01 / 050_承_2005_10_08 軍葬・ハンガー・宿舎01,legacy-tsv,277,unclassified,3,旧 TSV 专名词库；不能按文件名认定全系列通用；仅证实在本作出现；译法、单字子串及称谓语境仍需审定。
帝国軍,帝国军,candidate,040_承_2005_10_07 デブリーフィング・顔合わせ01 / 050_承_2005_10_08 軍葬・ハンガー・宿舎01 / 060_承_2005_10_10 まりも・警備任務プレ01 / 070_承_2005_10_11 物資受取・雫・エレン01 / 080_承_2005_10_12 孤児院1回目・まりも不在01 / 090_承_2005_10_13 まりも日米会議・ハンガートーク01 / 100_承_2005_10_14 居住区休日・孤児院2回目01 / 110_承_2005_10_18 市街地警護任務1・空振り01 / 130_転_BETA大規模再襲撃01 / 130_転_BETA大規模再襲撃02 / 130_転_BETA大規模再襲撃03,legacy-tsv,280,unclassified,39,旧 TSV 专名词库；不能按文件名认定全系列通用；仅证实在本作出现；译法、单字子串及称谓语境仍需审定。
日本帝国,日本帝国,candidate,040_承_2005_10_07 デブリーフィング・顔合わせ01 / 050_承_2005_10_08 軍葬・ハンガー・宿舎01 / 060_承_2005_10_10 まりも・警備任務プレ01 / 070_承_2005_10_11 物資受取・雫・エレン01 / 090_承_2005_10_13 まりも日米会議・ハンガートーク01 / 110_承_2005_10_18 市街地警護任務1・空振り01 / 120_承_2005_10_19 デモ隊との交渉01 / 130_転_BETA大規模再襲撃03 / 140_結_エピローグ01,legacy-tsv,287,unclassified,16,旧 TSV 专名词库；不能按文件名认定全系列通用；仅证实在本作出现；译法、单字子串及称谓语境仍需审定。
米国,美国,candidate,020_起_第６次シアトル防衛線01 / 040_承_2005_10_07 デブリーフィング・顔合わせ01 / 050_承_2005_10_08 軍葬・ハンガー・宿舎01 / 060_承_2005_10_10 まりも・警備任務プレ01 / 070_承_2005_10_11 物資受取・雫・エレン01 / 080_承_2005_10_12 孤児院1回目・まりも不在01 / 090_承_2005_10_13 まりも日米会議・ハンガートーク01 / 100_承_2005_10_14 居住区休日・孤児院2回目01 / 110_承_2005_10_18 市街地警護任務1・空振り01 / 120_承_2005_10_19 デモ隊との交渉01 / 130_転_BETA大規模再襲撃01 / 130_転_BETA大規模再襲撃02 / 130_転_BETA大規模再襲撃03,legacy-tsv,289,unclassified,177,旧 TSV 专名词库；不能按文件名认定全系列通用；仅证实在本作出现；译法、单字子串及称谓语境仍需审定。
ソ連,苏联,candidate,060_承_2005_10_10 まりも・警備任務プレ01 / 080_承_2005_10_12 孤児院1回目・まりも不在01,legacy-tsv,290,unclassified,2,旧 TSV 专名词库；不能按文件名认定全系列通用；仅证实在本作出现；译法、单字子串及称谓语境仍需审定。
光線級,光线级,candidate,020_起_第６次シアトル防衛線01 / 090_承_2005_10_13 まりも日米会議・ハンガートーク01 / 130_転_BETA大規模再襲撃01 / 130_転_BETA大規模再襲撃02 / 130_転_BETA大規模再襲撃03,legacy-tsv,343,unclassified,24,旧 TSV 专名词库；不能按文件名认定全系列通用；仅证实在本作出现；译法、单字子串及称谓语境仍需审定。
要塞級,要塞级,candidate,130_転_BETA大規模再襲撃02,legacy-tsv,347,unclassified,3,旧 TSV 专名词库；不能按文件名认定全系列通用；仅证实在本作出现；译法、单字子串及称谓语境仍需审定。
突撃級,突击级,candidate,020_起_第６次シアトル防衛線01,legacy-tsv,349,unclassified,2,旧 TSV 专名词库；不能按文件名认定全系列通用；仅证实在本作出现；译法、单字子串及称谓语境仍需审定。
要撃級,要击级,candidate,020_起_第６次シアトル防衛線01 / 130_転_BETA大規模再襲撃02,legacy-tsv,351,unclassified,6,旧 TSV 专名词库；不能按文件名认定全系列通用；仅证实在本作出现；译法、单字子串及称谓语境仍需审定。
戦車級,战车级,candidate,020_起_第６次シアトル防衛線01,legacy-tsv,353,unclassified,1,旧 TSV 专名词库；不能按文件名认定全系列通用；仅证实在本作出现；译法、单字子串及称谓语境仍需审定。
小型種,小型种,candidate,020_起_第６次シアトル防衛線01,legacy-tsv,359,unclassified,1,旧 TSV 专名词库；不能按文件名认定全系列通用；仅证实在本作出现；译法、单字子串及称谓语境仍需审定。
大型種,大型种,candidate,020_起_第６次シアトル防衛線01 / 130_転_BETA大規模再襲撃02 / 130_転_BETA大規模再襲撃03,legacy-tsv,361,unclassified,10,旧 TSV 专名词库；不能按文件名认定全系列通用；仅证实在本作出现；译法、单字子串及称谓语境仍需审定。
不知火,不知火,candidate,040_承_2005_10_07 デブリーフィング・顔合わせ01 / 050_承_2005_10_08 軍葬・ハンガー・宿舎01 / 060_承_2005_10_10 まりも・警備任務プレ01 / 080_承_2005_10_12 孤児院1回目・まりも不在01,legacy-tsv,381,unclassified,13,旧 TSV 专名词库；不能按文件名认定全系列通用；仅证实在本作出现；译法、单字子串及称谓语境仍需审定。
陽炎,阳炎,candidate,040_承_2005_10_07 デブリーフィング・顔合わせ01,legacy-tsv,398,unclassified,5,旧 TSV 专名词库；不能按文件名认定全系列通用；仅证实在本作出现；译法、单字子串及称谓语境仍需审定。
ラプター,猛禽,candidate,110_承_2005_10_18 市街地警護任務1・空振り01,legacy-tsv,429,unclassified,1,旧 TSV 专名词库；不能按文件名认定全系列通用；仅证实在本作出现；译法、单字子串及称谓语境仍需审定。
突撃砲,突击炮,candidate,020_起_第６次シアトル防衛線01 / 040_承_2005_10_07 デブリーフィング・顔合わせ01,legacy-tsv,474,unclassified,3,旧 TSV 专名词库；不能按文件名认定全系列通用；仅证实在本作出现；译法、单字子串及称谓语境仍需审定。
長刀,长刀,candidate,040_承_2005_10_07 デブリーフィング・顔合わせ01,legacy-tsv,476,unclassified,2,旧 TSV 专名词库；不能按文件名认定全系列通用；仅证实在本作出现；译法、单字子串及称谓语境仍需审定。
煌武院 悠陽,煌武院悠阳,candidate,140_結_エピローグ01,legacy-tsv,493,unclassified,1,旧 TSV 专名词库；不能按文件名认定全系列通用；仅证实在本作出现；译法、单字子串及称谓语境仍需审定。
創造主,创造主,candidate,130_転_BETA大規模再襲撃01,legacy-tsv,556,unclassified,1,旧 TSV 专名词库；不能按文件名认定全系列通用；仅证实在本作出现；译法、单字子串及称谓语境仍需审定。
バビロン作戦,巴比伦作战,candidate,080_承_2005_10_12 孤児院1回目・まりも不在01,legacy-tsv,903,unclassified,1,旧 TSV 专名词库；不能按文件名认定全系列通用；仅证实在本作出现；译法、单字子串及称谓语境仍需审定。
シアトル,西雅图,candidate,020_起_第６次シアトル防衛線01 / 040_承_2005_10_07 デブリーフィング・顔合わせ01 / 050_承_2005_10_08 軍葬・ハンガー・宿舎01 / 060_承_2005_10_10 まりも・警備任務プレ01 / 070_承_2005_10_11 物資受取・雫・エレン01 / 090_承_2005_10_13 まりも日米会議・ハンガートーク01 / 100_承_2005_10_14 居住区休日・孤児院2回目01 / 110_承_2005_10_18 市街地警護任務1・空振り01 / 120_承_2005_10_19 デモ隊との交渉01 / 130_転_BETA大規模再襲撃01 / 130_転_BETA大規模再襲撃02 / 130_転_BETA大規模再襲撃03 / 140_結_エピローグ01,legacy-tsv,908,unclassified,83,旧 TSV 专名词库；不能按文件名认定全系列通用；仅证实在本作出现；译法、单字子串及称谓语境仍需审定。
タコマ,塔科马,candidate,040_承_2005_10_07 デブリーフィング・顔合わせ01 / 050_承_2005_10_08 軍葬・ハンガー・宿舎01 / 060_承_2005_10_10 まりも・警備任務プレ01 / 070_承_2005_10_11 物資受取・雫・エレン01 / 080_承_2005_10_12 孤児院1回目・まりも不在01 / 090_承_2005_10_13 まりも日米会議・ハンガートーク01 / 110_承_2005_10_18 市街地警護任務1・空振り01,legacy-tsv,909,unclassified,18,旧 TSV 专名词库；不能按文件名认定全系列通用；仅证实在本作出现；译法、单字子串及称谓语境仍需审定。
JFK,JFK,candidate,050_承_2005_10_08 軍葬・ハンガー・宿舎01,legacy-tsv,915,unclassified,1,旧 TSV 专名词库；不能按文件名认定全系列通用；仅证实在本作出现；译法、单字子串及称谓语境仍需审定。
ジョン・F・ケネディ,约翰·F·肯尼迪,candidate,050_承_2005_10_08 軍葬・ハンガー・宿舎01,legacy-tsv,917,unclassified,1,旧 TSV 专名词库；不能按文件名认定全系列通用；仅证实在本作出现；译法、单字子串及称谓语境仍需审定。
戦術機母艦,战术机母舰,candidate,040_承_2005_10_07 デブリーフィング・顔合わせ01 / 130_転_BETA大規模再襲撃01,legacy-tsv,919,unclassified,4,旧 TSV 专名词库；不能按文件名认定全系列通用；仅证实在本作出现；译法、单字子串及称谓语境仍需审定。
軌道降下兵団,轨道降下兵团,candidate,040_承_2005_10_07 デブリーフィング・顔合わせ01 / 060_承_2005_10_10 まりも・警備任務プレ01,legacy-tsv,922,unclassified,4,旧 TSV 专名词库；不能按文件名认定全系列通用；仅证实在本作出现；译法、单字子串及称谓语境仍需审定。
千堂柚香,千堂柚香,candidate,040_承_2005_10_07 デブリーフィング・顔合わせ01 / 050_承_2005_10_08 軍葬・ハンガー・宿舎01 / 080_承_2005_10_12 孤児院1回目・まりも不在01,legacy-tsv,940,unclassified,5,旧 TSV 专名词库；不能按文件名认定全系列通用；仅证实在本作出现；译法、单字子串及称谓语境仍需审定。
エレン・エイス,艾伦·艾斯,candidate,020_起_第６次シアトル防衛線01 / 040_承_2005_10_07 デブリーフィング・顔合わせ01 / 050_承_2005_10_08 軍葬・ハンガー・宿舎01 / 070_承_2005_10_11 物資受取・雫・エレン01 / 130_転_BETA大規模再襲撃01 / 130_転_BETA大規模再襲撃03,legacy-tsv,946,unclassified,8,旧 TSV 专名词库；不能按文件名认定全系列通用；仅证实在本作出现；译法、单字子串及称谓语境仍需审定。
美桜乃雫,美樱乃雫,candidate,020_起_第６次シアトル防衛線01 / 040_承_2005_10_07 デブリーフィング・顔合わせ01 / 050_承_2005_10_08 軍葬・ハンガー・宿舎01 / 070_承_2005_10_11 物資受取・雫・エレン01 / 130_転_BETA大規模再襲撃03,legacy-tsv,952,unclassified,12,旧 TSV 专名词库；不能按文件名认定全系列通用；仅证实在本作出现；译法、单字子串及称谓语境仍需审定。
松風諒一,松风谅一,candidate,050_承_2005_10_08 軍葬・ハンガー・宿舎01,legacy-tsv,957,unclassified,1,旧 TSV 专名词库；不能按文件名认定全系列通用；仅证实在本作出现；译法、单字子串及称谓语境仍需审定。
楠本さやか,楠本沙也加,candidate,040_承_2005_10_07 デブリーフィング・顔合わせ01,legacy-tsv,962,unclassified,1,旧 TSV 专名词库；不能按文件名认定全系列通用；仅证实在本作出现；译法、单字子串及称谓语境仍需审定。
ウォードッグ,战犬,candidate,050_承_2005_10_08 軍葬・ハンガー・宿舎01 / 060_承_2005_10_10 まりも・警備任務プレ01 / 080_承_2005_10_12 孤児院1回目・まりも不在01 / 110_承_2005_10_18 市街地警護任務1・空振り01 / 120_承_2005_10_19 デモ隊との交渉01 / 130_転_BETA大規模再襲撃01 / 130_転_BETA大規模再襲撃02 / 130_転_BETA大規模再襲撃03,legacy-tsv,983,unclassified,68,旧 TSV 专名词库；不能按文件名认定全系列通用；仅证实在本作出现；译法、单字子串及称谓语境仍需审定。
クレイン,鹤,candidate,120_承_2005_10_19 デモ隊との交渉01 / 130_転_BETA大規模再襲撃02 / 130_転_BETA大規模再襲撃03,legacy-tsv,987,unclassified,4,旧 TSV 专名词库；不能按文件名认定全系列通用；仅证实在本作出现；译法、单字子串及称谓语境仍需审定。
ハンター,猎人,candidate,130_転_BETA大規模再襲撃02,legacy-tsv,989,unclassified,1,旧 TSV 专名词库；不能按文件名认定全系列通用；仅证实在本作出现；译法、单字子串及称谓语境仍需审定。
贖罪,赎罪,candidate,070_承_2005_10_11 物資受取・雫・エレン01,legacy-tsv,1014,unclassified,1,旧 TSV 专名词库；不能按文件名认定全系列通用；仅证实在本作出现；译法、单字子串及称谓语境仍需审定。
龍浪中尉,龙浪中尉,candidate,020_起_第６次シアトル防衛線01 / 040_承_2005_10_07 デブリーフィング・顔合わせ01 / 050_承_2005_10_08 軍葬・ハンガー・宿舎01 / 060_承_2005_10_10 まりも・警備任務プレ01 / 070_承_2005_10_11 物資受取・雫・エレン01 / 080_承_2005_10_12 孤児院1回目・まりも不在01 / 090_承_2005_10_13 まりも日米会議・ハンガートーク01 / 100_承_2005_10_14 居住区休日・孤児院2回目01 / 110_承_2005_10_18 市街地警護任務1・空振り01 / 120_承_2005_10_19 デモ隊との交渉01 / 130_転_BETA大規模再襲撃01 / 130_転_BETA大規模再襲撃03,legacy-tsv,1100,unclassified,88,旧 TSV 专名词库；不能按文件名认定全系列通用；仅证实在本作出现；译法、单字子串及称谓语境仍需审定。
千堂少尉,千堂少尉,candidate,020_起_第６次シアトル防衛線01 / 040_承_2005_10_07 デブリーフィング・顔合わせ01 / 050_承_2005_10_08 軍葬・ハンガー・宿舎01 / 070_承_2005_10_11 物資受取・雫・エレン01 / 080_承_2005_10_12 孤児院1回目・まりも不在01 / 090_承_2005_10_13 まりも日米会議・ハンガートーク01 / 100_承_2005_10_14 居住区休日・孤児院2回目01 / 110_承_2005_10_18 市街地警護任務1・空振り01 / 120_承_2005_10_19 デモ隊との交渉01 / 130_転_BETA大規模再襲撃02 / 130_転_BETA大規模再襲撃03,legacy-tsv,1109,unclassified,42,旧 TSV 专名词库；不能按文件名认定全系列通用；仅证实在本作出现；译法、单字子串及称谓语境仍需审定。
エレン少尉,艾伦少尉,candidate,070_承_2005_10_11 物資受取・雫・エレン01,legacy-tsv,1114,unclassified,1,旧 TSV 专名词库；不能按文件名认定全系列通用；仅证实在本作出现；译法、单字子串及称谓语境仍需审定。
美桜乃少尉,美樱乃少尉,candidate,020_起_第６次シアトル防衛線01 / 040_承_2005_10_07 デブリーフィング・顔合わせ01 / 060_承_2005_10_10 まりも・警備任務プレ01 / 080_承_2005_10_12 孤児院1回目・まりも不在01 / 100_承_2005_10_14 居住区休日・孤児院2回目01 / 110_承_2005_10_18 市街地警護任務1・空振り01 / 120_承_2005_10_19 デモ隊との交渉01 / 130_転_BETA大規模再襲撃03,legacy-tsv,1121,unclassified,40,旧 TSV 专名词库；不能按文件名认定全系列通用；仅证实在本作出现；译法、单字子串及称谓语境仍需审定。
神宮司少佐,神宫司少佐,candidate,020_起_第６次シアトル防衛線01 / 040_承_2005_10_07 デブリーフィング・顔合わせ01 / 050_承_2005_10_08 軍葬・ハンガー・宿舎01 / 060_承_2005_10_10 まりも・警備任務プレ01 / 070_承_2005_10_11 物資受取・雫・エレン01 / 080_承_2005_10_12 孤児院1回目・まりも不在01 / 090_承_2005_10_13 まりも日米会議・ハンガートーク01 / 100_承_2005_10_14 居住区休日・孤児院2回目01 / 110_承_2005_10_18 市街地警護任務1・空振り01 / 120_承_2005_10_19 デモ隊との交渉01 / 130_転_BETA大規模再襲撃01 / 130_転_BETA大規模再襲撃02 / 130_転_BETA大規模再襲撃03,legacy-tsv,1129,unclassified,132,旧 TSV 专名词库；不能按文件名认定全系列通用；仅证实在本作出现；译法、单字子串及称谓语境仍需审定。
ウォーケン少佐,沃肯少佐,candidate,090_承_2005_10_13 まりも日米会議・ハンガートーク01 / 110_承_2005_10_18 市街地警護任務1・空振り01 / 130_転_BETA大規模再襲撃01 / 130_転_BETA大規模再襲撃02 / 130_転_BETA大規模再襲撃03,legacy-tsv,1145,unclassified,19,旧 TSV 专名词库；不能按文件名认定全系列通用；仅证实在本作出现；译法、单字子串及称谓语境仍需审定。
龍浪響中尉,龙浪响中尉,candidate,020_起_第６次シアトル防衛線01 / 040_承_2005_10_07 デブリーフィング・顔合わせ01 / 050_承_2005_10_08 軍葬・ハンガー・宿舎01 / 070_承_2005_10_11 物資受取・雫・エレン01 / 080_承_2005_10_12 孤児院1回目・まりも不在01 / 090_承_2005_10_13 まりも日米会議・ハンガートーク01 / 120_承_2005_10_19 デモ隊との交渉01 / 130_転_BETA大規模再襲撃01,legacy-tsv,1222,unclassified,12,旧 TSV 专名词库；不能按文件名认定全系列通用；仅证实在本作出现；译法、单字子串及称谓语境仍需审定。
千堂柚香少尉,千堂柚香少尉,candidate,040_承_2005_10_07 デブリーフィング・顔合わせ01 / 050_承_2005_10_08 軍葬・ハンガー・宿舎01 / 080_承_2005_10_12 孤児院1回目・まりも不在01,legacy-tsv,1335,unclassified,5,旧 TSV 专名词库；不能按文件名认定全系列通用；仅证实在本作出现；译法、单字子串及称谓语境仍需审定。
エレン・エイス少尉,艾伦·艾斯少尉,candidate,040_承_2005_10_07 デブリーフィング・顔合わせ01 / 050_承_2005_10_08 軍葬・ハンガー・宿舎01 / 070_承_2005_10_11 物資受取・雫・エレン01 / 130_転_BETA大規模再襲撃01 / 130_転_BETA大規模再襲撃03,legacy-tsv,1395,unclassified,7,旧 TSV 专名词库；不能按文件名认定全系列通用；仅证实在本作出现；译法、单字子串及称谓语境仍需审定。
美桜乃雫少尉,美樱乃雫少尉,candidate,020_起_第６次シアトル防衛線01 / 040_承_2005_10_07 デブリーフィング・顔合わせ01 / 050_承_2005_10_08 軍葬・ハンガー・宿舎01 / 070_承_2005_10_11 物資受取・雫・エレン01 / 130_転_BETA大規模再襲撃03,legacy-tsv,1489,unclassified,10,旧 TSV 专名词库；不能按文件名认定全系列通用；仅证实在本作出现；译法、单字子串及称谓语境仍需审定。
神宮司まりも少佐,神宫司麻理茉少佐,candidate,040_承_2005_10_07 デブリーフィング・顔合わせ01 / 110_承_2005_10_18 市街地警護任務1・空振り01 / 130_転_BETA大規模再襲撃01,legacy-tsv,1547,unclassified,7,旧 TSV 专名词库；不能按文件名认定全系列通用；仅证实在本作出现；译法、单字子串及称谓语境仍需审定。
松風諒一中尉,松风谅一中尉,candidate,050_承_2005_10_08 軍葬・ハンガー・宿舎01,legacy-tsv,1599,unclassified,1,旧 TSV 专名词库；不能按文件名认定全系列通用；仅证实在本作出现；译法、单字子串及称谓语境仍需审定。
アルフレッド・ウォーケン少佐,阿尔弗雷德·沃肯少佐,candidate,090_承_2005_10_13 まりも日米会議・ハンガートーク01 / 130_転_BETA大規模再襲撃01,legacy-tsv,1659,unclassified,3,旧 TSV 专名词库；不能按文件名认定全系列通用；仅证实在本作出现；译法、单字子串及称谓语境仍需审定。
龍浪,龙浪,candidate,020_起_第６次シアトル防衛線01 / 040_承_2005_10_07 デブリーフィング・顔合わせ01 / 050_承_2005_10_08 軍葬・ハンガー・宿舎01 / 060_承_2005_10_10 まりも・警備任務プレ01 / 070_承_2005_10_11 物資受取・雫・エレン01 / 080_承_2005_10_12 孤児院1回目・まりも不在01 / 090_承_2005_10_13 まりも日米会議・ハンガートーク01 / 100_承_2005_10_14 居住区休日・孤児院2回目01 / 110_承_2005_10_18 市街地警護任務1・空振り01 / 120_承_2005_10_19 デモ隊との交渉01 / 130_転_BETA大規模再襲撃01 / 130_転_BETA大規模再襲撃02 / 130_転_BETA大規模再襲撃03,legacy-tsv,1857,unclassified,182,旧 TSV 专名词库；不能按文件名认定全系列通用；仅证实在本作出现；译法、单字子串及称谓语境仍需审定。
千堂,千堂,candidate,010_序章_響の悪夢01 / 020_起_第６次シアトル防衛線01 / 040_承_2005_10_07 デブリーフィング・顔合わせ01 / 050_承_2005_10_08 軍葬・ハンガー・宿舎01 / 070_承_2005_10_11 物資受取・雫・エレン01 / 080_承_2005_10_12 孤児院1回目・まりも不在01 / 090_承_2005_10_13 まりも日米会議・ハンガートーク01 / 100_承_2005_10_14 居住区休日・孤児院2回目01 / 110_承_2005_10_18 市街地警護任務1・空振り01 / 120_承_2005_10_19 デモ隊との交渉01 / 130_転_BETA大規模再襲撃02 / 130_転_BETA大規模再襲撃03,legacy-tsv,1861,unclassified,59,旧 TSV 专名词库；不能按文件名认定全系列通用；仅证实在本作出现；译法、单字子串及称谓语境仍需审定。
神宮司,神宫司,candidate,020_起_第６次シアトル防衛線01 / 040_承_2005_10_07 デブリーフィング・顔合わせ01 / 050_承_2005_10_08 軍葬・ハンガー・宿舎01 / 060_承_2005_10_10 まりも・警備任務プレ01 / 070_承_2005_10_11 物資受取・雫・エレン01 / 080_承_2005_10_12 孤児院1回目・まりも不在01 / 090_承_2005_10_13 まりも日米会議・ハンガートーク01 / 100_承_2005_10_14 居住区休日・孤児院2回目01 / 110_承_2005_10_18 市街地警護任務1・空振り01 / 120_承_2005_10_19 デモ隊との交渉01 / 130_転_BETA大規模再襲撃01 / 130_転_BETA大規模再襲撃02 / 130_転_BETA大規模再襲撃03,legacy-tsv,1965,unclassified,146,旧 TSV 专名词库；不能按文件名认定全系列通用；仅证实在本作出现；译法、单字子串及称谓语境仍需审定。
米軍衛士,美军卫士,candidate,130_転_BETA大規模再襲撃02,legacy-tsv,1966,unclassified,1,旧 TSV 专名词库；不能按文件名认定全系列通用；仅证实在本作出现；译法、单字子串及称谓语境仍需审定。
フォートルイス,刘易斯堡,candidate,040_承_2005_10_07 デブリーフィング・顔合わせ01 / 050_承_2005_10_08 軍葬・ハンガー・宿舎01 / 060_承_2005_10_10 まりも・警備任務プレ01 / 090_承_2005_10_13 まりも日米会議・ハンガートーク01 / 130_転_BETA大規模再襲撃02,legacy-tsv,1968,unclassified,10,旧 TSV 专名词库；不能按文件名认定全系列通用；仅证实在本作出现；译法、单字子串及称谓语境仍需审定。
フォートルイス基地,刘易斯堡基地,candidate,050_承_2005_10_08 軍葬・ハンガー・宿舎01 / 060_承_2005_10_10 まりも・警備任務プレ01 / 090_承_2005_10_13 まりも日米会議・ハンガートーク01 / 130_転_BETA大規模再襲撃02,legacy-tsv,1969,unclassified,8,旧 TSV 专名词库；不能按文件名认定全系列通用；仅证实在本作出现；译法、单字子串及称谓语境仍需审定。
ボクサー,拳师号,candidate,070_承_2005_10_11 物資受取・雫・エレン01 / 090_承_2005_10_13 まりも日米会議・ハンガートーク01 / 130_転_BETA大規模再襲撃01,legacy-tsv,1973,unclassified,7,旧 TSV 专名词库；不能按文件名认定全系列通用；仅证实在本作出现；译法、单字子串及称谓语境仍需审定。
ウォードッグス,战犬,candidate,130_転_BETA大規模再襲撃02,legacy-tsv,1983,unclassified,1,旧 TSV 专名词库；不能按文件名认定全系列通用；仅证实在本作出现；译法、单字子串及称谓语境仍需审定。
ウォードッグ小隊,战犬小队,candidate,050_承_2005_10_08 軍葬・ハンガー・宿舎01 / 060_承_2005_10_10 まりも・警備任務プレ01 / 110_承_2005_10_18 市街地警護任務1・空振り01 / 120_承_2005_10_19 デモ隊との交渉01,legacy-tsv,1984,unclassified,6,旧 TSV 专名词库；不能按文件名认定全系列通用；仅证实在本作出现；译法、单字子串及称谓语境仍需审定。
エレン,艾伦,candidate,020_起_第６次シアトル防衛線01 / 040_承_2005_10_07 デブリーフィング・顔合わせ01 / 050_承_2005_10_08 軍葬・ハンガー・宿舎01 / 060_承_2005_10_10 まりも・警備任務プレ01 / 070_承_2005_10_11 物資受取・雫・エレン01 / 080_承_2005_10_12 孤児院1回目・まりも不在01 / 090_承_2005_10_13 まりも日米会議・ハンガートーク01 / 100_承_2005_10_14 居住区休日・孤児院2回目01 / 110_承_2005_10_18 市街地警護任務1・空振り01 / 120_承_2005_10_19 デモ隊との交渉01 / 130_転_BETA大規模再襲撃01 / 130_転_BETA大規模再襲撃02 / 130_転_BETA大規模再襲撃03,legacy-tsv,1985,unclassified,76,旧 TSV 专名词库；不能按文件名认定全系列通用；仅证实在本作出现；译法、单字子串及称谓语境仍需审定。
ヒル中尉,希尔中尉,candidate,070_承_2005_10_11 物資受取・雫・エレン01 / 080_承_2005_10_12 孤児院1回目・まりも不在01,legacy-tsv,2010,unclassified,3,旧 TSV 专名词库；不能按文件名认定全系列通用；仅证实在本作出现；译法、单字子串及称谓语境仍需审定。
フランス軍,法军,candidate,040_承_2005_10_07 デブリーフィング・顔合わせ01 / 050_承_2005_10_08 軍葬・ハンガー・宿舎01 / 090_承_2005_10_13 まりも日米会議・ハンガートーク01,legacy-tsv,2015,unclassified,3,旧 TSV 专名词库；不能按文件名认定全系列通用；仅证实在本作出现；译法、单字子串及称谓语境仍需审定。
一郎,一郎,candidate,080_承_2005_10_12 孤児院1回目・まりも不在01 / 100_承_2005_10_14 居住区休日・孤児院2回目01,legacy-tsv,2041,unclassified,9,旧 TSV 专名词库；不能按文件名认定全系列通用；仅证实在本作出现；译法、单字子串及称谓语境仍需审定。
軌道降下兵,轨道降下兵,candidate,040_承_2005_10_07 デブリーフィング・顔合わせ01 / 060_承_2005_10_10 まりも・警備任務プレ01,legacy-tsv,2050,unclassified,12,旧 TSV 专名词库；不能按文件名认定全系列通用；仅证实在本作出现；译法、单字子串及称谓语境仍需审定。
響,响,candidate,020_起_第６次シアトル防衛線01 / 040_承_2005_10_07 デブリーフィング・顔合わせ01 / 050_承_2005_10_08 軍葬・ハンガー・宿舎01 / 060_承_2005_10_10 まりも・警備任務プレ01 / 070_承_2005_10_11 物資受取・雫・エレン01 / 080_承_2005_10_12 孤児院1回目・まりも不在01 / 090_承_2005_10_13 まりも日米会議・ハンガートーク01 / 100_承_2005_10_14 居住区休日・孤児院2回目01 / 110_承_2005_10_18 市街地警護任務1・空振り01 / 120_承_2005_10_19 デモ隊との交渉01 / 130_転_BETA大規模再襲撃01 / 130_転_BETA大規模再襲撃02 / 130_転_BETA大規模再襲撃03,legacy-tsv,2052,unclassified,38,旧 TSV 专名词库；不能按文件名认定全系列通用；仅证实在本作出现；译法、单字子串及称谓语境仍需审定。
古手川先生,古手川老师,candidate,080_承_2005_10_12 孤児院1回目・まりも不在01 / 100_承_2005_10_14 居住区休日・孤児院2回目01,legacy-tsv,2062,unclassified,3,旧 TSV 专名词库；不能按文件名认定全系列通用；仅证实在本作出现；译法、单字子串及称谓语境仍需审定。
参加者,参加者,candidate,060_承_2005_10_10 まりも・警備任務プレ01 / 110_承_2005_10_18 市街地警護任務1・空振り01,legacy-tsv,2067,unclassified,2,旧 TSV 专名词库；不能按文件名认定全系列通用；仅证实在本作出现；译法、单字子串及称谓语境仍需审定。
子ども,孩子,candidate,040_承_2005_10_07 デブリーフィング・顔合わせ01 / 050_承_2005_10_08 軍葬・ハンガー・宿舎01 / 070_承_2005_10_11 物資受取・雫・エレン01 / 080_承_2005_10_12 孤児院1回目・まりも不在01 / 090_承_2005_10_13 まりも日米会議・ハンガートーク01 / 100_承_2005_10_14 居住区休日・孤児院2回目01 / 110_承_2005_10_18 市街地警護任務1・空振り01 / 130_転_BETA大規模再襲撃01,legacy-tsv,2069,unclassified,39,旧 TSV 专名词库；不能按文件名认定全系列通用；仅证实在本作出现；译法、单字子串及称谓语境仍需审定。
子どもたち,孩子们,candidate,070_承_2005_10_11 物資受取・雫・エレン01 / 080_承_2005_10_12 孤児院1回目・まりも不在01 / 090_承_2005_10_13 まりも日米会議・ハンガートーク01 / 100_承_2005_10_14 居住区休日・孤児院2回目01 / 130_転_BETA大規模再襲撃01,legacy-tsv,2070,unclassified,12,旧 TSV 专名词库；不能按文件名认定全系列通用；仅证实在本作出现；译法、单字子串及称谓语境仍需审定。
子供,孩子,candidate,050_承_2005_10_08 軍葬・ハンガー・宿舎01 / 060_承_2005_10_10 まりも・警備任務プレ01 / 070_承_2005_10_11 物資受取・雫・エレン01 / 080_承_2005_10_12 孤児院1回目・まりも不在01 / 090_承_2005_10_13 まりも日米会議・ハンガートーク01 / 100_承_2005_10_14 居住区休日・孤児院2回目01 / 120_承_2005_10_19 デモ隊との交渉01 / 130_転_BETA大規模再襲撃01,legacy-tsv,2072,unclassified,56,旧 TSV 专名词库；不能按文件名认定全系列通用；仅证实在本作出现；译法、单字子串及称谓语境仍需审定。
市民,市民,candidate,060_承_2005_10_10 まりも・警備任務プレ01 / 070_承_2005_10_11 物資受取・雫・エレン01 / 090_承_2005_10_13 まりも日米会議・ハンガートーク01 / 110_承_2005_10_18 市街地警護任務1・空振り01 / 120_承_2005_10_19 デモ隊との交渉01,legacy-tsv,2073,unclassified,27,旧 TSV 专名词库；不能按文件名认定全系列通用；仅证实在本作出现；译法、单字子串及称谓语境仍需审定。
斯衛,斯卫,candidate,040_承_2005_10_07 デブリーフィング・顔合わせ01 / 070_承_2005_10_11 物資受取・雫・エレン01 / 110_承_2005_10_18 市街地警護任務1・空振り01,legacy-tsv,2074,unclassified,3,旧 TSV 专名词库；不能按文件名认定全系列通用；仅证实在本作出现；译法、单字子串及称谓语境仍需审定。
斯衛衛士,斯卫卫士,candidate,070_承_2005_10_11 物資受取・雫・エレン01,legacy-tsv,2075,unclassified,1,旧 TSV 专名词库；不能按文件名认定全系列通用；仅证实在本作出现；译法、单字子串及称谓语境仍需审定。
事務官,事务官,candidate,110_承_2005_10_18 市街地警護任務1・空振り01,legacy-tsv,2079,unclassified,1,旧 TSV 专名词库；不能按文件名认定全系列通用；仅证实在本作出现；译法、单字子串及称谓语境仍需审定。
寺本,寺本,candidate,010_序章_響の悪夢01 / 050_承_2005_10_08 軍葬・ハンガー・宿舎01 / 070_承_2005_10_11 物資受取・雫・エレン01,legacy-tsv,2080,unclassified,5,旧 TSV 专名词库；不能按文件名认定全系列通用；仅证实在本作出现；译法、单字子串及称谓语境仍需审定。
女,女性,candidate,020_起_第６次シアトル防衛線01 / 040_承_2005_10_07 デブリーフィング・顔合わせ01 / 050_承_2005_10_08 軍葬・ハンガー・宿舎01 / 060_承_2005_10_10 まりも・警備任務プレ01 / 070_承_2005_10_11 物資受取・雫・エレン01 / 080_承_2005_10_12 孤児院1回目・まりも不在01 / 090_承_2005_10_13 まりも日米会議・ハンガートーク01 / 100_承_2005_10_14 居住区休日・孤児院2回目01 / 120_承_2005_10_19 デモ隊との交渉01 / 130_転_BETA大規模再襲撃01 / 130_転_BETA大規模再襲撃03,legacy-tsv,2083,unclassified,61,旧 TSV 专名词库；不能按文件名认定全系列通用；仅证实在本作出现；译法、单字子串及称谓语境仍需审定。
女の子,女孩,candidate,040_承_2005_10_07 デブリーフィング・顔合わせ01 / 050_承_2005_10_08 軍葬・ハンガー・宿舎01 / 080_承_2005_10_12 孤児院1回目・まりも不在01 / 100_承_2005_10_14 居住区休日・孤児院2回目01,legacy-tsv,2084,unclassified,6,旧 TSV 专名词库；不能按文件名认定全系列通用；仅证实在本作出现；译法、单字子串及称谓语境仍需审定。
松風,松风,candidate,040_承_2005_10_07 デブリーフィング・顔合わせ01 / 050_承_2005_10_08 軍葬・ハンガー・宿舎01 / 060_承_2005_10_10 まりも・警備任務プレ01 / 080_承_2005_10_12 孤児院1回目・まりも不在01 / 100_承_2005_10_14 居住区休日・孤児院2回目01 / 120_承_2005_10_19 デモ隊との交渉01 / 130_転_BETA大規模再襲撃02 / 130_転_BETA大規模再襲撃03,legacy-tsv,2088,unclassified,33,旧 TSV 专名词库；不能按文件名认定全系列通用；仅证实在本作出现；译法、单字子串及称谓语境仍需审定。
職員,工作人员,candidate,080_承_2005_10_12 孤児院1回目・まりも不在01,legacy-tsv,2092,unclassified,3,旧 TSV 专名词库；不能按文件名认定全系列通用；仅证实在本作出现；译法、单字子串及称谓语境仍需审定。
声,声音,candidate,020_起_第６次シアトル防衛線01 / 040_承_2005_10_07 デブリーフィング・顔合わせ01 / 050_承_2005_10_08 軍葬・ハンガー・宿舎01 / 060_承_2005_10_10 まりも・警備任務プレ01 / 070_承_2005_10_11 物資受取・雫・エレン01 / 080_承_2005_10_12 孤児院1回目・まりも不在01 / 090_承_2005_10_13 まりも日米会議・ハンガートーク01 / 100_承_2005_10_14 居住区休日・孤児院2回目01 / 110_承_2005_10_18 市街地警護任務1・空振り01 / 130_転_BETA大規模再襲撃01 / 130_転_BETA大規模再襲撃02 / 130_転_BETA大規模再襲撃03,legacy-tsv,2100,unclassified,32,旧 TSV 专名词库；不能按文件名认定全系列通用；仅证实在本作出现；译法、单字子串及称谓语境仍需审定。
浅葱,浅葱,candidate,010_序章_響の悪夢01 / 050_承_2005_10_08 軍葬・ハンガー・宿舎01 / 070_承_2005_10_11 物資受取・雫・エレン01,legacy-tsv,2103,unclassified,8,旧 TSV 专名词库；不能按文件名认定全系列通用；仅证实在本作出现；译法、单字子串及称谓语境仍需审定。
隊員,队员,candidate,130_転_BETA大規模再襲撃02,legacy-tsv,2106,unclassified,1,旧 TSV 专名词库；不能按文件名认定全系列通用；仅证实在本作出现；译法、单字子串及称谓语境仍需审定。
隊長,队长,candidate,010_序章_響の悪夢01 / 020_起_第６次シアトル防衛線01 / 040_承_2005_10_07 デブリーフィング・顔合わせ01 / 050_承_2005_10_08 軍葬・ハンガー・宿舎01 / 060_承_2005_10_10 まりも・警備任務プレ01 / 070_承_2005_10_11 物資受取・雫・エレン01 / 080_承_2005_10_12 孤児院1回目・まりも不在01 / 090_承_2005_10_13 まりも日米会議・ハンガートーク01 / 110_承_2005_10_18 市街地警護任務1・空振り01 / 120_承_2005_10_19 デモ隊との交渉01 / 130_転_BETA大規模再襲撃01 / 130_転_BETA大規模再襲撃02 / 130_転_BETA大規模再襲撃03,legacy-tsv,2107,unclassified,84,旧 TSV 专名词库；不能按文件名认定全系列通用；仅证实在本作出现；译法、单字子串及称谓语境仍需审定。
担当官,负责人,candidate,060_承_2005_10_10 まりも・警備任務プレ01,legacy-tsv,2111,unclassified,1,旧 TSV 专名词库；不能按文件名认定全系列通用；仅证实在本作出现；译法、单字子串及称谓语境仍需审定。
男,男性,candidate,040_承_2005_10_07 デブリーフィング・顔合わせ01 / 050_承_2005_10_08 軍葬・ハンガー・宿舎01 / 060_承_2005_10_10 まりも・警備任務プレ01 / 070_承_2005_10_11 物資受取・雫・エレン01 / 080_承_2005_10_12 孤児院1回目・まりも不在01 / 090_承_2005_10_13 まりも日米会議・ハンガートーク01 / 100_承_2005_10_14 居住区休日・孤児院2回目01 / 110_承_2005_10_18 市街地警護任務1・空振り01 / 130_転_BETA大規模再襲撃01,legacy-tsv,2112,unclassified,25,旧 TSV 专名词库；不能按文件名认定全系列通用；仅证实在本作出现；译法、单字子串及称谓语境仍需审定。
帝国欧州派遣軍,帝国欧洲派遣军,candidate,090_承_2005_10_13 まりも日米会議・ハンガートーク01,legacy-tsv,2118,unclassified,1,旧 TSV 专名词库；不能按文件名认定全系列通用；仅证实在本作出现；译法、单字子串及称谓语境仍需审定。
帝国軍兵士,帝国军士兵,candidate,070_承_2005_10_11 物資受取・雫・エレン01,legacy-tsv,2124,unclassified,1,旧 TSV 专名词库；不能按文件名认定全系列通用；仅证实在本作出现；译法、单字子串及称谓语境仍需审定。
楠本,楠本,candidate,040_承_2005_10_07 デブリーフィング・顔合わせ01 / 050_承_2005_10_08 軍葬・ハンガー・宿舎01 / 060_承_2005_10_10 まりも・警備任務プレ01 / 070_承_2005_10_11 物資受取・雫・エレン01 / 080_承_2005_10_12 孤児院1回目・まりも不在01 / 090_承_2005_10_13 まりも日米会議・ハンガートーク01 / 100_承_2005_10_14 居住区休日・孤児院2回目01 / 110_承_2005_10_18 市街地警護任務1・空振り01 / 120_承_2005_10_19 デモ隊との交渉01 / 130_転_BETA大規模再襲撃01 / 130_転_BETA大規模再襲撃03,legacy-tsv,2130,unclassified,27,旧 TSV 专名词库；不能按文件名认定全系列通用；仅证实在本作出现；译法、单字子串及称谓语境仍需审定。
兵士,士兵,candidate,070_承_2005_10_11 物資受取・雫・エレン01,legacy-tsv,2139,unclassified,5,旧 TSV 专名词库；不能按文件名认定全系列通用；仅证实在本作出现；译法、单字子串及称谓语境仍需审定。
悠陽殿下,悠阳殿下,candidate,060_承_2005_10_10 まりも・警備任務プレ01,legacy-tsv,2149,unclassified,3,旧 TSV 专名词库；不能按文件名认定全系列通用；仅证实在本作出现；译法、单字子串及称谓语境仍需审定。
柚香,柚香,candidate,020_起_第６次シアトル防衛線01 / 040_承_2005_10_07 デブリーフィング・顔合わせ01 / 050_承_2005_10_08 軍葬・ハンガー・宿舎01 / 060_承_2005_10_10 まりも・警備任務プレ01 / 070_承_2005_10_11 物資受取・雫・エレン01 / 080_承_2005_10_12 孤児院1回目・まりも不在01 / 090_承_2005_10_13 まりも日米会議・ハンガートーク01 / 100_承_2005_10_14 居住区休日・孤児院2回目01 / 110_承_2005_10_18 市街地警護任務1・空振り01 / 130_転_BETA大規模再襲撃01 / 130_転_BETA大規模再襲撃03,legacy-tsv,2150,unclassified,84,旧 TSV 专名词库；不能按文件名认定全系列通用；仅证实在本作出现；译法、单字子串及称谓语境仍需审定。
労働者,工人,candidate,050_承_2005_10_08 軍葬・ハンガー・宿舎01,legacy-tsv,2154,unclassified,1,旧 TSV 专名词库；不能按文件名认定全系列通用；仅证实在本作出现；译法、单字子串及称谓语境仍需审定。
老人,老人,candidate,060_承_2005_10_10 まりも・警備任務プレ01 / 080_承_2005_10_12 孤児院1回目・まりも不在01 / 130_転_BETA大規模再襲撃01,legacy-tsv,2156,unclassified,5,旧 TSV 专名词库；不能按文件名认定全系列通用；仅证实在本作出现；译法、单字子串及称谓语境仍需审定。
和美,和美,candidate,080_承_2005_10_12 孤児院1回目・まりも不在01 / 100_承_2005_10_14 居住区休日・孤児院2回目01,legacy-tsv,2157,unclassified,3,旧 TSV 专名词库；不能按文件名认定全系列通用；仅证实在本作出现；译法、单字子串及称谓语境仍需审定。
イーグル,鹰,candidate,010_序章_響の悪夢01 / 040_承_2005_10_07 デブリーフィング・顔合わせ01,legacy-tsv,2158,unclassified,3,旧 TSV 专名词库；不能按文件名认定全系列通用；仅证实在本作出现；译法、单字子串及称谓语境仍需审定。
ウォードッグ隊,战犬队,candidate,050_承_2005_10_08 軍葬・ハンガー・宿舎01 / 080_承_2005_10_12 孤児院1回目・まりも不在01 / 110_承_2005_10_18 市街地警護任務1・空振り01,legacy-tsv,2159,unclassified,8,旧 TSV 专名词库；不能按文件名认定全系列通用；仅证实在本作出现；译法、单字子串及称谓语境仍需审定。
カロネード,卡洛内德,candidate,020_起_第６次シアトル防衛線01 / 040_承_2005_10_07 デブリーフィング・顔合わせ01,legacy-tsv,2160,unclassified,30,旧 TSV 专名词库；不能按文件名认定全系列通用；仅证实在本作出现；译法、单字子串及称谓语境仍需审定。
カロネード隊,卡洛内德队,candidate,020_起_第６次シアトル防衛線01,legacy-tsv,2161,unclassified,3,旧 TSV 专名词库；不能按文件名认定全系列通用；仅证实在本作出现；译法、单字子串及称谓语境仍需审定。
ドレイク,德雷克,candidate,020_起_第６次シアトル防衛線01 / 040_承_2005_10_07 デブリーフィング・顔合わせ01,legacy-tsv,2162,unclassified,69,旧 TSV 专名词库；不能按文件名认定全系列通用；仅证实在本作出现；译法、单字子串及称谓语境仍需审定。
ドレイク・カロネード,德雷克、卡洛内德,candidate,020_起_第６次シアトル防衛線01,legacy-tsv,2163,unclassified,2,旧 TSV 专名词库；不能按文件名认定全系列通用；仅证实在本作出现；译法、单字子串及称谓语境仍需审定。
強襲揚陸艦ボクサー,强袭登陆舰拳师号,candidate,070_承_2005_10_11 物資受取・雫・エレン01 / 090_承_2005_10_13 まりも日米会議・ハンガートーク01,legacy-tsv,2174,unclassified,3,旧 TSV 专名词库；不能按文件名认定全系列通用；仅证实在本作出现；译法、单字子串及称谓语境仍需审定。
大和,大和,candidate,130_転_BETA大規模再襲撃02,legacy-tsv,2178,unclassified,1,旧 TSV 专名词库；不能按文件名认定全系列通用；仅证实在本作出现；译法、单字子串及称谓语境仍需审定。
帝国連合艦隊,帝国联合舰队,candidate,130_転_BETA大規模再襲撃02,legacy-tsv,2180,unclassified,6,旧 TSV 专名词库；不能按文件名认定全系列通用；仅证实在本作出现；译法、单字子串及称谓语境仍需审定。
日本帝国欧州派遣軍,日本帝国欧洲派遣军,candidate,090_承_2005_10_13 まりも日米会議・ハンガートーク01,legacy-tsv,2181,unclassified,1,旧 TSV 专名词库；不能按文件名认定全系列通用；仅证实在本作出现；译法、单字子串及称谓语境仍需审定。
米国海軍戦術機母艦,美国海军战术机母舰,candidate,130_転_BETA大規模再襲撃01,legacy-tsv,2185,unclassified,1,旧 TSV 专名词库；不能按文件名认定全系列通用；仅证实在本作出现；译法、单字子串及称谓语境仍需审定。
米国陸軍第１軍団第６６戦術機甲大隊,美国陆军第1军团第66战术机甲大队,candidate,070_承_2005_10_11 物資受取・雫・エレン01,legacy-tsv,2186,unclassified,1,旧 TSV 专名词库；不能按文件名认定全系列通用；仅证实在本作出现；译法、单字子串及称谓语境仍需审定。
米国陸軍第６６戦術機甲大隊,美国陆军第66战术机甲大队,candidate,090_承_2005_10_13 まりも日米会議・ハンガートーク01 / 110_承_2005_10_18 市街地警護任務1・空振り01,legacy-tsv,2187,unclassified,3,旧 TSV 专名词库；不能按文件名认定全系列通用；仅证实在本作出现；译法、单字子串及称谓语境仍需审定。
ボーニング社,波音公司,candidate,040_承_2005_10_07 デブリーフィング・顔合わせ01,legacy-tsv,2189,unclassified,1,旧 TSV 专名词库；不能按文件名认定全系列通用；仅证实在本作出现；译法、单字子串及称谓语境仍需审定。
生産プラント,生产设施,candidate,060_承_2005_10_10 まりも・警備任務プレ01 / 080_承_2005_10_12 孤児院1回目・まりも不在01,legacy-tsv,2190,unclassified,2,旧 TSV 专名词库；不能按文件名认定全系列通用；仅证实在本作出现；译法、单字子串及称谓语境仍需审定。
ボクサー,拳师号,confirmed,070_承_2005_10_11 物資受取・雫・エレン01 / 090_承_2005_10_13 まりも日米会議・ハンガートーク01 / 130_転_BETA大規模再襲撃01,tda-shared-decisions,1,documented-user-decision,7,旧 TDA 交接记录已确认；仅在本作命中范围使用。
イーグル,鹰,confirmed,010_序章_響の悪夢01 / 040_承_2005_10_07 デブリーフィング・顔合わせ01,tda-shared-decisions,2,documented-user-decision,3,旧 TDA 交接记录已确认；仅在本作命中范围使用。
クレイン,鹤,confirmed,120_承_2005_10_19 デモ隊との交渉01 / 130_転_BETA大規模再襲撃02 / 130_転_BETA大規模再襲撃03,tda-shared-decisions,6,documented-user-decision,4,旧 TDA 交接记录已确认；仅在本作命中范围使用。
ウォードッグ,战犬,confirmed,050_承_2005_10_08 軍葬・ハンガー・宿舎01 / 060_承_2005_10_10 まりも・警備任務プレ01 / 080_承_2005_10_12 孤児院1回目・まりも不在01 / 110_承_2005_10_18 市街地警護任務1・空振り01 / 120_承_2005_10_19 デモ隊との交渉01 / 130_転_BETA大規模再襲撃01 / 130_転_BETA大規模再襲撃02 / 130_転_BETA大規模再襲撃03,tda-shared-decisions,7,documented-user-decision,68,旧 TDA 交接记录已确认；仅在本作命中范围使用。
大尉,上尉,confirmed,110_承_2005_10_18 市街地警護任務1・空振り01,tda-shared-decisions,13,documented-user-decision,5,旧 TDA 交接记录已确认；仅在本作命中范围使用。
