binding_id,kind,translated_text,cn_annotations,review_scope,jp_utf8_sha256,en_utf8_sha256
pm:vm:photonmelodies11.rio.004:1617564412:00000456:00001,cvm,【夕呼】「总之，新年快乐」<01>,[],layout_only,9bc7bea78cae5a64465f83d74afd60a67ee2bfbb72161e83adc768c680fca65b,f4e678a436beabadcce1bdb1749383627cd98a94eb1e420163577830bb3d44a6
pm:vm:photonmelodies11.rio.004:1617564412:00000512:00002,cvm,【众人】「新年快乐！」<01>,[],layout_only,70294467413a2cc5a320eb39f911c36345d14ccb9f23c961055772dbcab253f5,987838b634e80907889fcb9362385fe6c2443246f0012b494e2343a4da0c85b8
pm:vm:photonmelodies11.rio.004:1617564412:00000788:00003,cvm,【夕呼】「白银夺回作战，辛苦了。<0A>鉴现在不知去向，已经让人去找她了——」<01>,[],layout_only,6c63000da7d7160c5023c986f14da2b9fd0afa011adb9e44215947c268df1308,ac6afa243dc77f5c8eb0bb014c51c86b1f23729d2121e9474808e104f3ea44b9
pm:vm:photonmelodies11.rio.004:1617564412:00000832:00004,cvm,…………那家伙，到底飞到哪里去了？<01>,[],layout_only,4b39985f39140b69c212e152d9cc957e7963b183780ca8c11db2a31bf165271e,ddd6bd49b9f7a1e9fa3b92e2cdb72633d1184d8408cf08c6b3b657229c073eb7
pm:vm:photonmelodies11.rio.004:1617564412:00001064:00005,cvm,【夕呼】「——总之，先公布积分吧」<01>,[],layout_only,98120420e2a7bb56e32f1504b261f71a4ab490d9100bcf8ef844d1979dd890d2,a9646ac64a75845d6febc45987ece264418ad6686da15312a09990aa65cea68e
pm:vm:photonmelodies11.rio.004:1617564412:00001120:00006,cvm,【众人】「拜托了！」<01>,[],layout_only,b850ac4a79baeb9eee1fd5a0a9c7b46dafe419b93bd8e767b30f01c0dc99ca3b,d86efd299c36c328a4401e59e83c6f6f56fb53ad825b4e765fc6589180c779e2
pm:vm:photonmelodies11.rio.004:1617564412:00001164:00007,cvm,【武】「…………公布积分？」<01>,[],layout_only,c64a22795cbc2fa671c2bbe987140caa25543a76ec4e3e5a528aa486bb4ce728,3484cd2705ff6df87041de3d8596c288476b57b275a2e66fba2fd5d4ed2a1a43
pm:vm:photonmelodies11.rio.004:1617564412:00001532:00008,cvm,【霞】「那，那个…………其实…………」<01>,[],layout_only,2301a911152edb7ee61932d87d602daaf72be79eb9e2fc02e958a2522d8deae1,5d54968275d66f62356b693f0f28e64f5f58ea21463a0bcdd0bdf41e9658702e
pm:vm:photonmelodies11.rio.004:1617564412:00001892:00009,cvm,【武】「什，什么～～～～！！」<01>,[],layout_only,ce308f7d8baa62f5d6dd7467f46e25defea8518968972e735abb918f952fc7a7,d2c3721d0a3184ff00cd3548444e440da016176aa7094f006b58ba647941cbf2
pm:vm:photonmelodies11.rio.004:1617564412:00002300:00010,cvm,【武】「新，新，新年初欢的权利是…………」<01>,[],layout_only,249b99bbdc82160bcae6cc0892f12d89fd685c6dd1ca57deed93c99c2c3bf7ab,eb6c09fc2e93aff832254dea76ff67bbe607e84cc71a75f2620f97b60cb5bc08
pm:vm:photonmelodies11.rio.004:1617564412:00002356:00011,cvm,【夕呼】「白银，看来恋爱原子核终于也究极进化了吧？」<01>,[],layout_only,123cb6d933c7206324d200c9cfb2ebebc4a1a42cec3e45874cf62f887f517469,2ee845938167228d20e0063606d572315fa41d51f7773f290763f64a38d8cd89
pm:vm:photonmelodies11.rio.004:1617564412:00003488:00012,cvm,【武】「你，你们，知道这是什么意思吗？！」<01>,[],layout_only,b216b0854cff5705f08a1538bd950f2470111a4e5c383f43d43927e091dc473a,77add2e44703cb593c040b4e7f6359d530bb231750f5944525759effd2fcc5f3
pm:vm:photonmelodies11.rio.004:1617564412:00003604:00013,cvm,【众人】「当然！」<01>,[],layout_only,dcbcca0a51020fd7d65b425d6c57c53be5670e6357e7e7437369dd6265f2691c,ec0212888872def20be25ea6fc8bdcfcd0b7134ef015d2a68a426a45f3c975a4
pm:vm:photonmelodies11.rio.004:1617564412:00004056:00014,cvm,【武】「你们到底怎么了？<0A>脑子里是不是灌满了什么怪汁？<0A>大家，快醒醒啊～～！！」<01>,[],layout_only,ea9939ee7ec3ae150100b8022d269f47e24ecd5db3d9e52b72cdd3dc7733bb4e,d0e05c0143dc8a1ac445cd12850458d98bfb92f7f21f6f647f123b08af7a32ac
pm:vm:photonmelodies11.rio.004:1617564412:00004112:00015,cvm,【夕呼】「有什么不好，你不就只管享福吗？」<01>,[],layout_only,dbfe8c3f65b8be40760cec6999ae9d716465339a89e95ba156c213b2a547e555,ae0f49c41ca65e1e6cc158c05007fb20a0f97a0b7c263e7a08a87c02b0791eff
pm:vm:photonmelodies11.rio.004:1617564412:00004460:00016,cvm,【武】「根本不是这个问题！」<01>,[],layout_only,ea8154d16f45905635e10f6047aca28af03c2fe40130f6de881d9b9bd2aa1eb0,e235375e24764e49ed9e6f26440f6a75a27e050616a8e2ea68373a965683f6f1
pm:vm:photonmelodies11.rio.004:1617564412:00004692:00017,cvm,【夕呼】「那你说，是什么问题？」<01>,[],layout_only,4dfa89fcb73c0c5aa92346ba0584719124aa2c22eb5118203013f0934acec663,690fc6de7497c16c49fa0e8bffa08ae5a1ae151878bd078a16e3c7addeb8dfc4
pm:vm:photonmelodies11.rio.004:1617564412:00004872:00018,cvm,【武】「这，这个……………………对，对了！！<0A>我完全不知道事情经过！<0A>请给我解释清楚！！」<01>,[],layout_only,f25e6743d5084f6b6095fe52344b90da3477c842808ad3a8a60cdb67501f069d,7731a299db1e5ca67936696a11bc647a2811107f2c29113c1f34414de48bf6b5
pm:vm:photonmelodies11.rio.004:1617564412:00005104:00019,cvm,【夕呼】「驳回」<01>,[],layout_only,917f3347658168c00d540cd43956449678c951de40499a156e9d8fb7d4db9a79,5df8800babed89509b090a502116e80e9fed5fab932afd7ba982e33e196e6a5b
pm:vm:photonmelodies11.rio.004:1617564412:00005148:00020,cvm,【武】「为什么——！！」<01>,[],layout_only,36dbb4c287500e71c726539c690dec0e46dee394f59c33275d840a00350dfeaa,36efd1b0bfc477cc96fa9ea0f71f1236a1db25adbe01891387a4086df1d54f44
pm:vm:photonmelodies11.rio.004:1617564412:00005380:00021,cvm,【夕呼】「因为，除了你以外大家都知道啊？<0A>就算不知道，你也平安无事，不就行了吗」<01>,[],layout_only,8c0e376f83cc73c965738060853c7457eddb92c7d4903f0fdfbeb0465d787eb6,cd9398c06019b463b75aeafdfa2a68b1a12769a3e5b10f764491ff0cbe9777ce
pm:vm:photonmelodies11.rio.004:1617564412:00005424:00022,cvm,【武】「一点也不好！！」<01>,[],layout_only,0c4eb18d188f80811cbb2d0b1e9b3f3a240581f4f95a77971b2bf0489244ef09,57d850b7ae74eb9f62afe6951b3fbe6d3ce5c3629a09c56578eeee3a7ba20704
pm:vm:photonmelodies11.rio.004:1617564412:00005656:00023,cvm,【夕呼】「你以为只要问了，什么都能得到答案吗？」<01>,[],layout_only,d1710664713eb9fb6014d7c44a491c05fc44a4c3dd37e6450a1dd3efc7574f02,1e277e10b0174a76dcb4423a413db920a2b3f81961fc7383792cce015a07491b
pm:vm:photonmelodies11.rio.004:1617564412:00005700:00024,cvm,【武】「这跟刚才说的，完全是两码事吧！」<01>,[],layout_only,a490e00d899bb55c46c8beae19096de1955bea4e54d3fcfef589923fc3c61130,e60812cf075a572dc2c9a7c43b9dd9c3aee4eef47294da1fd7c470a34639724d
pm:vm:photonmelodies11.rio.004:1617564412:00006448:00025,cvm,【宗像】「…………真不像个男人。<0A>女人都已经有那个意思了…………」<01>,[],layout_only,2dc7f60a3edb6c21ec41539f34e71c85aa3a7cf8dba6532091a43babae4c8278,0fbacdba82c1dfc63790f71534647fb9141ea0fd8a4d88f8e7c524acbd2ced34
pm:vm:photonmelodies11.rio.004:1617564412:00006680:00026,cvm,【水月】「这就叫优柔寡断、没出息吧…………跟某人一样」<01>,[],layout_only,b41f071e94f5796829e6658cfb3cac55dc73f36110d426e55ff97e62e652885e,c5e4ef79a164048dc84d65a3b6d726393ebca22ceef2e9ef758b5ef81cdcb463
pm:vm:photonmelodies11.rio.004:1617564412:00006912:00027,cvm,【遥】「…………？你说谁？」<01>,[],layout_only,a0f56abf75d4c888f6da9a7f66873a99197353f231b5f9a0e07f183f378a5038,d067fca94e4b7eb502de2f5128c3464c1b5a211ce4d2ff2df54337927aa8f956
pm:vm:photonmelodies11.rio.004:1617564412:00007540:00028,cvm,【风间】「白银同学，人无论做什么，<0A>放弃…………不对，果断才是最重要的哦？」<01>,[],layout_only,85c88a646d26c0c9677f9aa63343b1525b05f21cda916849db8fb5db86ec5699,e5f6bdfcf1d5da2c9d0b2565be560161f48c7042a9ffc2ba179c636fff285687
pm:vm:photonmelodies11.rio.004:1617564412:00007584:00029,cvm,【武】「啊，你刚才是不是说了‘放弃’？！说了吧？！！」<01>,[],layout_only,40d5f32f20cceaf57bfce16c5946109dc212a1169ab04888ea8265443f4ae3f0,52e26680e6b7f5de0c0bab5c7643acdddff574160d2f374c4f5360e1ca7fa5bc
pm:vm:photonmelodies11.rio.004:1617564412:00007816:00030,cvm,【风间】「哦呵呵…………」<01>,[],layout_only,74dd22d02921c5ed703d5a4c35041fd5313f7c496d941cd8d7565a95988287e6,8f5d31630454b553c6e4aa0ea3f613111c70daf546268286ffa2565816ce2a9d
pm:vm:photonmelodies11.rio.004:1617564412:00008184:00031,cvm,【夕呼】「不管是放弃还是果断，<0A>都给我闭嘴听着！<0A>然后五分钟后…………」<01>,[],layout_only,3eb23f7eb528022e288c50baae423aae1950667ed046ccc6cabc54afeffd7f52,9e602da5b4636ab9cb08c6caa84a5e00cf44910d33cd4b86c2f8fba356a196dd
pm:vm:photonmelodies11.rio.004:1617564412:00008228:00032,cvm,【武】「五分钟后会怎样啊！！」<01>,[],layout_only,c44e7fcbf4a8f7ac759560558ad3563e35c5b8cbf13f197bde1941aca561d78b,caba1fcf27d16794fdc0c23b033283b8bf184d3c630cb711eb08408b4f693e4b
pm:vm:photonmelodies11.rio.004:1617564412:00008460:00033,cvm,【夕呼】「两头野兽就此诞生！！！」<01>,[],layout_only,ff8a7d43182ee79f61303b7ddd01b3f5dd3911220806a1efa3e146ac4129fd22,162444f6d43299e84cb1eb6594797c339057e054e757cf8c16f36d1c42bb092a
pm:vm:photonmelodies11.rio.004:1617564412:00008576:00034,cvm,【武】「谁会让那种事发生啊——！！」<01>,[],layout_only,2f8cddd38ca1f1b42cd467ea9b881890b4df3762492bbc8364429b145f28fc50,68200c4895785b9db5df7fd1ae83ae16e5a7cb88074b24b3cae319ab95079c06
pm:vm:photonmelodies11.rio.004:1617564412:00008832:00035,cvm,【美知留】「真是的…………老师，<0A>这事也稍微替他考虑一下吧」<01>,[],layout_only,8f584e7497ce8174bd2adb20b3c4f6aa108bcd6ea81a59c3144df54a77e6415f,af119927cbecd977144116ed62ae2a2e0a2b28abcde4e3e10809f54b9241a768
pm:vm:photonmelodies11.rio.004:1617564412:00009064:00036,cvm,【夕呼】「干什么啦～！认真过头的乖宝宝～～！！」<01>,[],layout_only,38fa932a6bc9a6a41178b86871dda1d7293a25ff27532d1bf2e55e6703739ae2,8a8c99434ce66d74129d222fc597beef27f96b73fa74b9d27225dfbddec4fdd1
pm:vm:photonmelodies11.rio.004:1617564412:00009244:00037,cvm,【武】「不，不愧是伊隅前辈！」<01>,[],layout_only,10994d70b20385803285a6febcebce0c5894d42fa2a994bb1d6d2edbe489c8b2,30546c645b2f09a1c6e9fba23179f8d00caef89399f33cde25fa83b948bc68ba
pm:vm:photonmelodies11.rio.004:1617564412:00009744:00038,cvm,【美知留】「他的体力也还没有恢复。<0A>这可是关系到男人尊严的问题吧」<01>,[],layout_only,245a940fdd149f039455d9143d762d2c968c52e82a3a722bc1e60f6ff17010d9,a3a56b326b565bae581d2e23c888ad20160be7ca1d192351c8b50fea52c22a4b
pm:vm:photonmelodies11.rio.004:1617564412:00009788:00039,cvm,【武】「啊？」<01>,[],layout_only,6f7b052f5ae1a1b4939047cb786f5b68b7fb6d553364ad53aa3845559824d4ff,b55249e3c0ee06935938d08a2f8a65d886e446dd4c309f96d3566d3e47b2f343
pm:vm:photonmelodies11.rio.004:1617564412:00010020:00040,cvm,【美知留】「毕竟这种时候，<0A>男人必须精力充沛才行…………<0A>尤其是下半身」<01>,[],layout_only,60cad3ade1aec1c29594491213068f4b71200cd9b53a1a3acb7546de739e6ebc,de9846b0eefe4d736b1cfdb3a65cef0b16ecd118b2726e6f4efc213b0c82f4bc
pm:vm:photonmelodies11.rio.004:1617564412:00010064:00041,cvm,…………连你也这样啊。<01>,[],layout_only,1b3075675b51fed5d68e3b5b583406b63c810bc7fd63a3d100c991ca73a4f8f2,499b85a3f10aa8f93ba9060b2c0540848e31a2df3df0fa5e6d52bb343a91cf04
pm:vm:photonmelodies11.rio.004:1617564412:00010420:00042,cvm,【夕呼】「啊，原来是这个问题。嗯嗯，<0A>这样的话我就懂了。<0A>那积分等鉴回来后再公布吧」<01>,[],layout_only,b89ff349c06f823a9637f7131cedc39e2fe484f48e2d1e5858f8a574c561e2f4,89b7dddac7b3e5854af2015b1320e8ee97b037ae8ce9455bebd85d0f8fa534d0
pm:vm:photonmelodies11.rio.004:1617564412:00010464:00043,cvm,不行了…………已经，拦不住她们了。<01>,[],layout_only,5e4db1956ebb60344d05c28813ab3f57928d711d636b0081504b6f5f73b47f2e,f31c2f2a33fd6bb0e5dc448311c0f03d2ab34591121f2b79c91214a1b12b70f4
pm:vm:photonmelodies11.rio.004:1617564412:00010520:00044,cvm,【夕呼】「在那之前好好恢复体力哦？」<01>,[],layout_only,15271d310f8e119b5d64a246b359da8a56d2e3dfe53af05ee744f1b3e893b9a2,74e043a3572d908c8b938eb6256689e72b346483921efad1baf9cfbb6e2518a6
pm:vm:photonmelodies11.rio.004:1617564412:00010564:00045,cvm,【武】「…………但绝不是为了那种事」<01>,[],layout_only,084bd7b65696ff658f6b63ebe19fda7db21467babfd44abb31a3e9dfaea3ca61,a6a2a2c9324e5800f05b7709f59a506a5d8264123a79c6a0723c241da23dcdff
pm:vm:photonmelodies11.rio.004:1617564412:00010620:00046,cvm,【月咏】「那么，在此期间就由我们向您说明事情经过吧」<01>,[],layout_only,ffc0c06c78b8d7a1489bc6a712202638ab3845b60ff82ea05507e7626dec6598,0ee294e5d1da31a8b92e4193309d4c3b702d9b773be8aec1bb3de24145bbb85b
pm:vm:photonmelodies11.rio.004:1617564412:00010676:00047,cvm,【真耶】「那么请各位先去大浴场…………<0A>之后也已经准备好了餐点…………」<01>,[],layout_only,dee138b44c6a9fce6b466530398dbe6197cff8970882a49355275e56fc248b0a,aa5cf8b1c13dbd8954f6dd41cc201379617850529df57e2104459738a301e2b3
pm:vm:photonmelodies11.rio.004:1617564412:00010732:00048,cvm,【壬姬】「真的吗～～！」<01>,[],layout_only,12c9685c091c4da95a0f12b06f6938a64e08e82604db749c3c1f4c7060b6152c,2b522ba534dd2c0991dda32b661efd26a92c22da6dbcbd7a09ec9806ad9addb0
pm:vm:photonmelodies11.rio.004:1617564412:00010788:00049,cvm,【美琴】「哇——好期待啊！！」<01>,[],layout_only,9ab62dabab908a4661a514c87f17a0f31a8e2d9009d9003ee962bbe270ed4854,9005e37b2996ed35160cfc6a17e981a3ad31b6e3de7c7254e328507de3f2d73c
pm:vm:photonmelodies11.rio.004:1617564412:00011688:00050,cvm,【武】「啊…………真好啊…………」<01>,[],layout_only,c73012bfa63fed09ca53979adb9ebced9aa6e9c32548df2166ee529119d44154,f1adf257eeac92716668482c67bfee378ebc039f7716246902a2c3df9700cb4c
pm:vm:photonmelodies11.rio.004:1617564412:00012044:00051,cvm,【夕呼】「你不行！<0A>既然是你自己说想知道，就给我好好听着」<01>,[],layout_only,eaea537edc37883dd0967590937e7f6016581ed522b4b4c611850acf9a1f4d0d,8e4d650ae864110273af5d52959efac488d5a7a39917aafce8ede9e5c18ff057
pm:vm:photonmelodies11.rio.004:1617564412:00012224:00052,cvm,【武】「可，可是你看！恢复体力——」<01>,[],layout_only,e6815ad8bdeff1bc1602e6b870fad54ee8bfb5f8283d2169ec689f14139f9599,890fde84b2d06cf5feede7a6d3ad057c8258ffa199a6bad1b6f5ba22a63e7e61
pm:vm:photonmelodies11.rio.004:1617564412:00012456:00053,cvm,【夕呼】「别耍任性！」<01>,[],layout_only,6ef68faeeb70a81826e1bfa2bc0d5d809e21a05b13196fb7b40fc24e6a04d6e8,8e114260d0f341edaf7d40b1aa2e09c64a3897b31342aac867869c068c0b7ded
pm:vm:photonmelodies11.rio.004:1617564412:00012500:00054,cvm,【武】「诶诶诶？！」<01>,[],layout_only,ed72e91567d4a8c4e74954bdec18ae98a09a870e47e60b321479a98c047541cf,a5ca5630434497a46be6523443dd59bf072a64699d6bda58a13bba1b986e46aa
pm:vm:photonmelodies11.rio.004:1617564412:00012544:00055,cvm,任性的到底是谁啊——！！<01>,[],layout_only,912278d74b399bf6110cda552a559169f484968abedc954a2e24a56b260aaf86,ac77dbe4c7956a0328e2dd792869c18190d16f3822dad97d5a9b9ac8ed1624aa
pm:vm:photonmelodies11.rio.004:1617564412:00012776:00056,cvm,【夕呼】「那我们走吧～～」<01>,[],layout_only,da1fe1dc8ec4f349f1059f1b44a3b0746816e066be9fdac4ad0e04dc176b7cb5,1908ea30cbcf7c0e8d3d450810db44ff3a1de0b526c126277e62369a8a65fe6e
pm:vm:photonmelodies11.rio.004:1617564412:00012928:00057,cvm,【武】「可恶！太不讲理了！<0A>这算什么啊，完全搞不懂！！」<01>,[],layout_only,b6c6211eaca091263b618ae8e26e07999d452d2ab90e30f76ad44ff70093884d,4e03c31d59bfe4dd8534cf8b6effc6656db50801cdc7e53c8e0defdbf3f0eeba
pm:vm:photonmelodies11.rio.004:1617564412:00015348:00058,cvm,【夕呼】「就算你搞不懂，也不会有任何改变。再见啦～～！」<01>,[],layout_only,b6c769206c34c34f94f553d68530a0e3e119513641bf9b6e3861df43b7d906a5,7226b05720670af5f99a4405071dc4626cad5bcad518c1331fb2da7891e9eea6
pm:vm:photonmelodies11.rio.004:1617564412:00015660:00059,cvm,唔唔唔……………………<01>,[],layout_only,239fe56eaca23fc8cbc892a326835da3830f12a1bda7b6ca320c4b7b41c99278,94478105bcbb09a9b506c9b8b9a0491408931a061a925b3204a56869edf75029
pm:vm:photonmelodies11.rio.004:1617564412:00016776:00060,cvm,【武】「可恶～～」<01>,[],layout_only,cf7ab390c77f21de8051d779b3edbbffaf6e1915fecc0ac927e30d772d35b723,5c6d4e7b345be02cade355faea3ee0b12c7babac8b2fe4deca8a983fe867aa23
pm:vm:photonmelodies11.rio.004:1617564412:00017272:00061,cvm,【悠阳】「……………………武先生」<01>,[],layout_only,ae036536465a32f93b26410f5f0d6209559806ca746c3fb4a4b7817aa2f66c04,6d8a8311daeec29ac218eecbcb8d71b4bc76692bcf3068c60bc949b9f8d11ed3
pm:vm:photonmelodies11.rio.004:1617564412:00017316:00062,cvm,【武】「嗯？」<01>,[],layout_only,6f5168f44f03ec612149cedef5338508aa6a27acf347972463e8012d2f9d7f92,15724e6f770415469d24e77dff39459d6b7a628ff759680c2c41e12789eb1b10
pm:vm:photonmelodies11.rio.004:1617564412:00017372:00063,cvm,【悠阳】「不管怎么说，这次的事…………实在非常抱歉——」<01>,[],layout_only,dbb7f26851d83492e6946dc8ba5f07b8cfd73bd011d82bd8de8608cd886330f0,79b32c8f48fe23121b6ce6bd1bf8820cd8c1b40edb2fcae642830810333e94a7
pm:vm:photonmelodies11.rio.004:1617564412:00017416:00064,cvm,【武】「啊，不，那些就算了。<0A>只要谜团能解开，我就满足了」<01>,[],layout_only,b04e6d260b69b54c5e6a989a6f4976d389c26444ca7a30d5ba7b071f60a06e1f,44bd65679046af2a583547b08c5588a3dd1c2606a25876436463fc22fbad3570
pm:vm:photonmelodies11.rio.004:1617564412:00017472:00065,cvm,【冥夜】「武…………」<01>,[],layout_only,a5f9d5d7bb7b9285f16dbb5c5136e74ce0637cd202eac68459fb77d565338d3d,a079b4b01a6d63f18fc849ee0395d4dea699a8cecca15dcb4f365460ec8f1516
pm:vm:photonmelodies11.rio.004:1617564412:00017516:00066,cvm,【武】「不过作为交换，事已至此，<0A>我可要把一切都问个明白哦？<0A>来，说给我听吧！」<01>,[],layout_only,0357b73de5427765296843aa380b73c639f0eedaf6aed965f1295df39e739859,2bd4ac005ff2f6b8335bc3031d3a928caffefd8ac832bd46573aab3dd75e81c8
pm:vm:photonmelodies11.rio.004:1617564412:00017572:00067,cvm,【悠阳】「是…………其实…………」<01>,[],layout_only,b8c1f3a77fe54659749fff25e6fd90ff56914e4a82aeae93ebaca14a4656cfb8,75aa15e6f0212c9f4c48f911e6ffbed7e79a34fafcdf556c18b8abfeba9e7cf8
pm:vm:photonmelodies11.rio.004:1617564412:00018540:00068,cvm,【悠阳】「那么，就让我们听听事情经过吧」<01>,[],layout_only,c5dd9af2cb337ef5e90d8df18b5fe474b44c6bd39117d404c62e1cf6f6449140,169c21e9cae17b507d9e19c6c0cdfd3b2884348a9e537be075bcc0886fefc9a0
pm:vm:photonmelodies11.rio.004:1617564412:00019064:00069,cvm,【拉达比诺德】「嗯。这是我们独自取得的情报…………」<01>,[],layout_only,3571a8fa23756aa1bd4b6bddcdc32f05117e9487b0eb308d24d89a82a7938343,6b75a87f399e9ccd586154739f8bf95e69d0cd992475f84377889984ec4f6f32
pm:vm:photonmelodies11.rio.004:1617564412:00019120:00070,cvm,【拉达比诺德】「十月底，<0A>在美国洛斯阿拉莫斯研究所，<0A>秘密进行了新型核弹的次临界试验」<01>,[],layout_only,6a9a145ba9a08554c08620b2abc3969fa5c79469f52ddb84fc35576c61c28902,e24e7c9ebf302fb814258a3c8ead2436533c904848bdd2f3038810ff16152366
pm:vm:photonmelodies11.rio.004:1617564412:00019184:00071,cvm,【沃肯】「——唔…………！」<0A>【伊露玛】「……………………！」<01>,[],layout_only,56cf06f14b148f47bfad7040479f97d2746bb22b662733e8f73b31833bf94d2a,da88cace4baeac4406501ab181e558301a54134c1a0fd76034f6e971aa060e75
pm:vm:photonmelodies11.rio.004:1617564412:00019268:00072,cvm,【拉达比诺德】「那项试验，<0A>有使CTBT——也就是《全面禁止核试验条约》<0A>沦为一纸空文的危险，<0A>是一种自以为是的——」<01>,[],layout_only,1ac7e07c8fd4c206d07f7cc55e676212f0b76eabc42dd3a5843dc0d7b5b5960c,1a457865c3a5c3903478ff17c3ee3f6bc93fdb57f157825afd27f18d275b025b
pm:vm:photonmelodies11.rio.004:1617564412:00019648:00073,cvm,【沃肯】「——请等一下！<0A>这种认识是错误的。<0A>我国始终是为了维护和平才——」<01>,[],layout_only,fcb88618e19e79c405366e839b7f84b66d2b848467025197e3d50e684284f42b,08a2bae4e9b25c5acba88a4aae3519fd635b5bcd410d6a0406c5c70e43e8167a
pm:vm:photonmelodies11.rio.004:1617564412:00019704:00074,cvm,【夕呼】「——好啦好啦。<0A>我对这种场面话和主义主张的交锋没兴趣」<01>,[],layout_only,116513570bf1343eb1ea1ca9d1f2c22a50da0fcad0bc7ca4cd60fd4a290fde88,b61e3b546c32eae0ae90db955badb2c7feb655b150b3369d8f1b63936518716b
pm:vm:photonmelodies11.rio.004:1617564412:00019948:00075,cvm,【沃肯】「…………唔」<01>,[],layout_only,70daf84dac1152fb795806f33ea01aa9d1c1536f260398d4596fb5ddbc10d211,b0e24037fbf72165fa2159c279b34e5f52ce0e21ccbc5e59b5adaa6a69065473
pm:vm:photonmelodies11.rio.004:1617564412:00020004:00076,cvm,【夕呼】「我想知道的是，<0A>你们寻找的东西究竟是什么，<0A>以及它和御剑有什么关系」<01>,[],layout_only,bd7f461e405d3fec8d0b2bc470abd562276572c0b60eb52c559900dbc25d43ff,4a6531422994661599c9448ea94c868a82aab327c18ee27160f41c69105755a7
pm:vm:photonmelodies11.rio.004:1617564412:00020248:00077,cvm,【拉达比诺德】「明白了。<0A>那么首先，说说我们正在寻找的东西——」<01>,[],layout_only,7161a5c0d576caf56f4f3a9127e255998bcec220df3fa65b7d9f110c1c1ee323,04f29e31b85fbf45c845715a9de0806f2f16270cacf4adb9cb4abb2bcd23e0f9
pm:vm:photonmelodies11.rio.004:1617564412:00020628:00078,cvm,【沃肯】「——等等，那是——！」<01>,[],layout_only,96bef87cb2bc27b942a7889be3a3103d3c71ca6b064f3273635cc9a2ac455c6e,9d936e55c76f287bee04f3ca1f9ba8e2c6c5c9e09be14e0a27090ecd314e3e5d
pm:vm:photonmelodies11.rio.004:1617564412:00021180:00079,cvm,【皮亚蒂芙】「…………据推测，<0A>那是一座应用中微子特性的设施——<0A>不，应该说是装置」<01>,[],layout_only,4ef3d86a1a5500505d06eba7bfa4cba66d145938ba8e7e7cdd2921be58d93e11,ab1a968d879d64b76bcd6f45ac1213ffa34ae8690a7354ed071924d13cd775d0
pm:vm:photonmelodies11.rio.004:1617564412:00021236:00080,cvm,【沃肯】「——唔…………你这家伙…………！」<01>,[],layout_only,dc0aec41262b402bf052f3b6633fdc2e668e27678ec7577a200252b2b9c3c3f4,25b9f9903cd9a97e8e9b4ec30705559cb17c331ae12a7af3ed055173d6193124
pm:vm:photonmelodies11.rio.004:1617564412:00021488:00081,cvm,【夕呼】「中微子…………？用来做什么？」<01>,[],layout_only,4068182bf24b55320205298f32556a1a5550ed0bfe993555f3370516eccf00ab,95efe9dab0c72368e3c67c4ccba140024c82f47b5d4a28f6ab88d1aec7adcf6a
pm:vm:photonmelodies11.rio.004:1617564412:00021984:00082,cvm,【拉达比诺德】「简而言之，<0A>这台装置能让全世界的核武器失效，<0A>是一项划时代的发明——」<01>,[],layout_only,2ac739aca4215e8060adfff934d3770f59f16017b5627bc95a579724ef0798f8,0daf1e4388ea6e63033c3d118a46004b21f7df8de8e18f7f5bd6c999858d7083
pm:vm:photonmelodies11.rio.004:1617564412:00022040:00083,cvm,【悠阳】「让核武器…………失效？」<01>,[],layout_only,31009269875d878631e6b17efa32caa1528fac49a3928f6d428ca736a9c67fe7,afc8572f8badc66140ca9927f53d096846d7775f973ef594cd101c54036594ef
pm:vm:photonmelodies11.rio.004:1617564412:00022096:00084,cvm,【拉达比诺德】「嗯。<0A>若能投入实用，世界和平似乎<0A>就将迎来一个新时代…………<0A>但事实，并非如此」<01>,[],layout_only,88259ed7b5c3872e5396288a500c786a23d514ac4372b1a778fe149d66822660,770f8d3b9cbca323801f7ad98c62e8ebfa5f74cb0e57b6299b1a4c4502706291
pm:vm:photonmelodies11.rio.004:1617564412:00022152:00085,cvm,【纯夏】「咦…………？」<01>,[],layout_only,63ceaf71aec8bdfb475e14518a17334298ece2a9428832ddb4900badd55c3454,a696ba7d4b6471d2cda3bd3784cc38dbf493c230788f5eccef96eb1cd8b52bec
pm:vm:photonmelodies11.rio.004:1617564412:00022208:00086,cvm,【拉达比诺德】「那台装置即使留在原地，<0A>也能让地球上任何地方的核武器失效，<0A>是个不得了的东西」<01>,[],layout_only,bef35fbbf3cad3a66758fc6813bd2c1fdc34319c3e950bbae3ea71427fec93f6,c15616662f4a336c885a27feff98c6a1c30c125fe8add0658840ce3d3215855b
pm:vm:photonmelodies11.rio.004:1617564412:00022264:00087,cvm,【拉达比诺德】「换个角度看，<0A>这等同于创造出一种<0A>能让单一国家垄断核武器的新武器」<01>,[],layout_only,110d74828e7c2ae34aa8f53e9d46cc733fbea50ed0d2d3dd7ca7bf093bd83523,e82fa7493d49e504c0d6240411818f535129a64ab218807b8d8c5b7c31a3366d
pm:vm:photonmelodies11.rio.004:1617564412:00022320:00088,cvm,【千鹤】「…………到底…………<0A>那种事要怎么做到…………？！」<01>,[],layout_only,c88f201429761d74fa3b25f5736fe7150d8cdd53e648a2ba14abb34aca6468cc,e0eac909c317901402755db239ef7aee6b5a76d4291b1b7da8c21c933c11c2a3
pm:vm:photonmelodies11.rio.004:1617564412:00022916:00089,cvm,【皮亚蒂芙】「核武器本质上是<0A>让中子作用于超过临界质量的裂变物质，<0A>使其发生反应，<0A>从而释放巨大能量的装置」<01>,[],layout_only,82fba19f99655c709e4af0ca12f7a470873b069bae5cca5e664768b2a30606a2,db386ee26cf33de17f1d78250c3adcf34cd3942a537f808ce6991748e3ba80a7
pm:vm:photonmelodies11.rio.004:1617564412:00022972:00090,cvm,【皮亚蒂芙】「但要控制这一反应，<0A>需要高度的技术。<0A>这就是即使明白原理，<0A>也无法轻易制造核武器的原因」<01>,[],layout_only,73a3a40ccfa937aaa4fed11ab3abf9f088f2321c0be61e56b665527b0aca3b31,0caed32188433d61151aaa54c966a5fbd31de3dc027ab6dbb1ac31fe566d0077
pm:vm:photonmelodies11.rio.004:1617564412:00023028:00091,cvm,【皮亚蒂芙】「若控制不够完善，<0A>核武器就会产生类似所谓不完全燃烧的状态。<0A>这被称为『不完全核爆』」<01>,[],layout_only,964e53dec3bd2d7e3b735220347a5f7f85e9a3e4a4387e84856290a43f977ae7,84424c92088d0d0b320ef1724c7d842f32b5d12226bef42a06423f46d6d26afd
pm:vm:photonmelodies11.rio.004:1617564412:00023084:00092,cvm,【皮亚蒂芙】「不完全核爆的威力，<0A>只有该武器原本威力的百分之几」<01>,[],layout_only,f56d076557a0f6d5c90d432a5d6162fd6dfc552e03d51048a82d20209996b05e,994647f7f788c3f067b11e38cda3f39e48b2c5f1442f49d1d4abe11ab2eb5a32
pm:vm:photonmelodies11.rio.004:1617564412:00023140:00093,cvm,【千鹤】「也就是说，<0A>如果能从外部任意引发这种不完全核爆，<0A>核武器就会失去作用，对吧？」<01>,[],layout_only,37a19df2585c45277fc1c7e390097a39333bbc091b240ed4c3e5206d06503f5a,c22b807d7e85c3ab63cfdeae8dc76ad89a1f347f2c405e9e408da79ac4de7ec1
pm:vm:photonmelodies11.rio.004:1617564412:00023448:00094,cvm,【皮亚蒂芙】「正是如此。<0A>但是，若只是直接照射中子，<0A>从现实层面看并不实用」<01>,[],layout_only,60fa2d1c808b89df808ea70ae297050e7f196479f1504ec0beaa732740ec37a0,9fd62fe79557af18fe4fba41501c6b9f9021c12259ffab06112f702c98318369
pm:vm:photonmelodies11.rio.004:1617564412:00023816:00095,cvm,【夕呼】「那当然…………所以中微子就要登场了」<01>,[],layout_only,b908fdbb21f34d5e8650e3f8f421e9e808fb9816be6c5e8374f5d9678d15e8b7,e6416304005577004c6645075942eccdda78567c9660a5e3f8dabda88ef7ed15
pm:vm:photonmelodies11.rio.004:1617564412:00023872:00096,cvm,【壬姬】「…………听懂了吗？」<01>,[],layout_only,5592faa50448f81d2872af993ad3905cb26005eae65a7445aeb95e893920dd21,5f0e77cfe76eba6892da6304ac624b9f62a7458e776aa5ccb27f4875e8b6df1c
pm:vm:photonmelodies11.rio.004:1617564412:00023928:00097,cvm,【美琴】「完全没有…………」<01>,[],layout_only,a18367d8d09d22264a1672e156b6745d28df724da35b72d52a46ee7aaca7410b,579abad7a4b70b29d43cd31c4c9989facf195f668713e490464fdea14e9a5776
pm:vm:photonmelodies11.rio.004:1617564412:00024296:00098,cvm,【冥夜】「中子，会被厚重的铅或混凝土阻挡」<01>,[],layout_only,8189507ed6fbb10fc86c203fab05383e30aaa3629f2ac821a68907f3ef973eb3,4f012b6d230af16124629e859f0207f6f6211d1d52c7fd21025372c64beb9c09
pm:vm:photonmelodies11.rio.004:1617564412:00024352:00099,cvm,【冥夜】「此外，即使在大气中传播约10公里，<0A>其数量也会衰减到不足以引发不完全核爆…………」<01>,[],layout_only,2028e8cfb9a49e464d91c2ad62c05bf351fce6f4ca799fbf04e462f6451ec9d2,94b49edf649ff81a13ba74533da5763061f8db2d449332f329b99d672d03769a
pm:vm:photonmelodies11.rio.004:1617564412:00024584:00100,cvm,【冥夜】「也就是说，直接使用中子并不实用」<01>,[],layout_only,994b4f5686118a3c7575386d4cd63ad053cc9887ed6442f5a52dbefe5a3ca672,bc1ed6a3810232acc5e9bfb4065b891a2c5842a3169d009804cf3d881f8ff0ff
pm:vm:photonmelodies11.rio.004:1617564412:00024952:00101,cvm,【千鹤】「这样的话，就需要借助别的东西…………<0A>那就是中微子？」<01>,[],layout_only,3bd7ad196501133f754b30bd39f8503d9751dbf6bf49391a8697fc00bec5b3a1,0c14f4a4418be4a12fa68a2a3898d1b9ef9be97d53cccc1d585f3afda705ce2d
pm:vm:photonmelodies11.rio.004:1617564412:00025184:00102,cvm,【夕呼】「就是这样。<0A>中微子由于质量极小，<0A>能够穿透厚达数光年的铅墙」<01>,[],layout_only,f597a0a2e72a7fe24c4c62a26c14eec0972eae95ec4f8932223918b68b43249f,b523f4c9dfe3e8bf35305e81cc020a4a600ff4d2a9835caf118dc221c0732df0
pm:vm:photonmelodies11.rio.004:1617564412:00025240:00103,cvm,【柏木】「…………数光年？！」<01>,[],layout_only,3c4f822f8a1f84aeec22d34c5a4287a02db20cd88272127288b2977b95974be3,3dfd771c105a6f6bbafca81ba620d5cf17d0af77ddef9e9fecb5808d1a567aec
pm:vm:photonmelodies11.rio.004:1617564412:00025472:00104,cvm,【慧】「有多远？」<01>,[],layout_only,e78c69988234057769463e7836e16bb60383fb725e40435aba83319d88277715,a6e27ebd4e01e2b331832ed585f783d70965e8d09ada2aa589d434e7eed653b2
pm:vm:photonmelodies11.rio.004:1617564412:00025528:00105,cvm,【霞】「一光年约为9.46万亿公里」<01>,[],layout_only,3ca11fcd71da96e54875d6c7c42e284f94c13a983b13e45344affe1eba66b8be,97dd41304e516ef44f85a235348b209130445661f12054fa232f9f8503d94b1f
pm:vm:photonmelodies11.rio.004:1617564412:00025584:00106,cvm,【壬姬】「反而更听不懂了呢～根本想象不出来嘛」<01>,[],layout_only,072f93710597cb461e9fe7b3e285783910bf0fd25c1eac6f9508607d86f465fc,e85c130985c34d621a858ad091f0d780dd2ea037c2fc8a2d618112cfb101b5bc
pm:vm:photonmelodies11.rio.004:1617564412:00025816:00107,cvm,【夕呼】「总之，它就是能穿透那么厚的墙」<01>,[],layout_only,2a48b817e4059836a89781d19c649be5756cb8102adbdf70f6b0c8714eef7da9,0233b5aab20eb72bcc579621e0027483d5ce18bf3efe71db8e33d6b92debd876
pm:vm:photonmelodies11.rio.004:1617564412:00025872:00108,cvm,【夕呼】「此外，它不带电荷，<0A>与其他基本粒子的相互作用也很弱，性质稳定，<0A>据说发生反应的概率低于一万亿分之一」<01>,[],layout_only,a53bab38e60b047e50ad6e08df8696e643ec94828475dfb37a444639e87ba939,dcf03b3c63248fe6c2fb0618a11410e7d86b6763a147509217502f1a2072a911
pm:vm:photonmelodies11.rio.004:1617564412:00026104:00109,cvm,【夕呼】「顺便说，中微子会从太阳大量放射出来，<0A>我们每秒也会受到100万亿个中微子的照射哦？」<01>,[],layout_only,26a5beea107ace31671898db36fa114d49bd6262e378688495f656a013d48041,3f8ae6ab362fb1f71f79278e3d8c6998d9ddf8cd8bc5357b64ea5c6d15a6f3ce
pm:vm:photonmelodies11.rio.004:1617564412:00026160:00110,cvm,【纯夏】「100万亿个？」<01>,[],layout_only,a105cf7449c9c8b485f1e12b6767c14ff6489e9a8137de1c8c30b439aa4e6233,bdcd8debc6512ac4a7805ca36f5e2c4fa11480e04a254fc70a1e632d6fd154f7
pm:vm:photonmelodies11.rio.004:1617564412:00026392:00111,cvm,【慧】「从刚才开始净是万亿」<01>,[],layout_only,c8b457b56b163570e487f6ef7a02275776aa5ab10f8f85022374e46b5843b10c,57c0d25087f4fc4a4cbeb992f92d2eb3c427a74a19168e97bd3fb222030dd88e
pm:vm:photonmelodies11.rio.004:1617564412:00026448:00112,cvm,【夕呼】「没错，100万亿个。<0A>但据说人一生中大约只会发生一次反应。<0A>其余全都会直接穿过去…………<0A>就是这种东西」<01>,[],layout_only,729b1e4be496ff433f5772ea16b0043d84666cee5b1533b79ba6904ea87a95cd,0dcf67bef52b2391e13fb66060be28b9be1d7fe631453e308ff757b2bc222050
pm:vm:photonmelodies11.rio.004:1617564412:00026680:00113,cvm,【夕呼】「不过，这些中微子，能量越高，<0A>相互作用的概率也会越高…………」<01>,[],layout_only,88d57d1bdb47154c7aa5708d93d73e25adeda432b7db83b6c02159f83a7825f5,cbcf0c0eb4104ffb775ae749854027a72b904ac461442ad9f11476432661ddb3
pm:vm:photonmelodies11.rio.004:1617564412:00027048:00114,cvm,【霞】「这样的话，通过调节能量，<0A>就能使它们在任意距离<0A>与其他物质发生相互作用」<01>,[],layout_only,8f404a4b4a5b7d136ca2536601b6cf56fc857aac7d203282e4db3c2a78d51028,77c039f1f7f4c854ce749c9dc8f0fda5b7cd7215a55c4df2402f995831e4e25b
pm:vm:photonmelodies11.rio.004:1617564412:00027104:00115,cvm,【夕呼】「不愧是社。那么，中微子和中子之间有什么关联呢？」<01>,[],layout_only,e8dd2569f8b60f49550297a28e950e6e57fa399aad1c05de06f4c0aaaab62864,888d6c5af6014c09da75598f68f2fe2e17682d16043c5c58b107c130cfb76d2e
pm:vm:photonmelodies11.rio.004:1617564412:00027160:00116,cvm,【霞】「中微子撞击物质的原子核时，<0A>会产生以介子为主的强子簇射」<01>,[],layout_only,5908f56c2a3dadafeb4609fee90a2a69630f0652337a9881b01bf4cc6b42bba0,0511b692bd87b4b5c1be8b4cef9752ed1771a6cc39c210bba70f94362d7b4d83
pm:vm:photonmelodies11.rio.004:1617564412:00027216:00117,cvm,【霞】「这种强子簇射与其他原子核反应，<0A>会产生中子簇射」<01>,[],layout_only,f9c09c6ec1b59a86c3097e5d917fb72c7f701c56fd7361c376c1c49ce65d9a99,c6673f1111d71b7a64c43cddadaa4a673695276c5273bedd8573d48b44c9fb56
pm:vm:photonmelodies11.rio.004:1617564412:00027280:00118,cvm,【壬姬、美琴】「啊，原来如此！！」<01>,[],layout_only,4934467367fbe6d569c770f960259bbc49b5c9ed437e7f850eef2fe2d43e1bdb,ef3d6c5ad3a87f2391bda917ad49d2d0ad4cd7e0cdab91c66c875b0ff7b04c9a
pm:vm:photonmelodies11.rio.004:1617564412:00027676:00119,cvm,【夕呼】「对，回答得很好。说到这里就都明白了吧？」<01>,[],layout_only,a4d3c35f3b7d997c866da0525b8d5eac446be93806651cb8197345ffcc3e4c10,ab75e9ef5dec269dd5f738a421ba428a8212995b7f7db51fd74d106430b575a3
pm:vm:photonmelodies11.rio.004:1617564412:00027732:00120,cvm,【慧】「只要以高功率发射中微子，<0A>让它撞上地球另一侧的核武器就行」<01>,[],layout_only,7084ed21090454f8b9eb9ccf33366da585a925f552c46c12b30b7b3f36a927e5,a193d9c51a1f2448f81a4e4ca74e06debcccefbbf177ec492bd01932e51f7149
pm:vm:photonmelodies11.rio.004:1617564412:00028612:00121,cvm,【皮亚蒂芙】「正是如此」<01>,[],layout_only,6e50c641c5ce4432b3a0441f4453823fac6cd4184039b6338ac2a12040cab273,8f8d133cf0b6d8374b9ebcf8945589e499f4c4719a521c94259f9821a5e14eb5
pm:vm:photonmelodies11.rio.004:1617564412:00028668:00122,cvm,【夕呼】「原来如此～。<0A>造出了个挺有意思的东西嘛。<0A>然后呢？正题是什么？」<01>,[],layout_only,6096d4a1662aa8baeb6e80ba462c4d8d1316b032daef463be9a51f4f5d9f5657,373cd0bad19cdcff1f06c477ab7b3f35d2a4fa04230074631f8f27f6f3e66785
pm:vm:photonmelodies11.rio.004:1617564412:00029164:00123,cvm,【拉达比诺德】「嗯…………<0A>洛斯阿拉莫斯进行试验时，<0A>发生了险些酿成临界事故的状况」<01>,[],layout_only,9a421b4c38a31ea3bee54e5003a62e26b8e15629e0d74bd8cc9979f0c5362448,f83c7e1f9f9699d7b170b8c3776497a912cc1a617626b985f873d9abf71046af
pm:vm:photonmelodies11.rio.004:1617564412:00029220:00124,cvm,【拉达比诺德】「原因不明。<0A>唯一的线索，<0A>是记录中留下的高强度中微子反应…………」<01>,[],layout_only,636fc6330afb66b9993877b5a60b91f4ef974541ce4a085dfa8b3e4f27d8e0c2,2bd04b121924590f16ac87a5ee166be575ef8d08c3ca70b537056bfdc2c4772a
pm:vm:photonmelodies11.rio.004:1617564412:00029276:00125,cvm,【麻理茉】「咦？那是…………」<01>,[],layout_only,7457ada34fd710be088100bcc24192106f1256356390eb753c8e93d7bfd0cfa8,369a6491540207491aecc6f6477d9216a5dd4a5d214f5cf7b4e29fdbc48de658
pm:vm:photonmelodies11.rio.004:1617564412:00029332:00126,cvm,【拉达比诺德】「正是。<0A>只能判断有人向研究设施内的钚照射了中微子…………<0A>除此以外别无解释」<01>,[],layout_only,b158c2760c923935830a96cbb2d72e152fdbcf5953630879b3d0c4ffcd47bdc1,5fe4bbaee7b59c47ed4a790495371fa12c90ac760c8520f606c0175a7c2d22aa
pm:vm:photonmelodies11.rio.004:1617564412:00029388:00127,cvm,【沃肯】「……………………！」<01>,[],layout_only,dc54912f04184a62f0d2f68855fe16c03d86f3445c10a89265f02583b80f873e,7e70f94389f4c41a13c6d0d9fda3bd168f5b3072ed25cc009274bd0ff839e1ae
pm:vm:photonmelodies11.rio.004:1617564412:00029444:00128,cvm,【拉达比诺德】「后续调查发现，<0A>当时照射出的并不是中微子束，<0A>而是某种未知存在…………<0A>但那种射线束在同一时刻也被世界各国观测到」<01>,[],layout_only,fb04c5afd6885dddecbe1203a3e0c214d95e5570200d853b153e8335f31834eb,9eb1d4b54390cce8bc8d1e6103c0650437e0c32808bf666c36979c8ec4673476
pm:vm:photonmelodies11.rio.004:1617564412:00029500:00129,cvm,【拉达比诺德】「循着照射源追查下去，<0A>最后查到的地点是…………这里，日本」<01>,[],layout_only,f5d6564884fbb3fc7640b48d20180b46db68133050b00e85cb86a6b05a612157,edf36c9c8e102ce43c79ec6f9baf4f9cceb8c023d51a0a79f5ed3140874577f3
pm:vm:photonmelodies11.rio.004:1617564412:00029556:00130,cvm,【霞】「…………难道，那个照射源就是…………」<01>,[],layout_only,d69ca0ded9d32ab897af915970740e6ea850de67bc7ea96d2d5fb7e009645964,37ca1973b2cb1682d306ee077d47e17e5c4e62d17b1b810be953f876e36f3b6c
pm:vm:photonmelodies11.rio.004:1617564412:00029964:00131,cvm,【众人】「——微波炉？！！」<01>,[],layout_only,88e9ff160dfe73dd7ea47db73ddcc97a044c05030b295f77c6064e02ae746793,d835f961afa6b02c6c571c2d5904aea45e7cf6cfab464802903f1b9e36c773a1
pm:vm:photonmelodies11.rio.004:1617564412:00030020:00132,cvm,【拉达比诺德】「从结果看确实如此，<0A>但直到刚才为止，我们都没能得出这个结论」<01>,[],layout_only,d622c401d2ec910427a27883c0de6c1be1c54738bf9fda776b2e2bf62788d534,99886e2d65ca257d80bd6b5a27ea67edeb72a289383b85e019cd6def3f79c711
pm:vm:photonmelodies11.rio.004:1617564412:00030796:00133,cvm,【伊露玛】「那个照射源啊，<0A>不时会四处放射未知射线束，<0A>接连让核武器失效。<0A>因此拥核国家的军方人员乱成了一团」<01>,[],layout_only,4210c1736c1ad897afb012c5e4bde4037944d41bf05d629a207307724203e196,156f8856285e34181bd2b9778e7c9d107ebe84f448a669a2bc007c5c63d5bf27
pm:vm:photonmelodies11.rio.004:1617564412:00030852:00134,cvm,【纯夏】「——可，可是！小武家的微波炉不可能有那种力量！」<01>,[],layout_only,c0899e64bd9929bf3a5f490a81c906c09bb23a61707d29bdd32ec995ca3f416f,26432514f4629b15949c5796b6228a8c28776e64618c61a6ae3b392cb520bd9b
pm:vm:photonmelodies11.rio.004:1617564412:00030908:00135,cvm,【伊露玛】「谁都会那么想。<0A>所以要锁定它花了很长时间…………<0A>不，根本不可能做到」<01>,[],layout_only,c95b9234222a7e5b8c6ec366acfc226bcf6e1fa94abe706fcbac61419e178a92,5f3edb59f9a6ab09a2a472f69b9ed41e047535fa0f9cb6e8b0bee366fd679175
pm:vm:photonmelodies11.rio.004:1617564412:00031100:00136,cvm,【皮亚蒂芙】「在我们之间，<0A>因为目标被过多谜团包围…………<0A>所以被称作『恩尼格玛』」<01>,[],layout_only,b9cc4f5a457bc5a669c79fa039d1ede98dcf059608c27eab814f28407111717f,30590ae30b8b0b13154429c612b750ab4cb9e74c40d3dd988b6a4b62aff2432b
pm:vm:photonmelodies11.rio.004:1617564412:00031156:00137,cvm,【伊露玛】「不过，疑似照射源的坐标…………<0A>有这么广阔的混凝土平原，<0A>还有一座大宅邸…………」<01>,[],layout_only,21ebccc2bb890c7de2d3ff6794290e6cb001be86600af50eefc81b1e37000fe7,aa47eb18104e0cc5b25ff52d808afaf24e7e50526f7d4dcdad5778912fb67c25
pm:vm:photonmelodies11.rio.004:1617564412:00031212:00138,cvm,【伊露玛】「尤其听说御剑财阀的千金搬到了这里。<0A>我们便认为这里一定有什么……………………」<01>,[],layout_only,657ff38a1fa1ce4d28c6e2e0e05edecf14048cbfe0c04205a87356da3868e4e2,05c94eeb65295dc54089327247377098d1d7e87ec2a0e61f1dd8263da29b3a2c
pm:vm:photonmelodies11.rio.004:1617564412:00031268:00139,cvm,【皮亚蒂芙】「于是我们分别接到命令，以教师身份潜入了学校」<01>,[],layout_only,dac7864e3f8b04cfa6612d9aa82a95aa242a544d441db93ca79bc41fc0ce9835,757d90d23c0a5fe7e6648651567614fac81ffb7f18454def9cee72ee9552761c
pm:vm:photonmelodies11.rio.004:1617564412:00031324:00140,cvm,【夕呼】「查明那个『谜』在哪里，再把它带回来？」<01>,"[""谜:恩尼格玛""]",layout_only,0876be9e412d0443446e68c90d9b94d94a1d0101b953ef5c8387c765b077dfa2,b9308df3ef008d44765e0e7d53e1ecb36537418d6bb2d9b182219563f09f2208
pm:vm:photonmelodies11.rio.004:1617564412:00031840:00141,cvm,【皮亚蒂芙】「是的」<01>,[],layout_only,892763ef51551652c2d6f14737861d14a0bf51951c21c353ad4d26cd30d66308,e1e70b08144ee81e6e14cbef777c49a7b43b97dc669be8aeaeced6a10238cc04
pm:vm:photonmelodies11.rio.004:1617564412:00032092:00142,cvm,【伊露玛】「可结果呢，<0A>无论怎么与你们接触，还是什么也查不出来」<01>,[],layout_only,89d64b14ed897c72425b8bacb5ae1836546ab5cb5bcf8daaebc7cceb3d1f40af,b9fe8b0b4b18a87025494e99ae5ce799830c26e6809a7c6e564d1cb995ef966a
pm:vm:photonmelodies11.rio.004:1617564412:00032400:00143,cvm,【皮亚蒂芙】「后来又被香月老师察觉了…………」<01>,[],layout_only,77c8f3b1986ae54cb096c15ec1acf81f05e46d4ce8ab804a2dafdb7b3d7a6f0c,38a36600034ff39f284d5f1ccac894fd9f6eaf104979fd9de062af6d13843657
pm:vm:photonmelodies11.rio.004:1617564412:00032708:00144,cvm,【伊露玛】「还被她随心所欲地捉弄…………」<01>,[],layout_only,2f4361eb32124b07339e0740181d2b7391a8baa7c8222ab9245af59506980897,53a58bab8fa2a59fcdc8083673d63de3f047f765ea68679e732c88db3a64f7c6
pm:vm:photonmelodies11.rio.004:1617564412:00033176:00145,cvm,【皮亚蒂芙、伊露玛】「唉……………………」<01>,[],layout_only,363ac040ab5cc6f0b2bd151efb2d6b99145e52bf652fb800ebb67c9f2fdd8f09,0ca106eff7fde89a758cd5fd6413ac19735ee5a0090dd7ab8f961ba3a0b27ace
pm:vm:photonmelodies11.rio.004:1617564412:00033584:00146,cvm,【沃肯】「…………总之，以这种方式展开调查的，并不只有我们」<01>,[],layout_only,cbac272f6ba4c3c2aaad33c7844934687b71e777696bae81fe0964afeffb85f0,2bc1311b7813ed54ce54ec86ad365b43dc875da1197b24bf8b205313f7b8500e
pm:vm:photonmelodies11.rio.004:1617564412:00033640:00147,cvm,【柏木】「那就是…………TPF的查克·扎乌伯…………」<01>,[],layout_only,1f7b5acb09410502dcb06f6653815ac40f7df0ca23df57486eea724c221e5999,702daf95c4496edd4c8aa9215276e6e92a48382faa86ac541845eb9af4ee8963
pm:vm:photonmelodies11.rio.004:1617564412:00034008:00148,cvm,【拉达比诺德】「正是如此…………」<01>,[],layout_only,3463182e9510b919bccea347ea26b257fec874e32d9f0bb2e845584a94e492aa,ee1b1f733a381b20ef740729bb7716073a6456711de9b1dfda2b3eb03026ae6e
pm:vm:photonmelodies11.rio.004:1617564412:00034700:00149,cvm,【武】「…………没想到『谜』的真面目<0A>竟是拥有那种能力的机器…………」<01>,"[""谜:恩尼格玛""]",layout_only,2f15b53067c6d80733277d1ed0a47e950bbd1e0e48355b663e53721145575a8e,b67d209fcaf23ca1fcfc9ae5e349f67b51f4e1d0804acb18e19fff595b892fec
pm:vm:photonmelodies11.rio.004:1617564412:00034744:00150,cvm,那当然…………足以改写世界历史！<01>,[],layout_only,c828723dc2ee897aec0b80ffce877b7d302f7094d8dcdcda601fb0a4e619ecf8,b783b798031e6ac33761a58d3737886db579de6a0918a2edee8ab8a8241e9af8
pm:vm:photonmelodies11.rio.004:1617564412:00034816:00151,cvm,【武】「我们在毫不知情的情况下，一直使用着微波炉…………」<01>,[],layout_only,f996a29b93badd6989a83adb3eada8f641f65c2da5a89b99cb4ac3633dfcfafa,d95158736b7f5c303cad1b24d30ff07f01084442e8d0706c3f7754cd7565f2e8
pm:vm:photonmelodies11.rio.004:1617564412:00034872:00152,cvm,【悠阳】「正是如此」<01>,[],layout_only,e0227abe693a4884b4d978f20560650ade755244b6030d461f1c69c930646916,7da318eabe5a5b39cad6f03d69c75535be16eb16478dd197ad1ccf7876e304d3
pm:vm:photonmelodies11.rio.004:1617564412:00034916:00153,cvm,【武】「而且，每用一次，地球某处就会有一件核武器失效？」<01>,[],layout_only,7708628c7c05e1a980d40ee0f7695c5f0213ff3525c2349e69ef04fe005e4981,634eb62de2e10949bffa9d7f203a7e3556e2706035c2de7a210f1f402f477cba
pm:vm:photonmelodies11.rio.004:1617564412:00034972:00154,cvm,【冥夜】「正是如此」<01>,[],layout_only,49eafd3b8a2dc4314e20ad3b733ba31f98bc1c441b3d35269182974365d4d6e5,a53274218e8fb2985962db7d3e9682cbd3229d8ed57ed8f5a9ae349887170039
pm:vm:photonmelodies11.rio.004:1617564412:00035016:00155,cvm,【武】「…………我给你们做冷冻食品看的时候也是？」<01>,[],layout_only,89ebeacd98560acff646cb7de0e23d43b9ace8734df9cce534c42a725ee6137e,93482e02246658f0db9aac4e9a10fb9eb78c18f9c5e68d325c6c2f199d09216d
pm:vm:photonmelodies11.rio.004:1617564412:00035072:00156,cvm,【月咏】「是的」<01>,[],layout_only,b20e6af901fd4babef89013fdb2e2b3a3db4f22fff4af872542d8037c70a6398,3f0acb65c33d246db6e0da9127364610d80ebae323eb7d056eb9511b6297078e
pm:vm:photonmelodies11.rio.004:1617564412:00035116:00157,cvm,【武】「悠阳得意洋洋地用微波炉做早餐的时候也是？」<01>,[],layout_only,339577a85c812f160e09d57d1bc8e7025c01e433b04a056f735284e0433bca54,ebe46202048772677b6c41e0f7be5db223e9aaef7e33ba8e7fe5ec674c96307e
pm:vm:photonmelodies11.rio.004:1617564412:00035172:00158,cvm,【悠阳】「是的」<01>,[],layout_only,9dca1f718e00ffa26f6e670e0ccbda2a9f17944fd0eaa845a813639477ead579,8385319565b44356c1173c7249210cd37130483aea754ecdb9c57e5b7fe535c5
pm:vm:photonmelodies11.rio.004:1617564412:00035216:00159,cvm,【武】「还有…………」<01>,[],layout_only,a274c7e38914b9dd5c25f435e3062521a71b0167af7dd4c59de4ae2bb22e7ec5,8a30ed11114560371d7980bb93b5afe2b4b11c9c92f952558ce23b4fdd1e8b5d
pm:vm:photonmelodies11.rio.004:1617564412:00035448:00160,cvm,【冥夜】「原，原谅我吧。我也瞒着你稍微摆弄了一下」<01>,[],layout_only,7b0d1adff8af44769569e412093a060542da554e5bf7e54cdce9a96aa78be027,6e8b0e5460e61ee3311c4e3d01532cf218c81328e66c6105dbb8381f198f27b8
pm:vm:photonmelodies11.rio.004:1617564412:00035492:00161,cvm,【武】「…………那时候核武器也…………？」<01>,[],layout_only,3557de931a542bd5febaffa8a91730bf610114ae866ba04e3c0f213fb1b28a85,2a2734a9a2df2d93b5ab90fbee4ebeeae4d97166cbf7ab895fa1ef72357bd11f
pm:vm:photonmelodies11.rio.004:1617564412:00035724:00162,cvm,【月咏】「是的」<01>,[],layout_only,b20e6af901fd4babef89013fdb2e2b3a3db4f22fff4af872542d8037c70a6398,f8f67bccd998606a08ffd3286430ac2a4c58dc227c911c27da6d1478d4148f17
pm:vm:photonmelodies11.rio.004:1617564412:00035768:00163,cvm,【武】「……………………不会吧？」<01>,[],layout_only,8f3bb38d1d80bad3cbc55fe8429ef608c1a2e3130713051e9884278ef83b01e2,9108cb10eab1008c4ae168849b9a804d12221d512ce53bbd62239b14b50c2e55
pm:vm:photonmelodies11.rio.004:1617564412:00036000:00164,cvm,【冥夜】「是真的」<01>,[],layout_only,a92e514fd217e7db97a8b6285620e0e0ef85e28da8dc75850106c27801321637,ec3da99432b740eba8556d2ae5212794000cc0ecbe5a18dbb8b5ef2da368ded4
pm:vm:photonmelodies11.rio.004:1617564412:00036044:00165,cvm,【武】「可是啊！我家的微波炉，<0A>不过是好几年前从哪家店买来的便宜货吧？」<01>,[],layout_only,7d61ab68be4609eb12caf8202509b48f160aafce61d6ca0686807ce3a5a80ac6,6a167079222a9f9c140d0ff04b31c87a36627b90953d3bb27c75f9a34fa98568
pm:vm:photonmelodies11.rio.004:1617564412:00036088:00166,cvm,什么相机店也好，什么电器店也罢，<0A>怎么可能会卖那种不得了的机器啊！！<01>,[],layout_only,46c955f2388b6df1407df6e2bcef602e6fb3970056af0ca0cb3958fbd0f988b5,fdaa3662660e8a177024225de3398bfa36858e0bb7198c1bdff5d3096a900d53
pm:vm:photonmelodies11.rio.004:1617564412:00036320:00167,cvm,【月咏】「这个…………」<01>,[],layout_only,2f2dcef61bf040f4b32569d73038a7f7741e24a778500a2f0fc1c26c0b7a05cf,a889515eb768032b4cad4f0b10520cf5e2321f0ac438e7abdaf2bc5d1d68ad9b
pm:vm:photonmelodies11.rio.004:1617564412:00036672:00168,cvm,【武】「啊，说起来，扎乌伯那家伙说过，<0A>它已经不是我认识的那台微波炉了…………」<01>,[],layout_only,631a6930a4947a05616e4e06f2f09504009f9fa4fc343c45c7b6584cb9868792,b2e920bfb36d003ecc961d813ca6cb26eda60e70b31af8c90b3a978fc59dd8b9
pm:vm:photonmelodies11.rio.004:1617564412:00036904:00169,cvm,【悠阳】「接下来的事实在很难启齿…………」<01>,[],layout_only,dca59e203b71b96434703a63577f53dfeb52e010c5d1a0c1439350b52f3b877d,2c560a57bb8a5e92721a0c494d4265a0dcfaec7d8a81d323a6eb95e5de42e33f
pm:vm:photonmelodies11.rio.004:1617564412:00037524:00170,cvm,【武】「什么事？」<01>,[],layout_only,33e7a54c4d2044da731bd677d9331618fcb76a52fc7ef076788fe10b63db5e0b,0e2cf58a39009eab4fede7f85007c7c2ece0376ec30fd825555186b7b13fd8b2
pm:vm:photonmelodies11.rio.004:1617564412:00038020:00171,cvm,【月咏】「其实，神代、巴、戎她们…………」<01>,[],layout_only,d6b98abd6cdd142136f7c0b85c19498128a7bea55eea70c4e8cb6963bb6c5dbe,0a495849940d0fdcec7ba6b2795af436295e7682ea0b72ad93a977ff526413d6
pm:vm:photonmelodies11.rio.004:1617564412:00038200:00172,cvm,【武】「咦？她们？说起来，从刚才起就没看到人。<0A>去哪里了？」<01>,[],layout_only,7017fc83e1ad74afcd492a1bea51eae460374a7b6ad66b627e8aba6cafcd041e,99f679a0e3225c3b73e2bc6dbd0b2b72939e025d04a103453510d947ebb32924
pm:vm:photonmelodies11.rio.004:1617564412:00038432:00173,cvm,【月咏】「是的，她们正在反省室里深刻反省」<01>,[],layout_only,b1ba22e8880c6a0218a21c9290368685cec39612dc5e0ced914dba6c2e27c274,6b375dd135e58a1313f80ca400533f65d13f74a0e3f126c274f334fbe3080276
pm:vm:photonmelodies11.rio.004:1617564412:00038568:00174,cvm,【神代、巴、戎】「呜哇～～～！！！」<01>,[],layout_only,a104deda4c38adef4a7bbf5be54778180034d52106944e8cfd7d94db6acb1325,5817d123911ac8557277bfbc84fc10d688c03e33365dd0eaba63524f460b18eb
pm:vm:photonmelodies11.rio.004:1617564412:00038624:00175,cvm,【神代】「好黑啊～～！！」<01>,[],layout_only,ccf0e6d1c9145474b975fc31c2de9c0c845f738258f4852893cfe5d31908e8df,ab19bc5257277ce63935d03d83a88b0b7a71be4cf8c36bb05e50217a95995dbe
pm:vm:photonmelodies11.rio.004:1617564412:00038680:00176,cvm,【巴】「好窄啊～～～！！」<01>,[],layout_only,7aa7870c76de64beebe211bfa1011fcde68b7172f4cfa1a850650e8809320d30,0acf93a3a3d4d0074b1af0c04f905a315b5c1220de9ca7ba045fadefcc77b72e
pm:vm:photonmelodies11.rio.004:1617564412:00038736:00177,cvm,【戎】「好可怕啊～～～！！」<01>,[],layout_only,d49ab34872c19654aa4379629befd2afd762928318f42a813e91cd9db20239f5,edb5636d31b809ff9f3d30e89c68880e6c5e8ceebf2d435b4b47c0ab6d6bcae9
pm:vm:photonmelodies11.rio.004:1617564412:00039384:00178,cvm,【武】「…………她们到底干了什么？」<01>,[],layout_only,b80d312da1f3aa96518792fafd279c1c951688920cec9f8c95c2e306c8f4b10b,1703863470c4930677aa5b83f35810d17e2747a59a1d9a57335c9b213792b389
pm:vm:photonmelodies11.rio.004:1617564412:00039428:00179,cvm,…………话说，这宅邸里居然还有反省室这种地方。<01>,[],layout_only,4a50b8ff8ac2ea764604e1234d8706f0d4358a5b6254b475e76932fec9bc1e11,1dcd5efb96ea83c69d7cd713243ac8412040f6454054cf72809297518cce7af1
pm:vm:photonmelodies11.rio.004:1617564412:00039660:00180,cvm,【月咏】「听说她们把微波炉调包了…………」<01>,[],layout_only,fedbf1e061d7b2c0ead48d88f580c9c3d730e0e3ac975917abcb9668974e2fe0,2620087109b64fb7e2c9181094db8f3b087d51d1356d4dc3c9f2abefa01dedbe
pm:vm:photonmelodies11.rio.004:1617564412:00039704:00181,cvm,【武】「调包了？拿什么调包的？咦…………？<0A>难道是跟那台微波炉？」<01>,[],layout_only,218946c50f1f00b8fe5d056d386e76284720eff6590c107986abce187a24174d,75dbf73c5dcb50d9becc91d49361428cb67abda18b6a6ee6923b33a5b3a58cf3
pm:vm:photonmelodies11.rio.004:1617564412:00039936:00182,cvm,【冥夜】「好像是这样…………」<01>,[],layout_only,c43e298369a428a9ec2c6c8bd30bbd94029a4e2cfd612952636b558ddd34885b,85f4705da9598e288b219569424fb82a06c44a756cad22a7a5bd85b2f37e1cae
pm:vm:photonmelodies11.rio.004:1617564412:00040156:00183,cvm,……………………。<01>,[],layout_only,efa30788584cfea7ade60ccc37d7fc6cda943e64935eb133252c341159e58e05,0b3d7aae4004dc9b91522cf9245f879b48b6a3b3d3c28ecbba043ba8207a6df9
pm:vm:photonmelodies11.rio.004:1617564412:00040200:00184,cvm,【武】「那么，那台微波炉原本放在哪里？」<01>,[],layout_only,9f4947f55384e3bc29d7cfa549773a8ad12d2e72575d4d851883826a77ab94b9,ebcdb82f319db178447c0b1a90022a2b3f95ad3b6460ed86d6770a37f9767b92
pm:vm:photonmelodies11.rio.004:1617564412:00040244:00185,cvm,…………虽然我觉得这是个毫无意义的问题。<01>,[],layout_only,12570d858b13d549d967debba207cf3ac8d3ccb810ddafbb02a7e67cb043eaaa,bfe629577dc909dec360abc4697af76c47a0f0ba203943c06fd06aac220be34b
pm:vm:photonmelodies11.rio.004:1617564412:00040300:00186,cvm,【冥夜】「不妨说答案不言自明…………」<01>,[],layout_only,f1cef9a87e51028c75380645e63ace8a25fc16e4dffc89e41e4a98723722c667,802fa002f86be2b9dd51902c3ade320ff1f6b9ee61c1735ec84acbf0b1a6087b
pm:vm:photonmelodies11.rio.004:1617564412:00040344:00187,cvm,【武】「果然，是在你家啊…………。<0A>那么，她们为什么要调包？<0A>可别开玩笑说那几个家伙是为了世界和平啊？」<01>,[],layout_only,fd6f41d0d9da19f972b88f6551871852ce308ce0d9dcefa510e93140ce96522a,a286396caa0b2bd9d9692815e38ce61b4b726c156cd5f573098c973f3c8f3e67
pm:vm:photonmelodies11.rio.004:1617564412:00040400:00188,cvm,【月咏】「是…………据她们的证词…………」<01>,[],layout_only,515380ebe34b252f7342ab6b16092ca63868181d04678af57ebeb0bbf8615389,c58a18c58716cb94f574721e4bfb5361839a98c759cd209ff312ee5ebab5222e
pm:vm:photonmelodies11.rio.004:1617564412:00041076:00189,cvm,【神代、巴、戎】「…………啊」<01>,[],layout_only,776d991fcb27376cf0c08226c7ccd4fd1643dc86c28597390e8d7cb11cc09420,ebab7da0d8f0ebf01f0caede7d84b3822288204a2c41389b49e34f3c30a32227
pm:vm:photonmelodies11.rio.004:1617564412:00041156:00190,cvm,【神代】「它好像发出一声挺好听的响声，还冒烟了？」<01>,[],layout_only,515e470ef6c1a8cd6d82d3e6d34ebd0bbb3b016b2635b11fca24607ba403ae2a,89a6e8a16af192a57b032a7fda91eedf702690580f10cc21a96a049694e3612a
pm:vm:photonmelodies11.rio.004:1617564412:00041212:00191,cvm,【巴】「怎么了怎么了？发生什么了？」<01>,[],layout_only,5b3921f69825b7704fe3ebd0c2cdecd440f4380050f4848400e5c1b84ee27f47,e55c489708aaeed635e9efccbec8c0269734a028bdf92b9603eed4b6031a8270
pm:vm:photonmelodies11.rio.004:1617564412:00041268:00192,cvm,【戎】「它不就是这样的机器吗～？」<01>,[],layout_only,e13c583bab70ddd5b31682bfedb4b8ccb6d997f82aae92ae442a7d24675ab4f5,304442d82ab21030ac22f8c2ab72ac1d720468e58eaa56ac9ff00960266b50a9
pm:vm:photonmelodies11.rio.004:1617564412:00041324:00193,cvm,【神代】「是吗？」<01>,[],layout_only,647ca3314658b0a157ad063849dbe41b37e6be452536791b21159a02ede4d797,1669447e26c585869dbf51d15c7492d66d0714920cf910cd46bd08549f5a276e
pm:vm:photonmelodies11.rio.004:1617564412:00041408:00194,cvm,【巴】「…………可是，它一点动静都没有呢」<01>,[],layout_only,533f08ef01b66f9be9d3b9dc117d2d77565ff23cf2de7b3a186f57ff01e0af13,72cd1bc21c6b520de55491f2b910a1c0c1fd8fd191b28c88650721270a61eb2f
pm:vm:photonmelodies11.rio.004:1617564412:00041944:00195,cvm,【戎】「完全没反应了呢～」<01>,[],layout_only,01d864b3ea4794edb85c76bd85720d1ca3369ecf4a8ef00a3eca23ae79a803d4,dedd638a08f8d4ba917a8cbb1b4d97c5c17d04c51ebc21d1bef88e989531c174
pm:vm:photonmelodies11.rio.004:1617564412:00042908:00196,cvm,【神代】「咳！呜恶～…………这什么啊…………」<01>,[],layout_only,e90a8a295621e086fc974d44422a89b7bf9cb32f268cb578ffcb41952e0fc126,069cee5a3f680f66e01a96be55c24d34b01d1681da771bdbab4dd055b4fbedea
pm:vm:photonmelodies11.rio.004:1617564412:00042992:00197,cvm,【巴】「我说～～，这个，是不是就叫坏掉了？」<01>,[],layout_only,ba0e98f5aa2da13bc018577d9c1db3923fa9f0ee7c5bbc690bc030e806924741,d49d1cbeaf47077357157a4d01f1d67a3003cd7d40102a474f45f6411bc8d7e3
pm:vm:photonmelodies11.rio.004:1617564412:00043048:00198,cvm,【戎】「哎呀，真巧呢…………」<01>,[],layout_only,72c8a928c5aa3423008eb5b8f3c1516ac4c544a6c69ad5e2e35d857a3261976f,84e1777728615ea61672566f3c929fb30ceacc47fdb8af6f14a6a5d09b9052ec
pm:vm:photonmelodies11.rio.004:1617564412:00043104:00199,cvm,【神代】「嗯，我也在想同一件事」<01>,[],layout_only,13442902225492afe859619ce6e46e78049e184c5170711e1e7bd99e00de689d,5613ee56345fb368119814b3661734cf9a5c3644cee248d83d6d5b99476a2c28
pm:vm:photonmelodies11.rio.004:1617564412:00043160:00200,cvm,【巴】「啊，果然？」<01>,[],layout_only,971373ffc7a2de6937e9eadda9f645a98796cc3fa2753968d2602cb7fc1c7478,79ead12e7c3d7619db6f741c52ab69d78b6bf4341c3942f168cff9460d8f4ff4
pm:vm:photonmelodies11.rio.004:1617564412:00043216:00201,cvm,【戎】「确实怎么看都…………」<01>,[],layout_only,6661528f0c1873f94ae478d2fde53ea65f11b156ecea925c215b388110ca7435,cc959068f6255ab6b2f1dbe866b5460aa191f2c11fc9f92636274ba8c1d38927
pm:vm:photonmelodies11.rio.004:1617564412:00043292:00202,cvm,【神代、巴、戎】「是坏掉了吧～～」<01>,[],layout_only,69f1cdb3a892fe6de8335e7d5483bd246be662f8f9ad484dc5f3195d1150947c,7a4029915116d688811d5e6772ab75608bd1a9bd39d4ff42b091ab99f39e7d4d
pm:vm:photonmelodies11.rio.004:1617564412:00043336:00203,cvm,【神代、巴、戎】「………………………………」<01>,[],layout_only,2b22c681623542d209c683f30e1006cbc066a7fbdd1fd081194956f6632d8f2d,9ef8981ffd74f2ccb3dc1d7f8a945de8f4dacb4e4ac27d6663908710e68f06c8
pm:vm:photonmelodies11.rio.004:1617564412:00043780:00204,cvm,【神代、巴、戎】「呜哇～～～～！！怎么办——！！！」<01>,[],layout_only,7a0e4b2be2cb9cd2ad8e4f5440c4745eef595f88f1fc7d6b8209f601bad45141,80b96e636a40435f32f2a98d7dc0b67f469694a492983d9a195b8b4d057a842f
pm:vm:photonmelodies11.rio.004:1617564412:00044412:00205,cvm,【神代】「这这这这种事要是被真那大人知道…………」<01>,[],layout_only,40f5b31c8b2ef5c70f000798d7fea5c2749aba1b85033a08ff4fd109bbff310c,05fff82d63913b511c4eeb2a43beb91f94179780aca6eaef743e85e88352a7bb
pm:vm:photonmelodies11.rio.004:1617564412:00044604:00206,cvm,【巴】「会，会怎么样？」<01>,[],layout_only,3d2728262304504c91a424c790b1354ea0d75566c30dfeb7d0a877c305d83051,bb5ef6f1b489bb6884fac2bd176e24ec14094cc2b2cdf2c1dc0f20a39bb70a4b
pm:vm:photonmelodies11.rio.004:1617564412:00044828:00207,cvm,【戎】「根本无法想象啊～！」<01>,[],layout_only,c400a9165d3ec96d1de323f7968b665409332484fa21a26d5288e42ececb0277,c1f06fe43971ffb5d9f98c6174d51c8df8d042ac9de164abf7a402bb29496335
pm:vm:photonmelodies11.rio.004:1617564412:00045416:00208,cvm,【神代】「怎么办？要赔偿吗？」<01>,[],layout_only,3e3cc29377c81cbf78a0a5018cd8d287c75c83f2e11fcaddf8e3c33062e9dacd,d1be347994f044673404a0a3f9435db7182330d81401704a0b01f4e955f75c23
pm:vm:photonmelodies11.rio.004:1617564412:00045608:00209,cvm,【巴】「可是这个，到底是什么？<0A>做什么用的机器？去哪里能买到？」<01>,[],layout_only,af93763791afff504d7a5fae89aca633baa9d831d864c9c69aa836a252ad34e5,688641265e011081442c3cd9a3ed87fff3ce9469f0634c657cd1a95e12b024e3
pm:vm:photonmelodies11.rio.004:1617564412:00045832:00210,cvm,【戎】「在那之前，我们有钱吗～？」<01>,[],layout_only,67b8f7b6f38935078ab54468c473fd05928946aebcaaae26ba7c1ef0e168b388,6a9ae79a20447721317868706a88d4aae17fcdc285131baf959648eb8d563331
pm:vm:photonmelodies11.rio.004:1617564412:00046440:00211,cvm,【神代、巴、戎】「………………………………没有」<01>,[],layout_only,c318e2b1682a598e3d99814d8bd99936e349ae45bb9212b7b624c235ae6f948d,25685ba4c876ddc14f754a122f3d981246351c10da7fac907c0240ab207a1117
pm:vm:photonmelodies11.rio.004:1617564412:00046804:00212,cvm,【神代、巴、戎】「呜哇～～～～！！怎么办——！！！」<01>,[],layout_only,7a0e4b2be2cb9cd2ad8e4f5440c4745eef595f88f1fc7d6b8209f601bad45141,a05975b530b12ffb33f55c1bb3cf587b0ea217e676bd86dc1cd19fa7988fbbbf
pm:vm:photonmelodies11.rio.004:1617564412:00047436:00213,cvm,【神代】「这这这这种事要是被真那大人知道…………」<01>,[],layout_only,40f5b31c8b2ef5c70f000798d7fea5c2749aba1b85033a08ff4fd109bbff310c,05fff82d63913b511c4eeb2a43beb91f94179780aca6eaef743e85e88352a7bb
pm:vm:photonmelodies11.rio.004:1617564412:00047628:00214,cvm,【巴】「会，会怎么样？」<01>,[],layout_only,3d2728262304504c91a424c790b1354ea0d75566c30dfeb7d0a877c305d83051,bb5ef6f1b489bb6884fac2bd176e24ec14094cc2b2cdf2c1dc0f20a39bb70a4b
pm:vm:photonmelodies11.rio.004:1617564412:00047852:00215,cvm,【戎】「根本无法想象啊～！」<01>,[],layout_only,c400a9165d3ec96d1de323f7968b665409332484fa21a26d5288e42ececb0277,c1f06fe43971ffb5d9f98c6174d51c8df8d042ac9de164abf7a402bb29496335
pm:vm:photonmelodies11.rio.004:1617564412:00048440:00216,cvm,【神代】「怎么办？要赔偿吗？」<01>,[],layout_only,3e3cc29377c81cbf78a0a5018cd8d287c75c83f2e11fcaddf8e3c33062e9dacd,d1be347994f044673404a0a3f9435db7182330d81401704a0b01f4e955f75c23
pm:vm:photonmelodies11.rio.004:1617564412:00048632:00217,cvm,【巴】「可是这个，到底是什么？<0A>做什么用的机器？去哪里能买到？」<01>,[],layout_only,af93763791afff504d7a5fae89aca633baa9d831d864c9c69aa836a252ad34e5,688641265e011081442c3cd9a3ed87fff3ce9469f0634c657cd1a95e12b024e3
pm:vm:photonmelodies11.rio.004:1617564412:00048856:00218,cvm,【戎】「先不说那个……………………啊！」<01>,[],layout_only,3ae07947c488e30d734631135127762bfefaa5be4e9bf1511f9f335cb763ddbb,6989e6a8e75c6c2d9803cdc368e03b328cf3a7dd1475fc7b192165299b7a4c14
pm:vm:photonmelodies11.rio.004:1617564412:00049916:00219,cvm,【神代、巴】「什么什么？！」<01>,[],layout_only,4248535aea8dc02bbfd614c2cc25f1ea1bd44ea018387edc8211d1117fdcb130,46afb3122f65411451a9dc0895168148c5ef48f46ebcfe013729dafdc2930161
pm:vm:photonmelodies11.rio.004:1617564412:00050172:00220,cvm,【戎】「去年大扫除时，我见过一台相似的机器～」<01>,[],layout_only,7ee4bef2a6f99be00a9186e5ab7b674f72fcc9c0312a10596478d40c4174cf56,c8377bcdc6e651767f219007ef8e6bf024f7d49133d919c22b6faf5b2a4eefb1
pm:vm:photonmelodies11.rio.004:1617564412:00050236:00221,cvm,【神代、巴】「在哪里？！」<01>,[],layout_only,35da4abd1463f6ec0856d61f49c5517fdc2a938c7cb0093e6571898cb1a5438b,aeb24e9fb43b17f0db8bcdd84436fe09027e74cf60001a6390007b8b6fb417d6
pm:vm:photonmelodies11.rio.004:1617564412:00050848:00222,cvm,【戎】「就是这个，就是它～～！」<01>,[],layout_only,0bb604419ebf547410bcd8a08e0b35b62034b30fccbeac5444a6c885cb2987f2,5d718104a0994c206b90be71821464097b6e0511d83b98af9e0ed41c5e62ab6d
pm:vm:photonmelodies11.rio.004:1617564412:00050932:00223,cvm,【戎】「你们看！」<01>,[],layout_only,7c99140baa525f8a902fb9db52cb82c0bde80fda75e1e08a03d07ebde8017330,4ec8247c77170e51ae555dbc26d4b036d859cbe3d66cd41673254662277733d5
pm:vm:photonmelodies11.rio.004:1617564412:00051020:00224,cvm,【神代、巴】「啊！！」<01>,[],layout_only,3a1526ec62ff10259b8ace11239afa102a771be991a4d05c28152757f237eb2e,986dcdfd88a5d6f9d6a3b8e47f43328be43e5ac6ff9fc42d0dc344b19531602f
pm:vm:photonmelodies11.rio.004:1617564412:00051076:00225,cvm,【神代】「真的…………这不一模一样嘛！」<01>,[],layout_only,a5648fc13272c1267e1013ece05db804c7ac2199ea8e73db0e92ede71cd0f661,a704b0894e10ca479c69c5f54aa7a5433a053dc659dabf5abd0c29306d64076e
pm:vm:photonmelodies11.rio.004:1617564412:00051132:00226,cvm,【巴】「用这个绝对不会被发现！<0A>不愧是美凪！！」<01>,[],layout_only,2ec0b260b5a53e5250a4f061cc70e49d76e55ca69cc80b132aa245c08f86a38d,5989bb32e2a4a6e0d9049d52d6acd30442780aad0726dc1914f2bfc1d3cddf8d
pm:vm:photonmelodies11.rio.004:1617564412:00051188:00227,cvm,【戎】「哼哼，当然啦～！！」<01>,[],layout_only,ed9248991d628d3096c1d6a7b6f9172ec2092805688531c9048b7d6ba582131a,e0447f26cc117c5557015a09e4c85ceef3fdf56afda5a2895eff292b9875046b
pm:vm:photonmelodies11.rio.004:1617564412:00051244:00228,cvm,【神代】「不过…………为什么这种机器会放在这种地方？」<01>,[],layout_only,c672ae38cb352d84ac5086c95bd93f6a64dccd850d4a9c0e3465029657b62b1d,c8af9d7d7d9df1e0e30e3fc3cf391d27d584296228214b67091f12ca55a0e96a
pm:vm:photonmelodies11.rio.004:1617564412:00051300:00229,cvm,【巴】「因为已经不用了吧？」<01>,[],layout_only,2a20483e5223f83a23a7a1774836388812375c576f3d3e847d8a4520c0a8191f,527faae5386df8c8474b0550fc8650ed8f7290a184c0fb0237c39249ec2641fb
pm:vm:photonmelodies11.rio.004:1617564412:00051356:00230,cvm,【戎】「但是，这是全新的哦？」<01>,[],layout_only,47b7a2cedcc2e6963dddc1c40a9a5388864a37d757925b7b4525a96a92336907,8df9847a217db36f8cbc1511286c827f8203779e6fdc5adf9b64a6ebc5187521
pm:vm:photonmelodies11.rio.004:1617564412:00051440:00231,cvm,【神代】「咦？好像掉出来了什么？」<01>,[],layout_only,f674ff53055b264b58b144970a3b1c14fb2baf239aaf8c2eefbb9ff0718a204c,7328803b5c49f2f3b4f661becd903eaa5739caa348bfc82971d2364161ca8c9d
pm:vm:photonmelodies11.rio.004:1617564412:00051548:00232,cvm,【巴】「什么东西？厚得拿它砸人都能砸死呢…………<0A>说明书？我看看…………<0A>严禁带出、禁止使用、永久封印？」<01>,[],layout_only,c2015972a82ddc03ff1b0c2fbd4ed8b99e9ca1ea599a1744fe36cd9476e0a4d3,d57348f3a6884cea6c4128696967869da037b010d3fe2942b8e97ebd8f446918
pm:vm:photonmelodies11.rio.004:1617564412:00051628:00233,cvm,【戎】「是开发资料呢」<01>,[],layout_only,b8e9bad6605d6de3ec4f1c137954167c334fcd418ed69da7a27ed1dc13b10043,8f28c2a5258bcb1d17904d9a26bab42f60412ee2be61e4defa70f167796bbcf6
pm:vm:photonmelodies11.rio.004:1617564412:00051684:00234,cvm,【神代】「摆什么架子！」<01>,[],layout_only,0b2a6f7d427307bd6c9a745620a8c27b314228b6ef57da06d79dd2cb738b54ad,a9c9e271a33279019d579a89b9a705e87fb66704f1ac859c100f22e952bf1d64
pm:vm:photonmelodies11.rio.004:1617564412:00051740:00235,cvm,【巴】「还敢对我们指手画脚，太嚣张了～～！」<01>,[],layout_only,bfb8cbf81b8aff4d06c6fc75341eb740c2a5cdbb73e54a4a7c7888c05083578f,8b0cd8afbbeaa2acde951feb7265158a86d465576cb3db2673e01046d6d74888
pm:vm:photonmelodies11.rio.004:1617564412:00051796:00236,cvm,【戎】「这种东西，看我这么收拾它～！」<01>,[],layout_only,f509f199f5c797da6ecc472e8eb3dcba1c21a6ba140e99eb8282ddae37b1aab1,0d0ab783e1ed542a1bdfaf078fed2d76dd40d3c989b47ac923f5862d6c73113d
pm:vm:photonmelodies11.rio.004:1617564412:00052028:00237,cvm,【神代】「燃烧吧～！」<01>,[],layout_only,d202cee0ebe14b65c5d05f18968b161e14a0da6bd2baf95015606d43bdf0536b,b67440430cd70d6a80b0803f594c7cd72a04f1c5f91af6a87d8070f182d0450e
pm:vm:photonmelodies11.rio.004:1617564412:00052084:00238,cvm,【巴】「燃烧吧～！」<01>,[],layout_only,fd4871effc7693b302b1fdb69cc79bd7bc21d7971fc27177d99f5ea1102e65a3,feff15c5db026590a161013456fec4477813231211a5aa4571639ac3ea4b9282
pm:vm:photonmelodies11.rio.004:1617564412:00052164:00239,cvm,【戎】「给我烧起来～！」<01>,[],layout_only,6d69b0f06772a870ad319d955c397683f00d7fd8f94d9f522b81b7dd0e015140,39f18c13e8ddd8a9d2f28fe7a42dee312f4431b3c33f39542050b838ae0dae66
pm:vm:photonmelodies11.rio.004:1617564412:00052240:00240,cvm,【神代、巴、戎】「呼哈哈哈…………」<01>,[],layout_only,99f1b3fb8febf08d29d21a6de33396000d9cadddd20c29ada86a6cf340416326,211f4477cedd09b9798465ff5fc5da3b3ce4fd3955a32adb9cc528718e2edef5
pm:vm:photonmelodies11.rio.004:1617564412:00052392:00241,cvm,【神代、巴、戎】「糟糕————！！」<01>,[],layout_only,f3028f6b635fba179cd02b726d012b35c71a34716cefad7c9cc0e487c93e3ebd,12a232aab278dfe882d24ba9b8b35dbeee5201653c4f016571c079ec14de7726
pm:vm:photonmelodies11.rio.004:1617564412:00052448:00242,cvm,【神代】「雪乃！！快，快逃！」<01>,[],layout_only,1bee9f508be40dded982f39cf5dc106022ac80b31d2249df54b740cc4d1ba385,c418485c483e9cb85ae85a44c69934759c0deb8e1ae757e7ab72de33fa91feb4
pm:vm:photonmelodies11.rio.004:1617564412:00052504:00243,cvm,【巴】「美凪！快点快点！！」<01>,[],layout_only,259de6e08b25ddaa4540ca6fcd4970f310665d61266df0b2af7788f20c467011,d280aa4b54047679c329482abd4777e37655e468e0fb14ff951fc84e5020a614
pm:vm:photonmelodies11.rio.004:1617564412:00052560:00244,cvm,【戎】「呜哇！等等我～～！」<01>,[],layout_only,28aa0d52cdb7621ace55896a6e419ad29ca61a9abb97e3c647da0771cc00a85d,e07755996210eefe7875374ad244cd7e0b026166861095aa50e9412d27ae226b
pm:vm:photonmelodies11.rio.004:1617564412:00053340:00245,cvm,【武】「那几个家伙…………」<01>,[],layout_only,bae177307bab82010046ac27368e7685dab44193cde3e29dbd9b8924a90ba7a4,43e38328e33ebdca362baf14bfa044b1979fbf2e097a243d8bc55dc038b09b3b
pm:vm:photonmelodies11.rio.004:1617564412:00053384:00246,cvm,…………头好痛。<01>,[],layout_only,5ddeaf866a9a2f6a060d87f387c6bdc0b9eced0ed058d27b414b14aed5e3fc9d,3569a302c482d42e257e8c3d06dff981c03d1898228762719addc14797851228
pm:vm:photonmelodies11.rio.004:1617564412:00053616:00247,cvm,【月咏】「所以，她们擅自带出了<0A>御剑研究部门过去试制后封存的设备，<0A>事情就是这样」<01>,[],layout_only,db0fda7199a9d7a9f1aaf7211ff04ad170cc4f3e57de8d409697e31e121b4530,42337b0728800a25b0aa9fc46e945be61ac78b6e55fe69c8aea9042be908e49e
pm:vm:photonmelodies11.rio.004:1617564412:00053660:00248,cvm,【武】「不如把她们一辈子关在反省室里吧？」<01>,[],layout_only,d9cdef3dd09c096e54f8837dbbd9d1fc01efe71cf531583bf39272c1e026a044,331f46537ee50abd48212f89aaaaccf823928e753da4fd4761ca49886594e807
pm:vm:photonmelodies11.rio.004:1617564412:00053892:00249,cvm,【悠阳】「但问题并不在于此…………」<01>,[],layout_only,cdbcdcd6cfe194ac3a2f2d194c4b6207c93d1dd4b3d1dbfd5eeb0a5870fd4edc,ad790e731b8f2062836df53795029584a9ceeee07019fa2a102cccd0406d4f4b
pm:vm:photonmelodies11.rio.004:1617564412:00053936:00250,cvm,【武】「居然还有别的事啊～～」<01>,[],layout_only,4d273612436c9ddf83257a64d2fac54ad04b7593ff4e6cfc014d5d04f69894dc,fc3dcb553fd08b58f8d289c47eb2542e2fcc15974da54a25326fdf190de832ec
pm:vm:photonmelodies11.rio.004:1617564412:00054568:00251,cvm,【悠阳】「其实经查明，我曾参与过那项开发…………<0A>更准确地说，基本原理是我想出来的」<01>,[],layout_only,bfea8375bb3d1823972862dc39535d4c041a17d0824fc859736adec732d412ac,b10057d0c05dadb2d6513c02c5f54b37f387e1464d19313044f5da2e37716acb
pm:vm:photonmelodies11.rio.004:1617564412:00054612:00252,cvm,【武】「…………咦？」<01>,[],layout_only,7638c2ca4d5d7a9e551fc21d7003fced312f974fec0b8fafadf4e0d477f938b2,a2515ecc76de6f227a6b597c406a361dbd8a5ab9c14860c3532a4572b2a07ebc
pm:vm:photonmelodies11.rio.004:1617564412:00054656:00253,cvm,基本原理…………<0A>是说发射未知射线并让核武器失效的原理吗？<01>,[],layout_only,7e8cb20cf42b3d2689e718a115aee504fbdb098ee6532afd3986e41968c597cb,0074433f2117c8e6c5422cf6850db2d19073c81e60842bb247dddccf9e1533f7
pm:vm:photonmelodies11.rio.004:1617564412:00054712:00254,cvm,【悠阳】「那个…………据记录所述，<0A>当时正值电磁波对人体影响<0A>开始成为议题的时期…………」<01>,[],layout_only,e6bc5d1b5105a59624fc83d8a81c5269c25c5b8d7db2de78e71d981d49c04edf,ffb296021dcde13537f66ff4e594767a7a11a29da8e4c459a3b30a385ba07323
pm:vm:photonmelodies11.rio.004:1617564412:00054944:00255,cvm,【月咏】「恕我冒昧，<0A>那正是移动电话和感应加热烹饪器具<0A>迅速进入人们生活的时期」<01>,[],layout_only,5a3cccb137dbcbf1f18a85c01216489327a79c7f2ce5a3b8d835bfd07e1ec6be,2d5d71fca268787fd63e2b68e3f2c90b0ff0f62988a8d997f0d5e266a600ee2a
pm:vm:photonmelodies11.rio.004:1617564412:00054988:00256,cvm,【武】「感应加热…………？」<01>,[],layout_only,d8e1ab79a8bd7a6bab46b2d19c261c64367384102ef373dd7f8f9c0b349347ee,4ce94df7585029b696700ccb7a43b3667bff2bf4de5907a4d8bf612fbfe8591f
pm:vm:photonmelodies11.rio.004:1617564412:00055044:00257,cvm,【月咏】「说成IH，或许更容易理解吧？」<01>,[],layout_only,bf207eefa2463e71afd66ba26d72bde435b874250eaeff1dab4fa22b1212bf49,9981c39b56339e54804ccf371d594e7cea7d2ea3576b7304e7ed03ecb5701f21
pm:vm:photonmelodies11.rio.004:1617564412:00055224:00258,cvm,【武】「啊…………」<01>,[],layout_only,d4de93fabe8c109cfc1ca7623627891b70ebc2a041f7d214a08c027e515763d3,225254573d3c22f3813b91fb0f3f0382b1d3d0e50324e239ffaba49ba43a69fe
pm:vm:photonmelodies11.rio.004:1617564412:00055268:00259,cvm,我知道有人说手机的电磁波会把脑子弄坏之类的，<0A>可是…………原来IH那东西也是电磁波啊。<01>,[],layout_only,cb7e64b4b007e33c8ce1b13f8be81676e617a97a10e5ef63df23f5724c9a8f62,abc7dabb6bb453e6d67234feefd3a26d68bdae0efff1dda9e14ee8be51e41b4c
pm:vm:photonmelodies11.rio.004:1617564412:00055460:00260,cvm,【悠阳】「于是，替代电磁波的下一代技术研究就此启动」<01>,[],layout_only,be1f466c73615b490ec205f9eaf6ff56107be4b9553c9d33189f2053b55bcb8c,ae64ff63210e05f2c944ad79ee0903aefa0fe7715b89cf5ecaf59e7c06a63e93
pm:vm:photonmelodies11.rio.004:1617564412:00055516:00261,cvm,【悠阳】「当时，刚才所说的两个领域<0A>被认为今后还会稳定普及，<0A>因此被列为研究的核心课题」<01>,[],layout_only,f485014063ffba20da1ae135478357413cf2e01c30e03a401b0d0cf72c9a907f,66bb7de8aab1073a7ac530147408194cefa54af2f0022033730a5e25da8f677a
pm:vm:photonmelodies11.rio.004:1617564412:00055572:00262,cvm,【悠阳】「但研究陷入了困境…………<0A>有一次，我前去视察时，<0A>研究所所长向我求教」<01>,[],layout_only,417c7c99ae872f57163c661c6ece70c023c40eb336360c29f6f46702395a0da2,504e7aa1397ea1d44ec0218deda8b9c60468f6af9d78b22ff83191c80d50137a
pm:vm:photonmelodies11.rio.004:1617564412:00055616:00263,cvm,【武】「…………就像<0A>‘有没有什么特别厉害的点子啊——’这样？」<01>,[],layout_only,30f13cbb13c7ed1347e4cbefdc998830a2f815fcbd5ec6060009a95a38dbfd46,46b9ee9587e26938fce291b102dd876accd4aa4fd16af369b49830a2299e014a
pm:vm:photonmelodies11.rio.004:1617564412:00055980:00264,cvm,【悠阳】「是的，大致就是这么说的！」<01>,[],layout_only,dc38dc0f51519ddea75d4a886317e7c648975e59ceeb317225bbcecd4c508273,f191d966ff6fd2d767c0673a5e7489eab63a9597880cfa55e037a4ba377a0b3a
pm:vm:photonmelodies11.rio.004:1617564412:00056036:00265,cvm,【冥夜】「…………你还真敏锐」<01>,[],layout_only,f44f58e77ef1b19a88877b49c2b1eef98f9e1455c18886d6033fecc67931d9c5,868259f18ca1be6d1014c44644ca24a03567f306d6babbf8c71c209aa5dba721
pm:vm:photonmelodies11.rio.004:1617564412:00056216:00266,cvm,不，这不是很容易就能猜到吗…………？<01>,[],layout_only,7a675dd61982839a036c8e91ae9d39c1a3bd53fabddd538de81761778f029bf3,120dd4cebf75553eef36132150bf3a02bdf328b665ca0a1548bd4b40da4a1817
pm:vm:photonmelodies11.rio.004:1617564412:00056580:00267,cvm,【悠阳】「当时，我脑中一瞬间闪过了某个念头…………<0A>便当场写下内容交给了他」<01>,[],layout_only,95e2bd826421bdd87e9f2584cab6cb3b0ba0cb2d88af6babc4070be4a9a7f23f,1abebf49b165243b8eb3dc24be21389cf59211526891b84db5b949a48e6f7723
pm:vm:photonmelodies11.rio.004:1617564412:00056812:00268,cvm,【冥夜】「那就是…………这个」<01>,[],layout_only,f2ff89584b892b86f22df7693be2b90f2eb19c03a8bdd15a24cace3fa58a215b,df8558829f0523b4429a3c103aae695115a295f52cb745d15ca621f1d4acb98f
pm:vm:photonmelodies11.rio.004:1617564412:00057196:00269,cvm,……………………。<01>,[],layout_only,efa30788584cfea7ade60ccc37d7fc6cda943e64935eb133252c341159e58e05,0b3d7aae4004dc9b91522cf9245f879b48b6a3b3d3c28ecbba043ba8207a6df9
pm:vm:photonmelodies11.rio.004:1617564412:00057276:00270,cvm,【冥夜】「最关键的理论部分已经全部烧毁了…………<0A>但单看这个也能明白吧？」<01>,[],layout_only,65bcf45c69cb1d59c543ec86b8207a1effa821b5194f5b77ff9b102206095a55,cced4d594776e7d8d2553d04a51528676a48308a06facff229c4adfbabc055a8
pm:vm:photonmelodies11.rio.004:1617564412:00057456:00271,cvm,【武】「…………明白什么？」<01>,[],layout_only,1bcd938668900048a9a6186a7bc67998f051d03d620b9eeca4aa5959fcc8c74b,70ca4bfddeeadc4dea3e8551baaba9a28f2882befe18af52e3c3570c31744f49
pm:vm:photonmelodies11.rio.004:1617564412:00057500:00272,cvm,怎么看都只是小孩子的涂鸦吧？<0A>悠阳她…………是不是不太有绘画天分？<01>,[],layout_only,7021c67d55462250759b580ac41518fee2b349e80ee1b72295f436b8cbc76002,3b4cfb9130e5466d429b640c2c3c807e3a7c7c0e46ce78dd5b1c4919eec2812b
pm:vm:photonmelodies11.rio.004:1617564412:00057680:00273,cvm,看起来…………像是想画汽车发动机什么的…………<0A>或者说，至少能感受到她勇于挑战的精神。<01>,[],layout_only,c9f53b9d6bd78032ecd2e34fb5d15ae182842e6d1a054bfa617eb93fe922ef73,a6b7649e4496955b986a600650b8b2f9e78dc5b82b8857ab348c0413b77c6a34
pm:vm:photonmelodies11.rio.004:1617564412:00057736:00274,cvm,【悠阳】「武先生，您拿反了」<01>,[],layout_only,43cb71c7448f9a66cff5fd5ebd7145157dec9e54a5bafeec5d4ed395d34d9901,0fbe242fb589a2add98e8e16abd6bd25edc4d0b37164329bc1ab50722909f846
pm:vm:photonmelodies11.rio.004:1617564412:00057916:00275,cvm,【武】「啊，是吗？」<01>,[],layout_only,3f5b7060747835c191ffa4066c4ed03d4ffc456336f08d3c09eaf22155a24384,cd71f0cbddf1dc703693c97d0e008ab3cb4d70f79af8e8e41d1e4188b5f1b2bc
pm:vm:photonmelodies11.rio.004:1617564412:00057960:00276,cvm,反正怎么看都没区别。<01>,[],layout_only,8a850517985ecf3a6c06b5a18825aa85c62bf58bb131adeafaf976d2227078fa,6beca64aac89a1e2d71793445465ac402b76cd7eacc34717b69da24ed3c24a1f
pm:vm:photonmelodies11.rio.004:1617564412:00058192:00277,cvm,【冥夜】「也就是说，姐姐大人当时提出的完成图就是这个，<0A>与那台微波炉的外形完全不同」<01>,[],layout_only,2211c6f03535559c63fb7b58923f3aef8090f474e4a4bb0ca5b150d3fb0d2913,c43c6a0802f86855b06230346fede5e4863e514b4a508129ab1239d249c85c0b
pm:vm:photonmelodies11.rio.004:1617564412:00058236:00278,cvm,【武】「啊，所以悠阳看到微波炉时，<0A>才没发现那是自己构想出来的东西…………」<01>,[],layout_only,cc826a7dbb6d7de15565b9481fdcba6a30f279b0546de0b47ce7309206678705,a011268b67b2c0acb6d0e6681134486a8f3e291116b4a77be9b4f40e58ac5f48
pm:vm:photonmelodies11.rio.004:1617564412:00058468:00279,cvm,【悠阳】「实在惭愧…………」<01>,[],layout_only,bfe6be139e3e8de31c90b609f1a84fabe0783bfca4bc11a7d9533ab11d9403bd,52bd9e6f7a01c66437d112e5b1bf0f6314d3877897851ab51a283efe052a0f0c
pm:vm:photonmelodies11.rio.004:1617564412:00058820:00280,cvm,【武】「算了，没认出来也就罢了，<0A>但构想确实是你提出的吧？<0A>当时你就没意识到那东西很危险吗？」<01>,[],layout_only,6798885194a4cfac1fbef8b4c555ec25a971ed6dc1ac2bc6a79f58f0db5133c4,7b277a326653b4a403f46b2231c8c08466b32d89e9e3dca16c1285a89903bac6
pm:vm:photonmelodies11.rio.004:1617564412:00058876:00281,cvm,【悠阳】「实在无颜以对…………」<01>,[],layout_only,23b18c4111913cc1e238917f4483d8ec1301a2b751b8892785105c4bcc4df02c,5146961f5465d98cd9d9aac26f259e3088ba034d892a8157a8db4351f1e04997
pm:vm:photonmelodies11.rio.004:1617564412:00058932:00282,cvm,【冥夜】「话虽如此，姐姐大人也不过是当场偶然想到的。<0A>你就原谅她吧」<01>,[],layout_only,7f403bd2b4d53ac9ddf40205b3348c22abde43a30ea7fe5697e7153b55d07354,e1d88e08329a31ef2de43a2eb5ee0f6a44f8cde5852991b775ef2229a3a530a8
pm:vm:photonmelodies11.rio.004:1617564412:00058976:00283,cvm,话是这么说。但随便一个念头就能造出那种东西，<0A>本身就不正常，所以多少也该想清楚一点吧…………。<01>,[],layout_only,ad0691a8c101bb2a93a2ec2a17b6ce9222227a25657a70b5bb86a6826019627a,c47596aa1b901f6d9c928ec3f916dc86b7794204edb6fb0597c9e11c4c2efc26
pm:vm:photonmelodies11.rio.004:1617564412:00059020:00284,cvm,你们肯定根本没意识到自己有多厉害吧？<0A>不过我最想把这句话说给…………夕呼老师听就是了。<01>,[],layout_only,0a89467029e0e91a23202b85236043b489baf7ef5e0dbad9f7c70f6397dbcc09,2e443dd43e4346df57c6987bac718e13b849318f1413ecc1ce1e10e6d9a990e6
pm:vm:photonmelodies11.rio.004:1617564412:00059492:00285,cvm,【武】「不过，我大致明白了。综合起来看，<0A>谁都不知道那种危险的东西正在运作，<0A>就连制造它的悠阳也不知道」<01>,[],layout_only,6fd7e2c03aafca083ab12342005e89db0c297ff236421009828be5f3098d7530,41296fe6be447c2e2c8bd5a02d3a66271984902fb955891c44b9209ee9ce1108
pm:vm:photonmelodies11.rio.004:1617564412:00059536:00286,cvm,【武】「有人拼命追查那个东西，<0A>但他们也根本没料到那台微波炉就是自己在追查的东西」<01>,[],layout_only,be12fe6c6e06d8c27d44035dea19c7443d2947dcaebe2116e252e93fdb2f1f22,acd557b86fdba6a8e4b6ad575e1f2f192f1af77aa9deace95e8e149d8d6d16f8
pm:vm:photonmelodies11.rio.004:1617564412:00059608:00287,cvm,【武】「偏偏这时你们又来到这里，<0A>对方就擅自误会了，以为只要盯着你们就能查出什么——」<01>,[],layout_only,31acdfc36ee67c2e76d0caac9c62f4e30412f7e201e068abaee153289568bff4,b23d42ed927136d0baf35e3b96573c85e5408f95c2eaa58dff77086e7515b217
pm:vm:photonmelodies11.rio.004:1617564412:00059652:00288,cvm,【武】「在这种情况下，无论怎么调查也不可能弄明白…………」<01>,[],layout_only,f56819811d8e62f0416f0617bd230ac823751f9dbc84e4815fa21d9e819d350d,a796381ae4250cef713bd9c91547bcf3939b9e5a9d3feec11e72e34d1957ab05
pm:vm:photonmelodies11.rio.004:1617564412:00059884:00289,cvm,【冥夜】「正是如此」<01>,[],layout_only,4150ab5595a9ab3f02422db2c7001d9113d4577e440f84e9ff2f64b92062bcb0,5105c50b5d8b014d276d3aa0d34c277c0c4e93f08492d490c6ea105be90006b0
pm:vm:photonmelodies11.rio.004:1617564412:00059928:00290,cvm,【武】「也就是说…………扎乌伯那混蛋，<0A>从某种意义上讲还真是个厉害的家伙」<01>,[],layout_only,68b2cc3a723f392de602869cbccdfc9521359c1bafc34258155d32e8b3f5380e,a906c2757ed62e398ac376b69b2325f39c094e712440b9774aeb26775b5dfba4
pm:vm:photonmelodies11.rio.004:1617564412:00059972:00291,cvm,毕竟他发现了真相。<01>,[],layout_only,58363eda31cb41f005d69ac12584318870242495917292507b93741b9acb3d59,d7028603da03d4c7d87ed4391f62cdee2e8b72d52cb008acdb6023aa8e378940
pm:vm:photonmelodies11.rio.004:1617564412:00060028:00292,cvm,【悠阳】「确实如此」<01>,[],layout_only,2e5ef313b00b5e7ce6da82097829da779c2ff213e47442e90235663c7b992748,398c2976d047e91c4690bbe16924ff44c547e0d6c17a50a7cc167999fd0ce93f
pm:vm:photonmelodies11.rio.004:1617564412:00060248:00293,cvm,原来如此…………。<01>,[],layout_only,d41df652bea0e6e415845347077c29c84ac0f65b06d8305938b55a6c21a3791d,e4a5f4b0cb10ac5650f7780ff38aa103ba7301404527805ca4c3cbfea1d1ba3c
pm:vm:photonmelodies11.rio.004:1617564412:00060292:00294,cvm,【武】「可是，悠阳，你打算怎么办？」<01>,[],layout_only,50de729688f705712604a60bcbd4587f7255d4754b3834e0ca6bf641bbf5fd9a,4354c6d92633ff61cbf5437195a3eacfad50cc7e8b7e83c5cad8eac24dde13fe
pm:vm:photonmelodies11.rio.004:1617564412:00060524:00295,cvm,【悠阳】「您说‘怎么办’，是指什么？」<01>,[],layout_only,b79fbad961cbcf168d59ea0e923255bad3d0e84bfac6d0baf0e786759c0c4111,ff027ce615c2e7d265634b3d42ed3b0b015ac015b558e174006c898b46d51b06
pm:vm:photonmelodies11.rio.004:1617564412:00060568:00296,cvm,【武】「这次总算平安解决了，可是，<0A>以后不会又发生同样的事吗？」<01>,[],layout_only,7ecb12862397b972456ca591d1d229c4663c2d776b481f6c9e571bdc3efc77f0,289e3a8331d20948d3578b4f54b45cfdc57fe0fd8c3f037dc45154ea0c0c0fde
pm:vm:photonmelodies11.rio.004:1617564412:00060800:00297,cvm,【悠阳】「…………若是此事，您无须担心」<01>,[],layout_only,934333d1572bdf3151e95159d3f4c84f6466a62acf91689666a6c741b3066b83,0e8c24f228bb69b529fdb49cf0f36473cfba64e18152159221de7061f6a11ac6
pm:vm:photonmelodies11.rio.004:1617564412:00060844:00298,cvm,【武】「为什么？」<01>,[],layout_only,73be0bd044ce852a8241f08fae273a74461c47e0a3b88e0fc84ebbca02b8e1bc,b5ef4d62cad9e1483450940d26237025890533def94b28dbea05325ca5d1b2b8
pm:vm:photonmelodies11.rio.004:1617564412:00060900:00299,cvm,【悠阳】「因为我完全不记得了」<01>,[],layout_only,db5400e1559f69415ec62d2b036532ff35990aa60801aee20171edb849251d2b,db5c1a930eaa569e5728aca8a1f303f1ab71e3a5aa996711101b668631659aa1
pm:vm:photonmelodies11.rio.004:1617564412:00060944:00300,cvm,【武】「…………欸？」<01>,[],layout_only,7638c2ca4d5d7a9e551fc21d7003fced312f974fec0b8fafadf4e0d477f938b2,a2515ecc76de6f227a6b597c406a361dbd8a5ab9c14860c3532a4572b2a07ebc
pm:vm:photonmelodies11.rio.004:1617564412:00061000:00301,cvm,【悠阳】「我完全不记得当时究竟写了什么、又是怎么写的」<01>,[],layout_only,ee189a56e865b60b626501d7a4665797ee4b264279cedf27b4080096a112821e,86ff218a79627af2aaf028a37a910c24a62c91907884d4cddac9853d6864edfe
pm:vm:photonmelodies11.rio.004:1617564412:00061044:00302,cvm,【武】「啊…………」<01>,[],layout_only,09a19c4c196aa275411e5a0bf1bdde67622ac4dc09f8347c909f9ee3a0503376,fc9d59d489b910a3e53b85080a3f0ad211253c483b92f45d81aa95b21063b4f3
pm:vm:photonmelodies11.rio.004:1617564412:00061088:00303,cvm,原来如此啊～。也就是说，那真的只是当场灵光一闪…………。<01>,[],layout_only,91c6755714bcef59a811c3c9cb08c2a72a2ddc7e18915eaff30fc05416c1721a,5c61feb914ea0830e972d3aa8047aa1828eba16235b0eb9dde18e3b666ffbd55
pm:vm:photonmelodies11.rio.004:1617564412:00061144:00304,cvm,【悠阳】「资料也已经烧毁，<0A>所以无法再次制造出相同的东西了」<01>,[],layout_only,d889006ca93139e3b885931e67a375371d4234204e5db0ad10c3b48104f30dd8,dd85a461cd0f366faaa5f5ce858b979dfb3ef471a89a04837994de6bb7e9608c
pm:vm:photonmelodies11.rio.004:1617564412:00061188:00305,cvm,【武】「可，可是，实物不是还在吗」<01>,[],layout_only,84456852a03914130c035af441d9975c9e8fb875f364c5a274c779a7115b7650,31068ee5f6de37b557ff6f793eb5f6fbdd7c0f6e878b4ffc2adf2fea7bb870c0
pm:vm:photonmelodies11.rio.004:1617564412:00061244:00306,cvm,【悠阳】「已经销毁了」<01>,[],layout_only,9de286822ab7385b3a2c33eccdd60d8435bcc54ab7704d53c8c7825105aa3882,6b205b4b3fd5d5e4dcb3d23c04faef6ec5714e20052c4c3f8b6237b370fe5e08
pm:vm:photonmelodies11.rio.004:1617564412:00061288:00307,cvm,【武】「……………………」<01>,[],layout_only,770975bc8d76964cd0683d1a3ba2ec947971272f34819d29aa5c66d3964a88d7,6a17c608647a040376434d02fd50f1e4124a141fe417bdc98ba4d3f27bdee35c
pm:vm:photonmelodies11.rio.004:1617564412:00061784:00308,cvm,【月咏】「请您放心，新的微波炉已经准备好了」<01>,[],layout_only,82d0f5bd0cded3cb3fff31ac81e77ddccb880997aa330492095e92d95f19ab10,1a64e5e9aad89afe9a7a4e34092affa778f4d0e02cc8d38a6baae43ab29183f4
pm:vm:photonmelodies11.rio.004:1617564412:00061964:00309,cvm,【武】「…………不是说一拆下来就会爆炸吗？」<01>,[],layout_only,302d7560087c83902ffedb52155c5c599f113ef1d151fe9add714cd8cefefe48,2c74b0360faf8a47f58ffd201b6caa6ba3cc2dae7057686e0a25172430325b3d
pm:vm:photonmelodies11.rio.004:1617564412:00062328:00310,cvm,【月咏】「拆弹小组似乎也费了相当大的工夫」<01>,[],layout_only,d6d39383a66c1263e2ea1f32e25fe25329096c843069681ed66fcad0e4fedaf4,4b564ed3ec883e14e5d186309763bf0b87e468212d27d0264db8bad3bc74d279
pm:vm:photonmelodies11.rio.004:1617564412:00062372:00311,cvm,【武】「就这样？然后已经把它拆下来…………销毁了？」<01>,[],layout_only,e700445a6e11efb158fe41f2ccf2f9ac6d85e4d51921d3b482779570739f8cc7,fa33dc4628c03f96e24a18fd59169d520a45b9dfcab99e50c9cb0050aa0ff47d
pm:vm:photonmelodies11.rio.004:1617564412:00062428:00312,cvm,【月咏】「是的」<01>,[],layout_only,b20e6af901fd4babef89013fdb2e2b3a3db4f22fff4af872542d8037c70a6398,505da3d8087ec56e56a96feda157bb1b9e7a5b29cf77974680e3a4867a4c96be
pm:vm:photonmelodies11.rio.004:1617564412:00062608:00313,cvm,【武】「啊，这，这样啊……………………。<0A>那么…………以后就不用再担心这种事了，<0A>对吧？」<01>,[],layout_only,ad12fd700df82ff6fe2da3e6ad0d8ec908c758d7d56cd7dca554e3bd17b4e488,e30655333a85bed93ede8d46a1e1683af77efc5a844a9cbc36f2f696c37c379b
pm:vm:photonmelodies11.rio.004:1617564412:00062664:00314,cvm,【悠阳】「是的」<01>,[],layout_only,9dca1f718e00ffa26f6e670e0ccbda2a9f17944fd0eaa845a813639477ead579,3cb75a73fc1c8df03e726b54a597ca0984d8dd821ab67b0e2084d345d942944f
pm:vm:photonmelodies11.rio.004:1617564412:00062896:00315,cvm,【月咏】「我们会不着痕迹地向全世界发布这条消息，<0A>让世人知晓此事」<01>,[],layout_only,7b757c3152dd27f913c2741e65806f8800ca8de7ed172715279e7637df405ea2,2daeff51543f21f31433728be5d94619d48a10d47fe4c6dbc07faa98f7c1eeea
pm:vm:photonmelodies11.rio.004:1617564412:00062940:00316,cvm,【武】「这样啊…………」<01>,[],layout_only,31fbc3608dd06de3f279948a8058f5d17baa73364bb09a78122eb0df9206c1ac,77f4a3c52a31783de83bb46b8405cd652af6dc207fd2b07bf6356d52904f2a26
pm:vm:photonmelodies11.rio.004:1617564412:00063252:00317,cvm,也就是说…………已经结束了…………<0A>我终于可以相信一切都结束了…………。<01>,[],layout_only,81b581e765bc2907c0bd86aa1d9eeebdd3c16a1e4cfe3b0cc80ff5d9797fb83f,c55a45070d85de1f83c9e83a2cc2b2d35d1d93c74b72baaf391703cb64c015ea
pm:vm:photonmelodies11.rio.004:1617564412:00063432:00318,cvm,哈啊～～～～～～～～。<0A>这样啊…………终于结束了啊……………………。<01>,[],layout_only,f4a7b5c9348f715d8161193857908b8611039d1e726e70687e84da375ddd5366,5318d01e8fe7e089a18669f8594c2443b0dd239b3dbb49b1dfeba414ba125d4d
pm:vm:photonmelodies11.rio.004:1617564412:00063476:00319,cvm,【武】「哈哈…………哈哈哈哈……………………」<01>,[],layout_only,d553caf76038a5ed93c18f6119c7fa88081223d84a4dfd6edeb9921e4ce53d7d,348529f991d0902aa933d5d524d764e67e4125c281173340f01556de614876a5
pm:vm:photonmelodies11.rio.004:1617564412:00064108:00320,cvm,【悠阳】「武先生？！」<01>,[],layout_only,75342e7b364a75fb0c6f08f394412b89d409b7d5505ca7b0fa428eba60290477,292b324131f2cf3f684e8734b23cf25d39bb81d5c59ae0ee692de83a02af8cfd
pm:vm:photonmelodies11.rio.004:1617564412:00064180:00321,cvm,【武】「这一放心…………疲惫就一下子涌上来了…………<0A>我回房间躺一会儿…………」<01>,[],layout_only,9727080f1b4e5967f69144a9fbe12c8c6c76766ce7ad3f5b5abda12df16d909a,20367baaab499ceda78a8eec76faa65efb0eab0f0d420c8ed7709b964b30cd70
pm:vm:photonmelodies11.rio.004:1617564412:00064676:00322,cvm,【冥夜】「这，这样啊…………」<01>,[],layout_only,620e9e46276e42118e241b256bd2e1d5f84cc99476cf139c7549247af9132b9f,57612cdb615191fb70efc2ff8cd29ccfaf686c32fbe157028b199e4904c00528
pm:vm:photonmelodies11.rio.004:1617564412:00064720:00323,cvm,【武】「啊，要是一个小时后我还没过来，<0A>记得叫醒我啊？我也有权利吃顿好饭嘛？」<01>,[],layout_only,3e8f3f2d8c789df29b0c17b8f7d7e6734641043a8269c4b2850248efd914d2d7,3138c717712e9dfc6923a58e01605306b1c8b97a7d1ccebf2f1e1a92823a09cb
pm:vm:photonmelodies11.rio.004:1617564412:00064776:00324,cvm,【月咏】「遵，遵命…………」<01>,[],layout_only,cd8c923a523206365b52e2262cb6e5cba9b578f5e081931775d175323475b029,4570b83b1db3bf013250d561ad7e70496a678540fbea5a5df3ff04ca6600203a
pm:vm:photonmelodies11.rio.004:1617564412:00066668:00325,cvm,【武】「那个……………………<0A>最后我只想再问一件事……………………<0A>希望你们能告诉我」<01>,[],layout_only,02908ebf8a94158f7bf680bb13645b0e2826c2bd6b55e3da10ef72c00ba6316a,793e8a33a1243bb086ce3e06ff35ba2e26efb4868e39bc47fc5ae84184baec3a
pm:vm:photonmelodies11.rio.004:1617564412:00066712:00326,cvm,…………啊～～！本来不想提这件事的…………<0A>不行，我无论如何还是…………很在意。<01>,[],layout_only,f4d1ee768eb62378cabbcf24ecfb9e3c85db9c054f9cc705f94c1f7e9a121e1f,b0cd7af5524a69853eae82f1ba9fcc12cefa31af204d7a41465e19e58faac3a5
pm:vm:photonmelodies11.rio.004:1617564412:00066768:00327,cvm,【悠阳】「是什么事？」<01>,[],layout_only,f245aaa6951015c1a9a9a0c3933b893b0d530771e72deaaa20fc4422674d1f80,1e9a701ff55dce0dbdcab2b1e936daf540165d0618988cdb4ceb396cba0566e3
pm:vm:photonmelodies11.rio.004:1617564412:00066812:00328,cvm,【武】「对你们来说…………我和微波炉…………<0A>哪一个更重要？」<01>,[],layout_only,8101af0435b38b90a94a947412f268203ec3d8707cc7e9cb1871d4ef6210f70a,e143fbe849d8036a3b29e7fb313077bc933c343f4168bd2d07a4527ce3567701
pm:vm:photonmelodies11.rio.004:1617564412:00067176:00329,cvm,【冥夜】「嗯？」<01>,[],layout_only,eb361d74f12c3fd70678f36b856888df152f3b5d9e0904fe047faa1621ffbe58,58bd3f759ec4cea10fe576e31b7d4f93d69b37d6ac8cee132515c6b403e5630c
pm:vm:photonmelodies11.rio.004:1617564412:00067220:00330,cvm,【武】「我…………有可能为了那台微波炉…………不，<0A>为了世界和平…………而被你们舍弃…………<0A>这种可能性果然还是存在的，对吧？」<01>,[],layout_only,cfaacabde7d69701de65da594c87f34b436c1ecc269e78d224ba94aef3988952,c7624ac4e93fd7a2ca30a47ddc8b5a9f92f6e16db6d9ec80bb5607af6ec3f6f2
pm:vm:photonmelodies11.rio.004:1617564412:00067696:00331,cvm,【悠阳】「绝无可能」<0A>【冥夜】「绝无可能」<01>,[],layout_only,1b34782c63475158488670700bf7d4a72c105863e50046addd0ab90994e0a68c,f8f86fdd6ae62ae24dc1d42356d8fa4b788ae9d98174d3dfb84d24ed3f44f36e
pm:vm:photonmelodies11.rio.004:1617564412:00067768:00332,cvm,【武】「欸……………………」<01>,[],layout_only,a885e14a99b6ad8b112f8d89f489580603c11da26925b93c490261608f8b4be5,f0a5a062546828b0aab0232797179dfc689d4f09f27977d152a01e3d7cb467f1
pm:vm:photonmelodies11.rio.004:1617564412:00067824:00333,cvm,【悠阳】「要我们舍弃武先生，是绝不可能的」<01>,[],layout_only,84098bfe2976fccd5beeb5db5b784e4d2e0f703d835ebcdd6606a3b3e81bf06c,d646f11f8512758ae08a299c735da4294524bae55f1c7a8bbf08b88730d2f98f
pm:vm:photonmelodies11.rio.004:1617564412:00068056:00334,cvm,【冥夜】「呵呵呵…………我还以为你要说什么呢…………」<01>,[],layout_only,b34b511c999f2a87a62f0214d9df2f91c01d1c38f0287979509984fdd622c0d0,58bb5659b40b2c093634da389828f199b94e6891d334bbec221f66e63fd64945
pm:vm:photonmelodies11.rio.004:1617564412:00068100:00335,cvm,【武】「可，可是…………这关系到世界和平啊？」<01>,[],layout_only,ef80e292f0c012aa94f278997a6866f810155adcdbaf47f2ab4b248859783ec7,91d8d29c0564359d99710e48142293159df696f3db73a60f9fc7aff4025f38c4
pm:vm:photonmelodies11.rio.004:1617564412:00068332:00336,cvm,【冥夜】「是啊」<01>,[],layout_only,1c480cf1bc0533bca486423fb8c748a70c429467c81cb5aa24f0b7f2409e13ef,9d3a77078acfe96a7c07529927c73938b3b9c24cba05dda1742a37fe4769f492
pm:vm:photonmelodies11.rio.004:1617564412:00068376:00337,cvm,【武】「我获救只是最终的结果…………<0A>搞不好我果然还是会…………」<01>,[],layout_only,931c6dad20e5310f75b4b851956bad32b1d17888ae09cd73a7babd7c13923bcd,0cb6982211302972b472bd1993d77bf74041b493409a80cecb495fe29cfcd7c1
pm:vm:photonmelodies11.rio.004:1617564412:00068592:00338,cvm,【冥夜】「那是天大的误会，武」<01>,[],layout_only,cbc4ce66ccb2a4862e275ddc7647b124e56c7ed7e9d4d08a172a3b61fe0332a9,d2c47bf722ad2d3cad784dbb10062d10156540335610547f01844e0c3dbd325b
pm:vm:photonmelodies11.rio.004:1617564412:00068636:00339,cvm,【武】「误会？」<01>,[],layout_only,ab0912f3ef3e8ed6ccd63da7b9619422d6d807ee7a885da2fbbe5577553e9fd0,008c6e2901065b3b706c4adc17b984655c890f6eb72b40c9a54a65c610cf7f17
pm:vm:photonmelodies11.rio.004:1617564412:00068852:00340,cvm,【冥夜】「你之所以获救，<0A>并非只是形势有利所带来的侥幸。<0A>我们从一开始，就打算同时守护你的生命与世界和平」<01>,[],layout_only,985d8763aa73febcfd74be82e2cdaf7368786e25c8979f26785bbe0bdfc2aa51,8ab8d456a5052ca671a532b0ca7618359b266a57fadc4464cffd9ecbec1ecd89
pm:vm:photonmelodies11.rio.004:1617564412:00068896:00341,cvm,【武】「……………………」<01>,[],layout_only,770975bc8d76964cd0683d1a3ba2ec947971272f34819d29aa5c66d3964a88d7,6a17c608647a040376434d02fd50f1e4124a141fe417bdc98ba4d3f27bdee35c
pm:vm:photonmelodies11.rio.004:1617564412:00069112:00342,cvm,【悠阳】「在两者之间作出选择这种念头，<0A>甚至从未在我脑中闪过」<01>,[],layout_only,df6ec78aec6c6de7ba9ec6ac0802ac01857b4644b06cdaecc5596dc953686a7f,85ab9f947177eedb24233a0461cdae0291fd888daab2c6939a2785df21d0daf8
pm:vm:photonmelodies11.rio.004:1617564412:00069156:00343,cvm,【武】「……………………」<01>,[],layout_only,770975bc8d76964cd0683d1a3ba2ec947971272f34819d29aa5c66d3964a88d7,6a17c608647a040376434d02fd50f1e4124a141fe417bdc98ba4d3f27bdee35c
pm:vm:photonmelodies11.rio.004:1617564412:00069488:00344,cvm,【冥夜】「…………你还是无法安心吗？」<01>,[],layout_only,7a0ad9ca14ceecdd97ed75a4c743f3949fb80ac790fb06fc62729c820d4c6394,99a562bc54901585f9c239c273eb57699c9f26851923ccfa30d253f1e2ede788
pm:vm:photonmelodies11.rio.004:1617564412:00069532:00345,cvm,【武】「……………………不，没事了。<0A>我刚才也正想到这一点」<01>,[],layout_only,0ac84a485a6c7fe1a0d0a1e9163760bcf488ae26aa9655afbbf1057a880ca9aa,882350e4479a8a8d7cd3c062a167bfcf5a932df22dfbf04be952573f4aa48049
pm:vm:photonmelodies11.rio.004:1617564412:00069576:00346,cvm,并不是每次都只能从两者中选一个，才能得到答案。<0A>擅自把选项限制死又有什么用？<01>,[],layout_only,6dd9313946688fd54ea9363b95b4de5d50c3688e19c8a651c3ff07d395dfcaa1,a421b1720c3233edca5e5b272cab14fdc4fc20406983efd78d33f0946ba2c57e
pm:vm:photonmelodies11.rio.004:1617564412:00069620:00347,cvm,如果真的相信她们，我就应该期待她们让两边都得到好结果。<01>,[],layout_only,e497c4c140baff83b7d2e4f8d056a4cf558fc09d89e834d9d7332dc0b50369c5,137372b2527cc43fac52694d08e2dbb9263918be8531b4f16da23a9041e12a7c
pm:vm:photonmelodies11.rio.004:1617564412:00069664:00348,cvm,因为无论哪一边，都是绝对必须守护的。<01>,[],layout_only,f21823c8ca322c4712dbea38b905620eeaaae30afd6253bd1b2ef35c336d6741,819bc878ccf525238670667bfea64c853f716294e04ca7cee3cff5bd51143cab
pm:vm:photonmelodies11.rio.004:1617564412:00069708:00349,cvm,把我的命看得最轻的…………搞什么啊，<0A>原来就是我自己！<01>,[],layout_only,51da23dca8816b90122ddb6f89fdcd1ce05e2d819879b2b2b8c57503db5063fe,1f36bb050f6cf79ceb863f70645b7e271450e904659c5e51c344a75c1f1ce877
pm:vm:photonmelodies11.rio.004:1617564412:00069752:00350,cvm,【武】「问了奇怪的问题，抱歉。<0A>不过这下我真的放心了…………这次我真要去休息了」<01>,[],layout_only,919659c80a28041246d4aaa3c4a297741a41ab05631611f0d0e1843b47e82906,03c3d6e1ac73f80ce24469c9a1302331ed585688b0243bd23eeb755479092e19
pm:vm:photonmelodies11.rio.004:1617564412:00070384:00351,cvm,【悠阳】「……………………」<01>,[],layout_only,cf8055a2bf7ca517121f0df4f6e9cb27cfb09e51c2a729ceabd2ff965136eedd,596cbe5acd9b31ef237a2ad0643688ea2ec23e26e6262f3786f2c9204fba795c
pm:vm:photonmelodies11.rio.004:1617564412:00070440:00352,cvm,【冥夜】「……………………」<01>,[],layout_only,7c1e1bdb272bdd5e2617c3dc3a238302cb60ccfea882e70ee6f2fd76ae246e47,336d0bb131053d6dee29f2ddc9129d555a61d3390d67cdc3ac8db250f7905f8e
pm:vm:photonmelodies11.rio.004:1617564412:00070496:00353,cvm,【月咏】「……………………」<01>,[],layout_only,2b2f29176317ff676e4ab02335e57627c74b44c3fb7c4493ae593d017b2fac0f,ec24c7695e33a83fe5c4d0d62987f7e2290bf38abc1ccc2548abb72d7ae100f5
pm:vm:photonmelodies11.rio.004:1617564412:00070540:00354,cvm,【武】「…………你们怎么全都露出那种表情啊～～。<0A>我这边真的已经全都解决了！」<01>,[],layout_only,135827e256827d4edc79799cb07b55d9a2b3b049b077a3718e2a154c6301ae81,fc13388ecdc5d7410fbc401f49fb17ef11a117b6192aa29faf70ffc3a516c7b0
pm:vm:photonmelodies11.rio.004:1617564412:00070596:00355,cvm,【悠阳】「……………………」<01>,[],layout_only,cf8055a2bf7ca517121f0df4f6e9cb27cfb09e51c2a729ceabd2ff965136eedd,596cbe5acd9b31ef237a2ad0643688ea2ec23e26e6262f3786f2c9204fba795c
pm:vm:photonmelodies11.rio.004:1617564412:00070640:00356,cvm,【武】「之后已经没别的事了吧？已经结束了吧？<0A>那不就好了吗。我…………不管怎么说，<0A>这一年过得既充实又开心啊？最后这个包袱也抖得不错」<01>,[],layout_only,2a0abda01c41167748dadc6e321bd3602648dc5b02a9e83cfa42374f90dd9273,ccd130243d5d3cdea3d1f3d0352d0a9b7bc21fd2947c3cb2cc10a4dc51a89637
pm:vm:photonmelodies11.rio.004:1617564412:00071156:00357,cvm,【悠阳】「武先生…………」<0A>【冥夜】「武…………」<0A>【月咏】「武先生…………」<01>,[],layout_only,4fd71a265ac3fc82594d06387a4f247632412cede7b1f98c6b588eba1469ad14,b53c46189311f229169c1e11070626a91f1316f6af67312bc8265e60947c8e28
pm:vm:photonmelodies11.rio.004:1617564412:00071200:00358,cvm,【武】「总之，今年也请多关照啦」<01>,[],layout_only,1723f0d58cff5025b98d33bbbc895ed464f0ae6cec882ca6b82a7d1c4e286bdf,cd6fe30b1349abd19162fbb71a7d6a7b986039d5f46e203c73efa1af59594387
pm:vm:photonmelodies11.rio.004:1617564412:00071964:00359,cvm,【悠阳】「…………好的！」<0A>【冥夜】「…………嗯！！」<01>,[],layout_only,24b22e6d106642fe00b1abb7f5e07d2b64a17accbdcf89ffd789886aa5e87d0b,3d55609defd5c86d3a9e65067a16a9a51e8cb8c0048002588b33c2c012acceb5
pm:vm:photonmelodies11.rio.004:1617564412:00072816:00360,cvm,【悠阳】「不过…………这也再次让我们深切体会到，<0A>世界和平绝非一朝一夕能够实现」<01>,[],layout_only,896a3f4ec80fa06a9308174470551323aaa8e02192dc69b8a8259d3834b98357,f36d29a71354b2536b7eca1db18727fec877bee4cf87c4e6aa0e2c003b1e3085
pm:vm:photonmelodies11.rio.004:1617564412:00073180:00361,cvm,【月咏】「能够消灭威胁人类之物的存在，<0A>本身也会成为威胁…………<0A>感觉这场循环永无止境，而且正逐渐走向死局」<01>,[],layout_only,0d84668bf9fece0f53616a3c6ccf77c6fa99670d012f7994e7e807c7531c40e6,6a7cb309fa1b97c52b94a58b2d2518d53db31103871f0c3f1c8f8e8dcb828541
pm:vm:photonmelodies11.rio.004:1617564412:00073412:00362,cvm,【冥夜】「但是，绝不能放弃。<0A>一旦放弃，心愿就会止步于此」<01>,[],layout_only,c50c84ae318809de1e0daca3b498a79dfa1b32b57f0cc6a96d8b47e60f16c4a5,de7931b35e829478b5d6effc8f45c268e5c5d3026c25b6160067c45644aa230c
pm:vm:photonmelodies11.rio.004:1617564412:00073644:00363,cvm,【月咏】「您说得对」<01>,[],layout_only,93049390b253e385f35f60bb8bdd6ca6cabeb89ff8bd07d85b3730aba835b7e9,0da76573b4e77b40ccb9e57158fb8e8bcb594d905b31b5fa89c41d23c176af13
pm:vm:photonmelodies11.rio.004:1617564412:00074008:00364,cvm,【悠阳】「让我们将御剑一族的使命再次铭刻于心，<0A>共同走过新的一年吧」<01>,[],layout_only,f52d74735b786d323ca9835a7df4b9a30b6288a669ad163fa15bc5ba2bc75063,91b59b71996c6b417480af1c1ad1d9e962a6a92ffd26db0150c9951e26f283da
pm:vm:photonmelodies11.rio.004:1617564412:00074248:00365,cvm,【冥夜、月咏】「是」<01>,[],layout_only,00b22ed2f83c6618e282a6534215d6dc15c2fa8f88ef3a87226381caf8f0eee5,010eb1596e915038cde07b4b89395c321760700aa6dc487c9773675be6d530bc
